id,name,regime_id/id,description
compliance_code_us_ear99,EAR99,product_trade_compliance.regime_us_ear,Items not otherwise specified - Low-level controls
compliance_code_us_0a001,0A001,product_trade_compliance.regime_us_ear,Nuclear reactors and specially designed equipment
compliance_code_us_1c010,1C010,product_trade_compliance.regime_us_ear,"Fibrous or filamentary materials (carbon, glass, aramid)"
compliance_code_us_3a001,3A001,product_trade_compliance.regime_us_ear,Electronic components and specially designed components
compliance_code_us_3a002,3A002,product_trade_compliance.regime_us_ear,General purpose electronic equipment
compliance_code_us_3a991,3A991,product_trade_compliance.regime_us_ear,Electronic devices not controlled by 3A001
compliance_code_us_3a992,3A992,product_trade_compliance.regime_us_ear,General purpose electronic equipment
compliance_code_us_4a003,4A003,product_trade_compliance.regime_us_ear,Digital computers and related equipment
compliance_code_us_4a994,4A994,product_trade_compliance.regime_us_ear,Computers not controlled by 4A003
compliance_code_us_4d994,4D994,product_trade_compliance.regime_us_ear,Software for computers
compliance_code_us_5a002,5A002,product_trade_compliance.regime_us_ear,Information security systems and equipment
compliance_code_us_5a992,5A992,product_trade_compliance.regime_us_ear,Telecommunications equipment
compliance_code_us_5d002,5D002,product_trade_compliance.regime_us_ear,Software for information security
compliance_code_us_5d992,5D992,product_trade_compliance.regime_us_ear,Software for telecommunications
compliance_code_us_6a003,6A003,product_trade_compliance.regime_us_ear,Cameras and optical sensors
compliance_code_us_6a993,6A993,product_trade_compliance.regime_us_ear,Cameras and equipment
compliance_code_us_7a003,7A003,product_trade_compliance.regime_us_ear,Inertial navigation systems and components
compliance_code_us_7a994,7A994,product_trade_compliance.regime_us_ear,Navigation equipment
compliance_code_us_8a002,8A002,product_trade_compliance.regime_us_ear,Marine systems and equipment
compliance_code_us_9a004,9A004,product_trade_compliance.regime_us_ear,Airborne equipment
compliance_code_us_9a991,9A991,product_trade_compliance.regime_us_ear,Aircraft and related equipment
compliance_code_eu_223000,ROOT,product_trade_compliance.regime_eu_dual,Annex I
compliance_code_eu_223001,0,product_trade_compliance.regime_eu_dual,"CATEGORY 0 - NUCLEAR MATERIALS, FACILITIES AND EQUIPMENT"
compliance_code_eu_223002,0A,product_trade_compliance.regime_eu_dual,"Systems, Equipment and Components"
compliance_code_eu_223003,0A001,product_trade_compliance.regime_eu_dual,"""Nuclear reactors"" and specially designed or prepared equipment and components therefor, as follows:"
compliance_code_eu_223004,0A001.a.,product_trade_compliance.regime_eu_dual,"""Nuclear reactors"";"
compliance_code_eu_223005,0A001.b.,product_trade_compliance.regime_eu_dual,"Metal vessels, or major shop-fabricated parts therefor, including the reactor vessel head for a reactor pressure vessel, specially designed or prepared to contain the core of a ""nuclear reactor"";"
compliance_code_eu_223006,0A001.c.,product_trade_compliance.regime_eu_dual,"Manipulative equipment specially designed or prepared for inserting or removing fuel in a ""nuclear reactor"";"
compliance_code_eu_223007,0A001.d.,product_trade_compliance.regime_eu_dual,"Control rods specially designed or prepared for the control of the fission process in a ""nuclear reactor"", support or suspension structures therefor, rod drive mechanisms and rod guide tubes;"
compliance_code_eu_223008,0A001.e.,product_trade_compliance.regime_eu_dual,"Pressure tubes specially designed or prepared to contain both fuel elements and the primary coolant in a ""nuclear reactor"";"
compliance_code_eu_223009,0A001.f.,product_trade_compliance.regime_eu_dual,"Zirconium metal tubes or zirconium alloy tubes (or assembles of tubes) specially designed or prepared for use as fuel cladding in a ""nuclear reactor"", and in quantities exceeding 10 kg;"
compliance_code_eu_223010,0A001.g.,product_trade_compliance.regime_eu_dual,"Coolant pumps or circulators specially designed or prepared for circulating the primary coolant of ""nuclear reactors"";"
compliance_code_eu_223011,0A001.h.,product_trade_compliance.regime_eu_dual,"‘Nuclear reactor internals’ specially designed or prepared for use in a ""nuclear reactor"", including support columns for the core, fuel channels, calandria tubes, thermal shields, baffles, core grid plates, and diffuser plates;"
compliance_code_eu_223012,0A001.i.,product_trade_compliance.regime_eu_dual,Heat exchangers as follows:
compliance_code_eu_223013,0A001.i.1,product_trade_compliance.regime_eu_dual,"Steam generators specially designed or prepared for the primary, or intermediate, coolant circuit of a ""nuclear reactor"";"
compliance_code_eu_223014,0A001.i.2,product_trade_compliance.regime_eu_dual,"Other heat exchangers specially designed or prepared for use in the primary coolant circuit of a ""nuclear reactor"";"
compliance_code_eu_223015,0A001.j.,product_trade_compliance.regime_eu_dual,"Neutron detectors specially designed or prepared for determining neutron flux levels within the core of a ""nuclear reactor"";"
compliance_code_eu_223016,0A001.k.,product_trade_compliance.regime_eu_dual,"‘External thermal shields’ specially designed or prepared for use in a ""nuclear reactor"" for the reduction of heat loss and also for the containment vessel protection."
compliance_code_eu_223017,0B,product_trade_compliance.regime_eu_dual,"Test, Inspection and Production Equipment"
compliance_code_eu_223018,0B001,product_trade_compliance.regime_eu_dual,"Plant for the separation of isotopes of ""natural uranium"", ""depleted uranium"" or ""special fissile materials"", and specially designed or prepared equipment and components therefor, as follows:"
compliance_code_eu_223019,0B001.a.,product_trade_compliance.regime_eu_dual,"Plant specially designed for separating isotopes of ""natural uranium"", ""depleted uranium"", or ""special fissile materials"", as follows:"
compliance_code_eu_223020,0B001.a.1.,product_trade_compliance.regime_eu_dual,Gas centrifuge separation plant;
compliance_code_eu_223021,0B001.a.2.,product_trade_compliance.regime_eu_dual,Gaseous diffusion separation plant;
compliance_code_eu_223022,0B001.a.3.,product_trade_compliance.regime_eu_dual,Aerodynamic separation plant;
compliance_code_eu_223023,0B001.a.4.,product_trade_compliance.regime_eu_dual,Chemical exchange separation plant;
compliance_code_eu_223024,0B001.a.5.,product_trade_compliance.regime_eu_dual,Ion-exchange separation plant;
compliance_code_eu_223025,0B001.a.6.,product_trade_compliance.regime_eu_dual,"Atomic vapour ""laser"" isotope separation plant;"
compliance_code_eu_223026,0B001.a.7.,product_trade_compliance.regime_eu_dual,"Molecular ""laser"" isotope separation plant;"
compliance_code_eu_223027,0B001.a.8.,product_trade_compliance.regime_eu_dual,Plasma separation plant;
compliance_code_eu_223028,0B001.a.9.,product_trade_compliance.regime_eu_dual,Electro magnetic separation plant;
compliance_code_eu_223029,0B001.b.,product_trade_compliance.regime_eu_dual,"Gas centrifuges and assemblies and components, specially designed or prepared for gas centrifuge separation process, as follows:"
compliance_code_eu_223030,0B001.b.1.,product_trade_compliance.regime_eu_dual,Gas centrifuges;
compliance_code_eu_223031,0B001.b.2.,product_trade_compliance.regime_eu_dual,Complete rotor assemblies;
compliance_code_eu_223032,0B001.b.3.,product_trade_compliance.regime_eu_dual,"Rotor tube cylinders with a wall thickness of 12 mm or less, a diameter of between 75 mm and 650 mm, made from ‘high strength-to-density ratio materials’;"
compliance_code_eu_223033,0B001.b.4.,product_trade_compliance.regime_eu_dual,"Rings or bellows with a wall thickness of 3 mm or less and a diameter of between 75 mm and 650 mm and designed to give local support to a rotor tube or to join a number together, made from ‘high strength-to-density ratio materials’;"
compliance_code_eu_223034,0B001.b.5.,product_trade_compliance.regime_eu_dual,"Baffles of between 75 mm and 650 mm diameter for mounting inside a rotor tube, made from ‘high strength-to-density ratio materials’;"
compliance_code_eu_223035,0B001.b.6.,product_trade_compliance.regime_eu_dual,"Top or bottom caps of between 75 mm and 650 mm diameter to fit the ends of a rotor tube, made from ‘high strength-to-density ratio materials’;"
compliance_code_eu_223036,0B001.b.7.,product_trade_compliance.regime_eu_dual,Magnetic suspension bearings as follows:
compliance_code_eu_223037,0B001.b.7.a.,product_trade_compliance.regime_eu_dual,"Bearing assemblies consisting of an annular magnet suspended within a housing made of or protected by ""materials resistant to corrosion by UF6"" containing a damping medium and having the magnet coupling with a pole piece or second magnet fitted to the top cap of the rotor;"
compliance_code_eu_223038,0B001.b.7.b.,product_trade_compliance.regime_eu_dual,Active magnetic bearings specially designed or prepared for use with gas centrifuges;
compliance_code_eu_223039,0B001.b.8.,product_trade_compliance.regime_eu_dual,Specially prepared bearings comprising a pivot-cup assembly mounted on a damper;
compliance_code_eu_223040,0B001.b.9.,product_trade_compliance.regime_eu_dual,Molecular pumps comprised of cylinders having internally machined or extruded helical grooves and internally machined bores;
compliance_code_eu_223041,0B001.b.10.,product_trade_compliance.regime_eu_dual,Ring-shaped motor stators for multiphase AC hysteresis (or reluctance) motors for synchronous operation within a vacuum at a frequency of 600 Hz or more and a power of 40 VA or more;
compliance_code_eu_223042,0B001.b.11.,product_trade_compliance.regime_eu_dual,"Centrifuge housing/recipients to contain the rotor tube assembly of a gas centrifuge, consisting of a rigid cylinder of wall thickness up to 30 mm with precision machined ends that are parallel to each other and perpendicular to the cylinder’s longitudinal axis to within 0,05° or less;"
compliance_code_eu_223043,0B001.b.12.,product_trade_compliance.regime_eu_dual,Scoops consisting of specially designed or prepared tubes for the extraction of UF6 gas from within the rotor tube by a Pitot tube action and capable of being fixed to the central gas extraction system;
compliance_code_eu_223044,0B001.b.13.,product_trade_compliance.regime_eu_dual,"Frequency changers (converters or inverters) specially designed or prepared to supply motor stators for gas centrifuge enrichment, having all of the following characteristics, and specially designed components therefor: a. A multiphase frequency output of 600 Hz or greater; and b. High stability (with frequency control better than 0,2 %);"
compliance_code_eu_223045,0B001.b.14.,product_trade_compliance.regime_eu_dual,Shut-off and control valves as follows:
compliance_code_eu_223046,0B001.b.14.a.,product_trade_compliance.regime_eu_dual,"Shut-off valves specially designed or prepared to act on the feed, product or tails UF6 gaseous streams of an individual gas centrifuge;"
compliance_code_eu_223047,0B001.b.14.b.,product_trade_compliance.regime_eu_dual,"Bellows-sealed valves, shut-off or control, made of or protected by ""materials resistant to corrosion by UF6"", with an inside diameter of 10 mm to 160 mm, specially designed or prepared for use in main or auxiliary systems of gas centrifuge enrichment plants;"
compliance_code_eu_223048,0B001.c.,product_trade_compliance.regime_eu_dual,"Equipment and components, specially designed or prepared for gaseous diffusion separation process, as follows:"
compliance_code_eu_223049,0B001.c.1.,product_trade_compliance.regime_eu_dual,"Gaseous diffusion barriers made of porous metallic, polymer or ceramic ""materials resistant to corrosion by UF6"" with a pore size of 10 to 100 nm, a thickness of 5 mm or less, and, for tubular forms, a diameter of 25 mm or less;"
compliance_code_eu_223050,0B001.c.2.,product_trade_compliance.regime_eu_dual,"Gaseous diffuser housings made of or protected by ""materials resistant to corrosion by UF6"";"
compliance_code_eu_223051,0B001.c.3.,product_trade_compliance.regime_eu_dual,"Compressors or gas blowers with a suction volume capacity of 1 m^3/min or more of UF6, with a discharge pressure up to 500 kPa, and having a pressure ratio of 10:1 or less, and made of or protected by ""materials resistant to corrosion by UF6"";"
compliance_code_eu_223052,0B001.c.4.,product_trade_compliance.regime_eu_dual,Rotary shaft seals for compressors or blowers specified in 0B001.c.3. and designed for a buffer gas in-leakage rate of less than 1 000 cm^3/min.;
compliance_code_eu_223053,0B001.c.5.,product_trade_compliance.regime_eu_dual,"Heat exchangers made of or protected by ""materials resistant to corrosion by UF6"", and designed for a leakage pressure rate of less than 10 Pa per hour under a pressure differential of 100 kPa;"
compliance_code_eu_223054,0B001.c.6.,product_trade_compliance.regime_eu_dual,"Bellows-sealed valves, manual or automated, shut-off or control, made of or protected by ""materials resistant to corrosion by UF6"";"
compliance_code_eu_223055,0B001.d.,product_trade_compliance.regime_eu_dual,"Equipment and components, specially designed or prepared for aerodynamic separation process, as follows:"
compliance_code_eu_223056,0B001.d.1.,product_trade_compliance.regime_eu_dual,"Separation nozzles consisting of slit-shaped, curved channels having a radius of curvature less than 1 mm, resistant to corrosion by UF6, and having a knife-edge contained within the nozzle which separates the gas flowing through the nozzle into two streams;"
compliance_code_eu_223057,0B001.d.2.,product_trade_compliance.regime_eu_dual,"Cylindrical or conical tubes, (vortex tubes), made of or protected by ""materials resistant to corrosion by UF6"" and with one or more tangential inlets;"
compliance_code_eu_223058,0B001.d.3.,product_trade_compliance.regime_eu_dual,"Compressors or gas blowers made of or protected by ""materials resistant to corrosion by UF6"", and rotary shaft seals therefor;"
compliance_code_eu_223059,0B001.d.4.,product_trade_compliance.regime_eu_dual,"Heat exchangers made of or protected by ""materials resistant to corrosion by UF6"";"
compliance_code_eu_223060,0B001.d.5.,product_trade_compliance.regime_eu_dual,"Separation element housings, made of or protected by ""materials resistant to corrosion by UF6"" to contain vortex tubes or separation nozzles;"
compliance_code_eu_223061,0B001.d.6.,product_trade_compliance.regime_eu_dual,"Bellows-sealed valves, manual or automated, shut-off or control, made of or protected by ""materials resistant to corrosion by UF6"", with a diameter of 40 mm or more;"
compliance_code_eu_223062,0B001.d.7.,product_trade_compliance.regime_eu_dual,"Process systems for separating UF6 from carrier gas (hydrogen or helium) to 1 ppm UF6 content or less, including:"
compliance_code_eu_223063,0B001.d.7.a.,product_trade_compliance.regime_eu_dual,Cryogenic heat exchangers and cryoseparators capable of temperatures of 153 K (– 120°C) or less;
compliance_code_eu_223064,0B001.d.7.b.,product_trade_compliance.regime_eu_dual,Cryogenic refrigeration units capable of temperatures of 153 K (– 120 °C) or less;
compliance_code_eu_223065,0B001.d.7.c.,product_trade_compliance.regime_eu_dual,Separation nozzle or vortex tube units for the separation of UF6 from carrier gas;
compliance_code_eu_223066,0B001.d.7.d.,product_trade_compliance.regime_eu_dual,UF6 cold traps capable of freezing out UF6;
compliance_code_eu_223067,0B001.e.,product_trade_compliance.regime_eu_dual,"Equipment and components, specially designed or prepared for chemical exchange separation process, as follows:"
compliance_code_eu_223068,0B001.e.1.,product_trade_compliance.regime_eu_dual,Fast-exchange liquid-liquid pulse columns with stage residence time of 30 s or less and resistant to concentrated hydrochloric acid (e.g. made of or protected by suitable plastic materials such as fluorinated hydrocarbon polymers or glass);
compliance_code_eu_223069,0B001.e.2.,product_trade_compliance.regime_eu_dual,Fast-exchange liquid-liquid centrifugal contactors with stage residence time of 30 s or less and resistant to concentrated hydrochloric acid (e.g. made of or protected by suitable plastic materials such as fluorinated hydrocarbon polymers or glass);
compliance_code_eu_223070,0B001.e.3.,product_trade_compliance.regime_eu_dual,"Electrochemical reduction cells resistant to concentrated hydrochloric acid solutions, for reduction of uranium from one valence state to another;"
compliance_code_eu_223071,0B001.e.4.,product_trade_compliance.regime_eu_dual,"Electrochemical reduction cells feed equipment to take U^+4 from the organic stream and, for those parts in contact with the process stream, made of or protected by suitable materials (e.g. glass, fluorocarbon polymers, polyphenyl sulphate, polyether sulfone and resin-impregnated graphite);"
compliance_code_eu_223072,0B001.e.5.,product_trade_compliance.regime_eu_dual,"Feed preparation systems for producing high purity uranium chloride solution consisting of dissolution, solvent extraction and/or ion exchange equipment for purification and electrolytic cells for reducing the uranium U^+6 or U^+4 to U^+3;"
compliance_code_eu_223073,0B001.e.6.,product_trade_compliance.regime_eu_dual,Uranium oxidation systems for oxidation of U^+3 to U^+4;
compliance_code_eu_223074,0B001.f.,product_trade_compliance.regime_eu_dual,"Equipment and components, specially designed or prepared for ion-exchange separation process, as follows:"
compliance_code_eu_223075,0B001.f.1.,product_trade_compliance.regime_eu_dual,"Fast reacting ion-exchange resins, pellicular or porous macro-reticulated resins in which the active chemical exchange groups are limited to a coating on the surface of an inactive porous support structure, and other composite structures in any suitable form, including particles or fibres, with diameters of 0,2 mm or less, resistant to concentrated hydrochloric acid and designed to have an exchange rate half-time of less than 10 s and capable of operating at temperatures in the range of 373 K (100 °C) to 473 K (200 °C);"
compliance_code_eu_223076,0B001.f.2.,product_trade_compliance.regime_eu_dual,"Ion exchange columns (cylindrical) with a diameter greater than 1 000 mm, made of or protected by materials resistant to concentrated hydrochloric acid (e.g. titanium or fluorocarbon plastics) and capable of operating at temperatures in the range of 373 K (100 °C) to 473 K (200 °C) and pressures above 0,7 MPa;"
compliance_code_eu_223077,0B001.f.3.,product_trade_compliance.regime_eu_dual,Ion exchange reflux systems (chemical or electrochemical oxidation or reduction systems) for regeneration of the chemical reducing or oxidizing agents used in ion exchange enrichment cascades;
compliance_code_eu_223078,0B001.g.,product_trade_compliance.regime_eu_dual,"Equipment and components, specially designed or prepared for laser-based separation processes using atomic vapour laser isotope separation, as follows:"
compliance_code_eu_223079,0B001.g.1.,product_trade_compliance.regime_eu_dual,Uranium metal vaporization systems designed to achieve a delivered power of 1 kW or more on the target for use in laser enrichment;
compliance_code_eu_223080,0B001.g.2.,product_trade_compliance.regime_eu_dual,"Liquid or vapour uranium metal handling systems specially designed or prepared for handling molten uranium, molten uranium alloys or uranium metal vapour for use in laser enrichment, and specially designed components therefor;"
compliance_code_eu_223081,0B001.g.3.,product_trade_compliance.regime_eu_dual,"Product and tails collector assemblies for collecting uranium metal in liquid or solid form, made of or protected by materials resistant to the heat and corrosion of uranium metal vapour or liquid, such as yttria-coated graphite or tantalum;"
compliance_code_eu_223082,0B001.g.4.,product_trade_compliance.regime_eu_dual,"Separator module housings (cylindrical or rectangular vessels) for containing the uranium metal vapour source, the electron beam gun and the product and tails collectors;"
compliance_code_eu_223083,0B001.g.5.,product_trade_compliance.regime_eu_dual,"""Lasers"" or ""laser"" systems specially designed or prepared for the separation of uranium isotopes with a spectrum frequency stabilisation for operation over extended periods of time;"
compliance_code_eu_223084,0B001.h.,product_trade_compliance.regime_eu_dual,"Equipment and components, specially designed or prepared for laser-based separation processes using molecular laser isotope separation, as follows:"
compliance_code_eu_223085,0B001.h.1.,product_trade_compliance.regime_eu_dual,"Supersonic expansion nozzles for cooling mixtures of UF6 and carrier gas to 150 K (– 123 °C) or less and made from ""materials resistant to corrosion by UF6"";"
compliance_code_eu_223086,0B001.h.2.,product_trade_compliance.regime_eu_dual,"Product or tails collector components or devices specially designed or prepared for collecting uranium material or uranium tails material following illumination with laser light, made of ""materials resistant to corrosion by UF6"";"
compliance_code_eu_223087,0B001.h.3.,product_trade_compliance.regime_eu_dual,"Compressors made of or protected by ""materials resistant to corrosion by UF6"", and rotary shaft seals therefor;"
compliance_code_eu_223088,0B001.h.4.,product_trade_compliance.regime_eu_dual,Equipment for fluorinating UF5 (solid) to UF6 (gas);
compliance_code_eu_223089,0B001.h.5.,product_trade_compliance.regime_eu_dual,"Process systems for separating UF6 from carrier gas (e.g. nitrogen, argon or other gas) including:"
compliance_code_eu_223090,0B001.h.5.a.,product_trade_compliance.regime_eu_dual,Cryogenic heat exchangers and cryoseparators capable of temperatures of 153 K (– 120 °C) or less;
compliance_code_eu_223091,0B001.h.5.b.,product_trade_compliance.regime_eu_dual,Cryogenic refrigeration units capable of temperatures of 153 K (– 120 °C) or less;
compliance_code_eu_223092,0B001.h.5.c.,product_trade_compliance.regime_eu_dual,UF6 cold traps capable of freezing out UF6;
compliance_code_eu_223093,0B001.h.6.,product_trade_compliance.regime_eu_dual,"""Lasers"" or ""laser"" systems specially designed or prepared for the separation of uranium isotopes with a spectrum frequency stabilisation for operation over extended periods of time;"
compliance_code_eu_223094,0B001.i.,product_trade_compliance.regime_eu_dual,"Equipment and components, specially designed or prepared for plasma separation process, as follows:"
compliance_code_eu_223095,0B001.i.1.,product_trade_compliance.regime_eu_dual,"Microwave power sources and antennae for producing or accelerating ions, with an output frequency greater than 30 GHz and mean power output greater than 50 kW;"
compliance_code_eu_223096,0B001.i.2.,product_trade_compliance.regime_eu_dual,Radio frequency ion excitation coils for frequencies of more than 100 kHz and capable of handling more than 40 kW mean power;
compliance_code_eu_223097,0B001.i.3.,product_trade_compliance.regime_eu_dual,Uranium plasma generation systems;
compliance_code_eu_223098,0B001.i.4.,product_trade_compliance.regime_eu_dual,Not used;
compliance_code_eu_223099,0B001.i.5.,product_trade_compliance.regime_eu_dual,"Product and tails collector assemblies for uranium metal in solid form, made of or protected by materials resistant to the heat and corrosion of uranium vapour such as yttria-coated graphite or tantalum;"
compliance_code_eu_223100,0B001.i.6.,product_trade_compliance.regime_eu_dual,"Separator module housings (cylindrical) for containing the uranium plasma source, radio-frequency drive coil and the product and tails collectors and made of a suitable non-magnetic material (e.g. stainless steel);"
compliance_code_eu_223101,0B001.j.,product_trade_compliance.regime_eu_dual,"Equipment and components, specially designed or prepared for electromagnetic separation process, as follows:"
compliance_code_eu_223102,0B001.j.1.,product_trade_compliance.regime_eu_dual,"Ion sources, single or multiple, consisting of a vapour source, ioniser, and beam accelerator made of suitable non-magnetic materials (e.g. graphite, stainless steel, or copper) and capable of providing a total ion beam current of 50 mA or greater;"
compliance_code_eu_223103,0B001.j.2.,product_trade_compliance.regime_eu_dual,"Ion collector plates for collection of enriched or depleted uranium ion beams, consisting of two or more slits and pockets and made of suitable non-magnetic materials (e.g. graphite or stainless steel);"
compliance_code_eu_223104,0B001.j.3.,product_trade_compliance.regime_eu_dual,"Vacuum housings for uranium electromagnetic separators made of non-magnetic materials (e.g. stainless steel) and designed to operate at pressures of 0,1 Pa or lower;"
compliance_code_eu_223105,0B001.j.4.,product_trade_compliance.regime_eu_dual,Magnet pole pieces with a diameter greater than 2 m;
compliance_code_eu_223106,0B001.j.5.,product_trade_compliance.regime_eu_dual,"High voltage power supplies for ion sources, having all of the following characteristics: a. Capable of continuous operation; b. Output voltage of 20 000 V or greater; c. Output current of 1 A or greater; and d. Voltage regulation of better than 0,01 % over a period of 8 hours;"
compliance_code_eu_223107,0B001.j.6.,product_trade_compliance.regime_eu_dual,"Magnet power supplies (high power, direct current) having all of the following characteristics: a. Capable of continuous operation with a current output of 500 A or greater at a voltage of 100 V or greater; and b. Current or voltage regulation better than 0,01 % over a period of 8 hours."
compliance_code_eu_223108,0B002,product_trade_compliance.regime_eu_dual,"Specially designed or prepared auxiliary systems, equipment and components as follows, for isotope separation plant specified in 0B001, made of or protected by ""materials resistant to corrosion by UF6"":"
compliance_code_eu_223109,0B002.a.,product_trade_compliance.regime_eu_dual,"Feed autoclaves, ovens or systems used for passing UF6 to the enrichment process;"
compliance_code_eu_223110,0B002.b.,product_trade_compliance.regime_eu_dual,"Desublimers or cold traps, used to remove UF6 from the enrichment process for subsequent transfer upon heating;"
compliance_code_eu_223111,0B002.c.,product_trade_compliance.regime_eu_dual,Product and tails stations for transferring UF6 into containers;
compliance_code_eu_223112,0B002.d.,product_trade_compliance.regime_eu_dual,"Liquefaction or solidification stations used to remove UF6 from the enrichment process by compressing, cooling and converting UF6 to a liquid or solid form;"
compliance_code_eu_223113,0B002.e.,product_trade_compliance.regime_eu_dual,"Piping systems and header systems specially designed or prepared for handling UF6 within gaseous diffusion, centrifuge or aerodynamic cascades;"
compliance_code_eu_223114,0B002.f.,product_trade_compliance.regime_eu_dual,Vacuum systems and pumps as follows:
compliance_code_eu_223115,0B002.f.1.,product_trade_compliance.regime_eu_dual,"Vacuum manifolds, vacuum headers or vacuum pumps having a suction capacity of 5 m^3/minute or more;"
compliance_code_eu_223116,0B002.f.2.,product_trade_compliance.regime_eu_dual,"Vacuum pumps specially designed for use in UF6 bearing atmospheres made of, or protected by, ""materials resistant to corrosion by UF6""; or"
compliance_code_eu_223117,0B002.f.3.,product_trade_compliance.regime_eu_dual,"Vacuum systems consisting of vacuum manifolds, vacuum headers and vacuum pumps, and designed for service in UF6-bearing atmospheres;"
compliance_code_eu_223118,0B002.g.,product_trade_compliance.regime_eu_dual,"UF6 mass spectrometers/ion sources capable of taking on-line samples from UF6 gas streams and having all of the following characteristics: 1. Capable of measuring ions of 320 atomic mass units or greater and having a resolution of better than 1 part in 320; 2. Ion sources constructed of or protected by nickel, nickel-copper alloys with a nickel content of 60 % or more by weight, or nickel-chrome alloys; 3. Electron bombardment ionisation sources; and 4. Having a collector system suitable for isotopic analysis."
compliance_code_eu_223119,0B003,product_trade_compliance.regime_eu_dual,"Plant for the conversion of uranium and equipment specially designed or prepared therefor, as follows:"
compliance_code_eu_223120,0B003.a.,product_trade_compliance.regime_eu_dual,Systems for the conversion of uranium ore concentrates to UO3;
compliance_code_eu_223121,0B003.b.,product_trade_compliance.regime_eu_dual,Systems for the conversion of UO3 to UF6;
compliance_code_eu_223122,0B003.c.,product_trade_compliance.regime_eu_dual,Systems for the conversion of UO3 to UO2;
compliance_code_eu_223123,0B003.d.,product_trade_compliance.regime_eu_dual,Systems for the conversion of UO2 to UF4;
compliance_code_eu_223124,0B003.e.,product_trade_compliance.regime_eu_dual,Systems for the conversion of UF4 to UF6;
compliance_code_eu_223125,0B003.f.,product_trade_compliance.regime_eu_dual,Systems for the conversion of UF4 to uranium metal;
compliance_code_eu_223126,0B003.g.,product_trade_compliance.regime_eu_dual,Systems for the conversion of UF6 to UO2;
compliance_code_eu_223127,0B003.h.,product_trade_compliance.regime_eu_dual,Systems for the conversion of UF6 to UF4;
compliance_code_eu_223128,0B003.i.,product_trade_compliance.regime_eu_dual,Systems for the conversion of UO2 to UCl4.
compliance_code_eu_223129,0B004,product_trade_compliance.regime_eu_dual,"Plant for the production or concentration of heavy water, deuterium and deuterium compounds and specially designed or prepared equipment and components therefor, as follows:"
compliance_code_eu_223130,0B004.a.,product_trade_compliance.regime_eu_dual,"Plant for the production of heavy water, deuterium or deuterium compounds, as follows:"
compliance_code_eu_223131,0B004.a.1.,product_trade_compliance.regime_eu_dual,Water-hydrogen sulphide exchange plants;
compliance_code_eu_223132,0B004.a.2.,product_trade_compliance.regime_eu_dual,Ammonia-hydrogen exchange plants;
compliance_code_eu_223133,0B004.a.3.,product_trade_compliance.regime_eu_dual,Combined  Electrolysis and Catalytic Exchange (CECE) plants;
compliance_code_eu_223134,0B004.a.4.,product_trade_compliance.regime_eu_dual,Combined Industrial Reforming and Catalytic Exchange (CIRCE) plants;
compliance_code_eu_223135,0B004.a.5.,product_trade_compliance.regime_eu_dual,Bithermal Hydrogen-Water exchange (BHW) plants;
compliance_code_eu_223136,0B004.b.,product_trade_compliance.regime_eu_dual,"Equipment and components, as follows:"
compliance_code_eu_223137,0B004.b.1.,product_trade_compliance.regime_eu_dual,"Water-hydrogen sulphide exchange towers with diameters of 1,5 m or more, capable of operating at pressures greater than or equal to 2 MPa;"
compliance_code_eu_223138,0B004.b.2.,product_trade_compliance.regime_eu_dual,"Single stage, low head (i.e., 0,2 MPa) centrifugal blowers or compressors for hydrogen sulphide gas circulation (i.e., gas containing more than 70 % by weight hydrogen sulphide, H2S) with a throughput capacity greater than or equal to 5 m^3/s when operating at pressures greater than or equal to 1,8 MPa suction and having seals designed for wet H2S service;"
compliance_code_eu_223139,0B004.b.3.,product_trade_compliance.regime_eu_dual,"Ammonia-hydrogen exchange towers greater than or equal to 35 m in height with diameters of 1,5 m or greater capable of operating at pressures greater than 15 MPa;"
compliance_code_eu_223140,0B004.b.4.,product_trade_compliance.regime_eu_dual,"Tower internals, including stage contactors, and stage pumps, including those which are submersible, for heavy water production utilising the ammonia-hydrogen exchange process;"
compliance_code_eu_223141,0B004.b.5.,product_trade_compliance.regime_eu_dual,Ammonia crackers with operating pressures greater than or equal to 3 MPa for heavy water production utilising the ammonia-hydrogen exchange process;
compliance_code_eu_223142,0B004.b.6.,product_trade_compliance.regime_eu_dual,Not used;
compliance_code_eu_223143,0B004.b.7.,product_trade_compliance.regime_eu_dual,Catalytic burners for the conversion of enriched deuterium gas into heavy water utilising the ammonia-hydrogen exchange process;
compliance_code_eu_223144,0B004.b.8.,product_trade_compliance.regime_eu_dual,"Complete heavy water finishing  units, upgrade systems, or columns with diameters of 0.1 m or greater therefor, for the upgrade of heavy water to reactor-grade deuterium concentration"
compliance_code_eu_223145,0B004.b.9.,product_trade_compliance.regime_eu_dual,Ammonia synthesis converters or synthesis units specially designed or prepared for heavy water production utilising the ammonia-hydrogen exchange process.
compliance_code_eu_223146,0B004.b.10.,product_trade_compliance.regime_eu_dual,Complete columns  or towers specially designed or prepared for hydrogen isotope exchange having all of the following: 1. Packed with random or structured wet-proofed platinised catalysts; 2. Constructed of carbon steel or stainless steel; 3. Capable of operating with pressure in the range of 0.1 to 4 MPa; and 4. Capable of operating at temperatures in the range of 293 K (20°C) to 473 K (200°C).
compliance_code_eu_223147,0B005,product_trade_compliance.regime_eu_dual,"Plant specially designed for the fabrication of ""nuclear reactor"" fuel elements and specially designed or prepared equipment therefor."
compliance_code_eu_223148,0B006,product_trade_compliance.regime_eu_dual,"Plant for the reprocessing of irradiated ""nuclear reactor"" fuel elements, and specially designed or prepared equipment and components therefor."
compliance_code_eu_223149,0B007,product_trade_compliance.regime_eu_dual,"Plant for the conversion of plutonium and equipment specially designed or prepared therefor, as follows:"
compliance_code_eu_223150,0B007.a.,product_trade_compliance.regime_eu_dual,Systems for the conversion of plutonium nitrate to oxide;
compliance_code_eu_223151,0B007.b.,product_trade_compliance.regime_eu_dual,Systems for plutonium metal production.
compliance_code_eu_223152,0C,product_trade_compliance.regime_eu_dual,Materials
compliance_code_eu_223153,0C001,product_trade_compliance.regime_eu_dual,"""Natural uranium"" or ""depleted uranium"" or thorium in the form of metal, alloy, chemical compound or concentrate and any other material containing one or more of the foregoing;"
compliance_code_eu_223154,0C002,product_trade_compliance.regime_eu_dual,"""Special fissile materials"""
compliance_code_eu_223155,0C003,product_trade_compliance.regime_eu_dual,"Deuterium, heavy water (deuterium oxide) and other compounds of deuterium, and mixtures and solutions containing deuterium, in which the isotopic ratio of deuterium to hydrogen exceeds 1:5 000."
compliance_code_eu_223156,0C004,product_trade_compliance.regime_eu_dual,"Graphite having a purity level better than 5 parts per million ‘boron equivalent’ and with a density greater than 1,50 g/cm^3 for use in a ""nuclear reactor"", in quantities exceeding 1 kg."
compliance_code_eu_223157,0C005,product_trade_compliance.regime_eu_dual,"Specially prepared compounds or powders for the manufacture of gaseous diffusion barriers, resistant to corrosion by UF6 (e.g. nickel or alloys containing 60 % by weight or more nickel, aluminium oxide and fully fluorinated hydrocarbon polymers), having a purity of 99,9 % by weight or more and a particle size less than 10 μm measured by ASTM B330 standard and a high degree of particle size uniformity."
compliance_code_eu_223158,0D,product_trade_compliance.regime_eu_dual,Software
compliance_code_eu_223159,0D001,product_trade_compliance.regime_eu_dual,"""Software"" specially designed or modified for the ""development"", ""production"" or ""use"" of goods specified in this Category."
compliance_code_eu_223160,0E,product_trade_compliance.regime_eu_dual,Technology
compliance_code_eu_223161,0E001,product_trade_compliance.regime_eu_dual,"""Technology"" according to the Nuclear Technology Note for the ""development"", ""production"" or ""use"" of goods specified in this Category."
compliance_code_eu_223162,1,product_trade_compliance.regime_eu_dual,CATEGORY 1 – SPECIAL MATERIALS AND RELATED EQUIPMENT
compliance_code_eu_223163,1A,product_trade_compliance.regime_eu_dual,"Systems, Equipment and Components"
compliance_code_eu_223164,1A001,product_trade_compliance.regime_eu_dual,"Components made from fluorinated compounds, as follows:"
compliance_code_eu_223165,1A001.a.,product_trade_compliance.regime_eu_dual,"Seals, gaskets, sealants or fuel bladders, specially designed for ""aircraft"" or aerospace use, made from more than 50 % by weight of any of the materials specified in 1C009.b. or 1C009.c.;"
compliance_code_eu_223166,1A001.b.,product_trade_compliance.regime_eu_dual,Not used;
compliance_code_eu_223167,1A001.c.,product_trade_compliance.regime_eu_dual,Not used.
compliance_code_eu_223168,1A002,product_trade_compliance.regime_eu_dual,"""Composite"" structures or laminates, as follows:"
compliance_code_eu_223169,1A002.a.,product_trade_compliance.regime_eu_dual,Made from any of the following:
compliance_code_eu_223170,1A002.a.1.,product_trade_compliance.regime_eu_dual,"An organic ""matrix"" and ""fibrous or filamentary materials"" specified in 1C010.c. or 1C010.d.: or"
compliance_code_eu_223171,1A002.a.2.,product_trade_compliance.regime_eu_dual,Prepregs or preforms specified in 1C010.e.;
compliance_code_eu_223172,1A002.b.,product_trade_compliance.regime_eu_dual,"Made from a metal or carbon ""matrix"", and any of the following:"
compliance_code_eu_223173,1A002.b.1.,product_trade_compliance.regime_eu_dual,"Carbon ""fibrous or filamentary materials"" having all of the following: a. A ""specific modulus"" exceeding 10,15 × 10^6 m; and b. A ""specific tensile strength"" exceeding 17,7 × 10^4 m; or"
compliance_code_eu_223174,1A002.b.2.,product_trade_compliance.regime_eu_dual,Materials specified in 1C010.c.
compliance_code_eu_223175,1A003,product_trade_compliance.regime_eu_dual,"Manufactures of non-""fusible"" aromatic polyimides in film, sheet, tape or ribbon form having any of the following:"
compliance_code_eu_223176,1A003.a.,product_trade_compliance.regime_eu_dual,"A thickness exceeding 0,254 mm; or"
compliance_code_eu_223177,1A003.b.,product_trade_compliance.regime_eu_dual,"Coated or laminated with carbon, graphite, metals or magnetic substances."
compliance_code_eu_223178,1A004,product_trade_compliance.regime_eu_dual,"Protective and detection equipment and components not specially designed for military use, as follows:"
compliance_code_eu_223179,1A004.a.,product_trade_compliance.regime_eu_dual,"Full face masks, filter canisters and decontamination equipment therefor, designed or modified for defence against any of the following, and specially designed components therefor:"
compliance_code_eu_223180,1A004.a.1.,product_trade_compliance.regime_eu_dual,"""Biological agents"";"
compliance_code_eu_223181,1A004.a.2.,product_trade_compliance.regime_eu_dual,‘Radioactive materials’;
compliance_code_eu_223182,1A004.a.3.,product_trade_compliance.regime_eu_dual,Chemical warfare (CW) agents; or
compliance_code_eu_223183,1A004.a.4.,product_trade_compliance.regime_eu_dual,"""Riot control agents"", including:"
compliance_code_eu_223184,1A004.a.4.a.,product_trade_compliance.regime_eu_dual,"α-Bromobenzeneacetonitrile, (Bromobenzyl cyanide) (CA) (CAS 5798-79-8);"
compliance_code_eu_223185,1A004.a.4.b.,product_trade_compliance.regime_eu_dual,"[(2-Chlorophenyl) methylene] propanedinitrile, (o-Chlorobenzylidenemalononitrile) (CS) (CAS 2698-41-1);"
compliance_code_eu_223186,1A004.a.4.c.,product_trade_compliance.regime_eu_dual,"2-Chloro-1-phenylethanone, Phenylacyl chloride (ω-chloroacetophenone) (CN) (CAS 532-27-4);"
compliance_code_eu_223187,1A004.a.4.d.,product_trade_compliance.regime_eu_dual,"Dibenz-(b,f)-1,4-oxazephine (CR) (CAS 257-07-8);"
compliance_code_eu_223188,1A004.a.4.e.,product_trade_compliance.regime_eu_dual,"10-Chloro-5,10-dihydrophenarsazine, (Phenarsazine chloride), (Adamsite), (DM) (CAS 578-94-9);"
compliance_code_eu_223189,1A004.a.4.f.,product_trade_compliance.regime_eu_dual,"N-Nonanoylmorpholine, (MPA) (CAS 5299-64-9);"
compliance_code_eu_223190,1A004.b.,product_trade_compliance.regime_eu_dual,"Protective suits, gloves and shoes, specially designed or modified for defence against any of the following:"
compliance_code_eu_223191,1A004.b.1.,product_trade_compliance.regime_eu_dual,"""Biological agents"";"
compliance_code_eu_223192,1A004.b.2.,product_trade_compliance.regime_eu_dual,‘Radioactive materials’; or
compliance_code_eu_223193,1A004.b.3.,product_trade_compliance.regime_eu_dual,Chemical warfare (CW) agents;
compliance_code_eu_223194,1A004.c.,product_trade_compliance.regime_eu_dual,"Detection systems, specially designed or modified for detection or identification of any of the following, and specially designed components therefor:"
compliance_code_eu_223195,1A004.c.1.,product_trade_compliance.regime_eu_dual,"""Biological agents"";"
compliance_code_eu_223196,1A004.c.2.,product_trade_compliance.regime_eu_dual,‘Radioactive materials’; or
compliance_code_eu_223197,1A004.c.3.,product_trade_compliance.regime_eu_dual,Chemical warfare (CW) agents;
compliance_code_eu_223198,1A004.d.,product_trade_compliance.regime_eu_dual,"Electronic equipment designed for automatically detecting or identifying the presence of ""explosives"" residues and utilising ‘trace detection’ techniques (e.g., surface acoustic wave, ion mobility spectrometry, differential mobility spectrometry, mass spectrometry)."
compliance_code_eu_223199,1A005,product_trade_compliance.regime_eu_dual,"Body armour and components therefor, as follows:"
compliance_code_eu_223200,1A005.a.,product_trade_compliance.regime_eu_dual,"Soft body armour not manufactured to military standards or specifications, or to their equivalents, and specially designed components therefor;"
compliance_code_eu_223201,1A005.b.,product_trade_compliance.regime_eu_dual,"Hard body armour plates providing ballistic protection equal to or less than level IIIA (NIJ 0101.06, July 2008), or ""equivalent standards""."
compliance_code_eu_223202,1A006,product_trade_compliance.regime_eu_dual,"Equipment, specially designed or modified for the disposal of Improvised Explosive Devices (IEDs), as follows, and specially designed components and accessories therefor:"
compliance_code_eu_223203,1A006.a.,product_trade_compliance.regime_eu_dual,Remotely operated vehicles;
compliance_code_eu_223204,1A006.b.,product_trade_compliance.regime_eu_dual,‘Disruptors’.
compliance_code_eu_223205,1A007,product_trade_compliance.regime_eu_dual,"Equipment and devices, specially designed to initiate charges and devices containing ""energetic materials"", by electrical means, as follows:"
compliance_code_eu_223206,1A007.a.,product_trade_compliance.regime_eu_dual,Explosive detonator firing sets designed to drive explosive detonators specified in 1A007.b.;
compliance_code_eu_223207,1A007.b.,product_trade_compliance.regime_eu_dual,Electrically driven explosive detonators as follows:
compliance_code_eu_223208,1A007.b.1.,product_trade_compliance.regime_eu_dual,Exploding bridge (EB);
compliance_code_eu_223209,1A007.b.2.,product_trade_compliance.regime_eu_dual,Exploding bridge wire (EBW);
compliance_code_eu_223210,1A007.b.3.,product_trade_compliance.regime_eu_dual,Slapper;
compliance_code_eu_223211,1A007.b.4.,product_trade_compliance.regime_eu_dual,Exploding foil initiators (EFI).
compliance_code_eu_223212,1A008,product_trade_compliance.regime_eu_dual,"Charges, devices and components, as follows:"
compliance_code_eu_223213,1A008.a.,product_trade_compliance.regime_eu_dual,‘Shaped charges’ having all of the following: 1. Net Explosive Quantity (NEQ) greater than 90 g; and 2. Outer casing diameter equal to or greater than 75 mm;
compliance_code_eu_223214,1A008.b.,product_trade_compliance.regime_eu_dual,"Linear shaped cutting charges having all of the following, and specially designed components therefor: 1. An explosive load greater than 40 g/m; and 2. A width of 10 mm or more;"
compliance_code_eu_223215,1A008.c.,product_trade_compliance.regime_eu_dual,Detonating cord with explosive core load greater than 64 g/m;
compliance_code_eu_223216,1A008.d.,product_trade_compliance.regime_eu_dual,"Cutters, other than those specified in 1A008.b., and severing tools, having a Net Explosive Quantity (NEQ) greater than 3,5 kg."
compliance_code_eu_223217,1A102,product_trade_compliance.regime_eu_dual,Resaturated pyrolised carbon-carbon components designed for space launch vehicles specified in 9A004 or sounding rockets specified in 9A104.
compliance_code_eu_223218,1A202,product_trade_compliance.regime_eu_dual,"Composite  structures, other than those specified in 1A002, in the form of thin-walled tubes and having all of the following characteristics: a. An inside diameter of between 75 mm and 650 mm;  b. A thickness of 12 mm or less; and c. Made with any of the ""fibrous or filamentary materials"" specified in 1C010.a. or b. or 1C210.a. or with carbon prepreg materials specified in 1C210.c."
compliance_code_eu_223219,1A225,product_trade_compliance.regime_eu_dual,Wet-proofed platinized catalysts specially designed or prepared for promoting the hydrogen isotope exchange reaction between hydrogen and water for the recovery of tritium from water or for the production or upgrading of heavy water.
compliance_code_eu_223220,1A226,product_trade_compliance.regime_eu_dual,"Specialised packings which may be used in separating heavy water from ordinary water, having both of the following characteristics: a. Made of phosphor bronze mesh chemically treated to improve wettability; and b. Designed to be used in vacuum distillation towers."
compliance_code_eu_223221,1A227,product_trade_compliance.regime_eu_dual,"High-density (lead glass or other) radiation shielding windows, having all of the following characteristics, and specially designed frames therefor: a. A ‘cold area’ greater than 0,09 m^2; b. A density greater than 3 g/cm^3; and c. A thickness of 100 mm or greater."
compliance_code_eu_223222,1B,product_trade_compliance.regime_eu_dual,"Test, Inspection and Production Equipment"
compliance_code_eu_223223,1B001,product_trade_compliance.regime_eu_dual,"Equipment designed for the ""production"" of ""composite"" structures or laminates or ""fibrous or filamentary materials"", as follows, and specially designed components and accessories therefor:"
compliance_code_eu_223224,1B001.a.,product_trade_compliance.regime_eu_dual,"Filament winding machines, of which the motions for positioning, wrapping and winding fibres are coordinated and programmed in three or more ‘primary servo positioning’ axes, specially designed for the manufacture of ""composite"" structures or laminates, from ""fibrous or filamentary materials"";"
compliance_code_eu_223225,1B001.b.,product_trade_compliance.regime_eu_dual,"‘Tape-laying machines’, of which the motions for positioning and laying tape are coordinated and programmed in five or more ‘primary servo positioning’ axes, specially designed for the manufacture of ""composite"" airframe or ‘missile’ structures;"
compliance_code_eu_223226,1B001.c.,product_trade_compliance.regime_eu_dual,"Multidirectional, multidimensional weaving machines or interlacing machines, including adapters and modification kits, specially designed or modified for weaving, interlacing or braiding fibres, for ""composite"" structures;"
compliance_code_eu_223227,1B001.d.,product_trade_compliance.regime_eu_dual,"Equipment specially designed or modified for the ""production"" of ""fibrous or filamentary materials"" specified by 1C010, as follows:"
compliance_code_eu_223228,1B001.d.1.,product_trade_compliance.regime_eu_dual,"Equipment for converting polymeric fibres (such as polyacrylonitrile, rayon, pitch or polycarbosilane) into carbon fibres or silicon carbide fibres, including special equipment to strain the fibre during heating;"
compliance_code_eu_223229,1B001.d.2.,product_trade_compliance.regime_eu_dual,"Equipment for the chemical vapour deposition of elements or compounds, on heated filamentary substrates, to manufacture silicon carbide fibres;"
compliance_code_eu_223230,1B001.d.3.,product_trade_compliance.regime_eu_dual,Equipment for the wet-spinning of refractory ceramics (such as aluminium oxide);
compliance_code_eu_223231,1B001.d.4.,product_trade_compliance.regime_eu_dual,Equipment for converting aluminium containing precursor fibres into alumina fibres by heat treatment;
compliance_code_eu_223232,1B001.e.,product_trade_compliance.regime_eu_dual,"Equipment specially designed or modified for the production of prepregs by the ""hot melt method"";"
compliance_code_eu_223233,1B001.f.,product_trade_compliance.regime_eu_dual,"Non-destructive inspection equipment specially designed for ""composite"" materials, as follows:"
compliance_code_eu_223234,1B001.f.1.,product_trade_compliance.regime_eu_dual,X-ray tomography systems for three dimensional defect inspection;
compliance_code_eu_223235,1B001.f.2.,product_trade_compliance.regime_eu_dual,Numerically controlled ultrasonic testing machines of which the motions for positioning transmitters or receivers are simultaneously coordinated and programmed in four or more axes to follow the three dimensional contours of the component under inspection;
compliance_code_eu_223236,1B001.g.,product_trade_compliance.regime_eu_dual,"‘Tow-placement machines’, of which the motions for positioning and laying tows are coordinated and programmed in two or more ‘primary servo positioning’ axes, specially designed for the manufacture of ""composite"" airframe or ‘missile’ structures."
compliance_code_eu_223237,1B002,product_trade_compliance.regime_eu_dual,"Equipment designed to produce metal alloy powder or particulate materials, and having all of the following: a. Specially designed to avoid contamination; and b. Specially designed for use in one of the processes specified in 1C002.c.2."
compliance_code_eu_223238,1B003,product_trade_compliance.regime_eu_dual,"Tools, dies, moulds or fixtures, for ""superplastic forming"" or ""diffusion bonding"" titanium, aluminium or their alloys, specially designed for the manufacture of any of the following:"
compliance_code_eu_223239,1B003.a.,product_trade_compliance.regime_eu_dual,Airframe or aerospace structures;
compliance_code_eu_223240,1B003.b.,product_trade_compliance.regime_eu_dual,"""Aircraft"" or aerospace engines; or"
compliance_code_eu_223241,1B003.c.,product_trade_compliance.regime_eu_dual,Specially designed components for structures specified in 1B003.a. or for engines specified in 1B003.b.
compliance_code_eu_223242,1B101,product_trade_compliance.regime_eu_dual,"Equipment, other than that specified in 1B001, for the ""production"" of structural composites as follows; and specially designed components and accessories therefor:"
compliance_code_eu_223243,1B101.a.,product_trade_compliance.regime_eu_dual,"Filament winding machines or fibre placement machines, of which the motions for positioning, wrapping and winding fibres can be coordinated and programmed in three or more axes, designed to fabricate composite structures or laminates from ""fibrous or filamentary materials"", and coordinating and programming controls;"
compliance_code_eu_223244,1B101.b.,product_trade_compliance.regime_eu_dual,"Tape-laying machines of which the motions for positioning and laying tape and sheets can be coordinated and programmed in two or more axes, designed for the manufacture of composite airframe and ""missile"" structures;"
compliance_code_eu_223245,1B101.c.,product_trade_compliance.regime_eu_dual,"Equipment designed or modified for the ""production"" of ""fibrous or filamentary materials"" as follows:"
compliance_code_eu_223246,1B101.c.1.,product_trade_compliance.regime_eu_dual,"Equipment for converting polymeric fibres (such as polyacrylonitrile, rayon or polycarbosilane) including special provision to strain the fibre during heating;"
compliance_code_eu_223247,1B101.c.2.,product_trade_compliance.regime_eu_dual,Equipment for the vapour deposition of elements or compounds on heated filament substrates;
compliance_code_eu_223248,1B101.c.3.,product_trade_compliance.regime_eu_dual,Equipment for the wet-spinning of refractory ceramics (such as aluminium oxide);
compliance_code_eu_223249,1B101.d.,product_trade_compliance.regime_eu_dual,Equipment designed or modified for special fibre surface treatment or for producing prepregs and preforms specified in entry 9C110.
compliance_code_eu_223250,1B102,product_trade_compliance.regime_eu_dual,"Metal powder ""production equipment"", other than that specified in 1B002, and components as follows:"
compliance_code_eu_223251,1B102.a.,product_trade_compliance.regime_eu_dual,"Metal powder ""production equipment"" usable for the ""production"", in a controlled environment, of spherical, spheroidal or atomised materials specified in 1C011.a., 1C011.b., 1C111.a.1., 1C111.a.2. or in the Military Goods Controls."
compliance_code_eu_223252,1B102.b.,product_trade_compliance.regime_eu_dual,"Specially designed components for ""production equipment"" specified in 1B002 or 1B102.a."
compliance_code_eu_223253,1B115,product_trade_compliance.regime_eu_dual,"Equipment, other than that specified in 1B002 or 1B102, for the production of propellant and propellant constituents, as follows, and specially designed components therefor:"
compliance_code_eu_223254,1B115.a.,product_trade_compliance.regime_eu_dual,"""Production equipment"" for the ""production"", handling or acceptance testing of liquid propellants or propellant constituents specified in 1C011.a., 1C011.b., 1C111 or in the Military Goods Controls;"
compliance_code_eu_223255,1B115.b.,product_trade_compliance.regime_eu_dual,"""Production equipment"" for the ""production"", handling, mixing, curing, casting, pressing, machining, extruding or acceptance testing of solid propellants or propellant constituents specified in 1C011.a., 1C011.b., 1C111 or in the Military Goods Controls."
compliance_code_eu_223256,1B116,product_trade_compliance.regime_eu_dual,"Specially designed nozzles for producing pyrolitically derived materials formed on a mould, mandrel or other substrate from precursor gases which decompose in the 1 573 K (1 300 °C) to 3 173 K (2 900 °C) temperature range at pressures of 130 Pa to 20 kPa."
compliance_code_eu_223257,1B117,product_trade_compliance.regime_eu_dual,"Batch mixers having all of the following, and specially designed components therefor: a. Designed or modified for mixing under vacuum in the range of zero to 13,326 kPa: b. Capable of controlling the temperature of the mixing chamber; c. A total volumetric capacity of 110 litres or more; and d. At least one ‘mixing/kneading shaft’ mounted off centre."
compliance_code_eu_223258,1B118,product_trade_compliance.regime_eu_dual,"Continuous mixers having all of the following, and specially designed components therefor: a. Designed or modified for mixing under vacuum in the range of zero to 13,326 kPa; b. Capable of controlling the temperature of the mixing chamber; c. any of the following: 1. Two or more mixing/kneading shafts; or 2. All of the following: a. A single rotating and oscillating shaft with kneading teeth/pins; and b. Kneading teeth/pins inside the casing of the mixing chamber."
compliance_code_eu_223259,1B119,product_trade_compliance.regime_eu_dual,"Fluid energy mills usable for grinding or milling substances specified in 1C011.a., 1C011.b., 1C111 or in the Military Goods Controls, and specially designed components therefor."
compliance_code_eu_223260,1B201,product_trade_compliance.regime_eu_dual,"Filament winding machines, other than those specified in 1B001 or 1B101, and related equipment, as follows:"
compliance_code_eu_223261,1B201.a.,product_trade_compliance.regime_eu_dual,"Filament winding machines having all of the following characteristics: 1. Having motions for positioning, wrapping, and winding fibres coordinated and programmed in two or more axes; 2. Specially designed to fabricate composite structures or laminates from ""fibrous or filamentary materials""; and 3. Capable of winding cylindrical tubes with an internal diameter between 75 and 650 mm and lengths of 300 mm or greater;"
compliance_code_eu_223262,1B201.b.,product_trade_compliance.regime_eu_dual,Coordinating and programming controls for the filament winding machines specified in 1B201.a.;
compliance_code_eu_223263,1B201.c.,product_trade_compliance.regime_eu_dual,Precision mandrels for the filament winding machines specified in 1B201.a.
compliance_code_eu_223264,1B225,product_trade_compliance.regime_eu_dual,Electrolytic cells for fluorine production with an output capacity greater than 250 g of fluorine per hour.
compliance_code_eu_223265,1B226,product_trade_compliance.regime_eu_dual,"Electromagnetic isotope separators designed for, or equipped with, single or multiple ion sources capable of providing a total ion beam current of 50 mA or greater."
compliance_code_eu_223266,1B228,product_trade_compliance.regime_eu_dual,"Hydrogen cryogenic distillation columns having all of the following characteristics: a. Designed for operation with internal temperatures in the range of 15 K (-258°C) to 35 K ( 238°C); b. Designed for operation at internal pressures in the range of 0.1 MPa to 1 MPa; c. Constructed of either:  1. Austenitic stainless steel; or  2. Equivalent materials which are both cryogenic and hydrogen (H2)-compatible between 15 K (-258°C) and 35 K (-238°C); and d. With internal diameters of 30 cm or greater and ""effective lengths"" of 4 m or greater."
compliance_code_eu_223267,1B230,product_trade_compliance.regime_eu_dual,"Pumps capable of circulating solutions of concentrated or dilute potassium amide catalyst in liquid ammonia (KNH2/NH3), having all of the following characteristics: a. Airtight (i.e., hermetically sealed); b. A capacity greater than 8,5 m^3/h; and c. Either of the following characteristics: 1. For concentrated potassium amide solutions (1 % or greater), an operating pressure of 1,5 to 60 MPa; or 2. For dilute potassium amide solutions (less than 1 %), an operating pressure of 20 to 60 MPa."
compliance_code_eu_223268,1B231,product_trade_compliance.regime_eu_dual,"Tritium facilities or plants, and equipment therefor, as follows:"
compliance_code_eu_223269,1B231.a.,product_trade_compliance.regime_eu_dual,"Facilities or plants for the production, recovery, extraction, concentration, or handling of tritium;"
compliance_code_eu_223270,1B231.b.,product_trade_compliance.regime_eu_dual,"Equipment for tritium facilities or plants, as follows:"
compliance_code_eu_223271,1B231.b.1.,product_trade_compliance.regime_eu_dual,"Hydrogen or helium refrigeration units capable of cooling to 23 K (– 250 °C) or less, with heat removal capacity greater than 150 W;"
compliance_code_eu_223272,1B231.b.2.,product_trade_compliance.regime_eu_dual,Hydrogen isotope storage or hydrogen isotope purification systems using metal hydrides as the storage or purification medium.
compliance_code_eu_223273,1B232,product_trade_compliance.regime_eu_dual,Turboexpanders or turboexpander-compressor sets having both of the following characteristics: a. Designed for operation with an outlet temperature of 35 K (– 238 °C) or less; and b. Designed for a throughput of hydrogen gas of 1 000 kg/h or greater.
compliance_code_eu_223274,1B233,product_trade_compliance.regime_eu_dual,"Lithium isotope separation facilities or plants, and systems and equipment therefor, as follows:"
compliance_code_eu_223275,1B233.a.,product_trade_compliance.regime_eu_dual,Facilities or plants for the separation of lithium isotopes;
compliance_code_eu_223276,1B233.b.,product_trade_compliance.regime_eu_dual,"Equipment for the separation of lithium isotopes based on the lithium-mercury amalgam process, as follows:"
compliance_code_eu_223277,1B233.b.1.,product_trade_compliance.regime_eu_dual,Packed liquid-liquid exchange columns specially designed for lithium amalgams;
compliance_code_eu_223278,1B233.b.2.,product_trade_compliance.regime_eu_dual,Mercury or lithium amalgam pumps;
compliance_code_eu_223279,1B233.b.3.,product_trade_compliance.regime_eu_dual,Lithium amalgam electrolysis cells;
compliance_code_eu_223280,1B233.b.4.,product_trade_compliance.regime_eu_dual,Evaporators for concentrated lithium hydroxide solution;
compliance_code_eu_223281,1B233.c.,product_trade_compliance.regime_eu_dual,"Ion exchange systems specially designed for lithium isotope separation, and specially designed components therefor;"
compliance_code_eu_223282,1B233.d.,product_trade_compliance.regime_eu_dual,"Chemical exchange systems (employing crown ethers, cryptands, or lariat ethers), specially designed for lithium isotope separation, and specially designed components therefor."
compliance_code_eu_223283,1B234,product_trade_compliance.regime_eu_dual,"High explosive containment vessels, chambers, containers and other similar containment devices designed for the testing of high explosives or explosive devices and having both of the following characteristics: a. Designed to fully contain an explosion equivalent to 2 kg of trinitrotoluene (TNT) or greater; and b. Having design elements or features enabling real time or delayed transfer of diagnostic or measurement information."
compliance_code_eu_223284,1B235,product_trade_compliance.regime_eu_dual,Target assemblies and components for the production of tritium as follows:
compliance_code_eu_223285,1B235.a.,product_trade_compliance.regime_eu_dual,"Target assemblies made of or containing lithium enriched in the lithium-6 isotope specially designed for the production of tritium through irradiation, including insertion in a nuclear reactor;"
compliance_code_eu_223286,1B235.b.,product_trade_compliance.regime_eu_dual,Components specially designed for the target assemblies specified in 1B235.a.
compliance_code_eu_223287,1C,product_trade_compliance.regime_eu_dual,Materials
compliance_code_eu_223288,1C001,product_trade_compliance.regime_eu_dual,"Materials specially designed for absorbing electromagnetic radiation, or intrinsically conductive polymers, as follows:"
compliance_code_eu_223289,1C001.a.,product_trade_compliance.regime_eu_dual,Materials for absorbing frequencies exceeding 2 × 10^8 Hz but less than 3 × 10^12 Hz;
compliance_code_eu_223290,1C001.b.,product_trade_compliance.regime_eu_dual,Materials not transparent to visible light and specially designed for absorbing near-infrared radiation having a wavelength exceeding 810 nm but less than 2 000 nm (frequencies exceeding 150 THz but less than 370 THz);
compliance_code_eu_223291,1C001.c.,product_trade_compliance.regime_eu_dual,"Intrinsically conductive polymeric materials with a ‘bulk electrical conductivity’ exceeding 10 000 S/m (Siemens per metre) or a ‘sheet (surface) resistivity’ of less than 100 ohms/square, based on any of the following polymers:"
compliance_code_eu_223292,1C001.c.1.,product_trade_compliance.regime_eu_dual,Polyaniline;
compliance_code_eu_223293,1C001.c.2.,product_trade_compliance.regime_eu_dual,Polypyrrole;
compliance_code_eu_223294,1C001.c.3.,product_trade_compliance.regime_eu_dual,Polythiophene;
compliance_code_eu_223295,1C001.c.4.,product_trade_compliance.regime_eu_dual,Poly phenylene-vinylene; or
compliance_code_eu_223296,1C001.c.5.,product_trade_compliance.regime_eu_dual,Poly thienylene-vinylene.
compliance_code_eu_223297,1C002,product_trade_compliance.regime_eu_dual,"Metal alloys, metal alloy powder and alloyed materials, as follows:"
compliance_code_eu_223298,1C002.a.,product_trade_compliance.regime_eu_dual,"Aluminides, as follows:"
compliance_code_eu_223299,1C002.a.1.,product_trade_compliance.regime_eu_dual,"Nickel aluminides containing a minimum of 15 % by weight aluminium, a maximum of 38 % by weight aluminium and at least one additional alloying element;"
compliance_code_eu_223300,1C002.a.2.,product_trade_compliance.regime_eu_dual,Titanium aluminides containing 10 % by weight or more aluminium and at least one additional alloying element;
compliance_code_eu_223301,1C002.b.,product_trade_compliance.regime_eu_dual,"Metal alloys, as follows, made from the powder or particulate material specified in 1C002.c.:"
compliance_code_eu_223302,1C002.b.1.,product_trade_compliance.regime_eu_dual,Nickel alloys having any of the following:
compliance_code_eu_223303,1C002.b.1.a.,product_trade_compliance.regime_eu_dual,A ‘stress-rupture life’ of 10 000 hours or longer at 923 K (650 °C) at a stress of 676 MPa; or
compliance_code_eu_223304,1C002.b.1.b.,product_trade_compliance.regime_eu_dual,A ‘low cycle fatigue life’ of 10 000 cycles or more at 823 K (550 °C) at a maximum stress of 1 095 MPa;
compliance_code_eu_223305,1C002.b.2.,product_trade_compliance.regime_eu_dual,Niobium alloys having any of the following:
compliance_code_eu_223306,1C002.b.2.a.,product_trade_compliance.regime_eu_dual,A ‘stress-rupture life’ of 10 000 hours or longer at 1 073 K (800 °C) at a stress of 400 MPa; or
compliance_code_eu_223307,1C002.b.2.b.,product_trade_compliance.regime_eu_dual,A ‘low cycle fatigue life’ of 10 000 cycles or more at 973 K (700 °C) at a maximum stress of 700 MPa;
compliance_code_eu_223308,1C002.b.3.,product_trade_compliance.regime_eu_dual,Titanium alloys having any of the following:
compliance_code_eu_223309,1C002.b.3.a.,product_trade_compliance.regime_eu_dual,A ‘stress-rupture life’ of 10 000 hours or longer at 723 K (450 °C) at a stress of 200 MPa; or
compliance_code_eu_223310,1C002.b.3.b.,product_trade_compliance.regime_eu_dual,A ‘low cycle fatigue life’ of 10 000 cycles or more at 723 K (450 °C) at a maximum stress of 400 MPa;
compliance_code_eu_223311,1C002.b.4.,product_trade_compliance.regime_eu_dual,Aluminium alloys having any of the following:
compliance_code_eu_223312,1C002.b.4.a.,product_trade_compliance.regime_eu_dual,A tensile strength of 240 MPa or more at 473 K (200 °C); or
compliance_code_eu_223313,1C002.b.4.b.,product_trade_compliance.regime_eu_dual,A tensile strength of 415 MPa or more at 298 K (25 °C);
compliance_code_eu_223314,1C002.b.5.,product_trade_compliance.regime_eu_dual,Magnesium alloys having all of the following: a. A tensile strength of 345 MPa or more; and b. A corrosion rate of less than 1 mm/year in 3 % sodium chloride aqueous solution measured in accordance with ASTM standard G-31 or national equivalents;
compliance_code_eu_223315,1C002.c.,product_trade_compliance.regime_eu_dual,"Metal alloy powder or particulate material, having all of the following: 1. Made from any of the following composition systems: a. Nickel alloys (Ni-Al-X, Ni-X-Al) qualified for turbine engine parts or components, i.e. with less than 3 non-metallic particles (introduced during the manufacturing process) larger than 100 μm in 109 alloy particles; b. Niobium alloys (Nb-Al-X or Nb-X-Al, Nb-Si-X or Nb-X-Si, Nb-Ti-X or Nb-X-Ti); c. Titanium alloys (Ti-Al-X or Ti-X-Al); d. Aluminium alloys (Al-Mg-X or Al-X-Mg, Al-Zn-X or Al-X-Zn, Al-Fe-X or Al-X-Fe); or e. Magnesium alloys (Mg-Al-X or Mg-X-Al); 2. Made in a controlled environment by any of the following processes: a. ‘Vacuum atomisation’; b. ‘Gas atomisation’; c. ‘Rotary atomisation’; d. ‘Splat quenching’; e. ‘Melt spinning’ and ‘comminution’; f. ‘Melt extraction’ and ‘comminution’; g. ‘Mechanical alloying’; or h. ‘Plasma atomisation’; and 3. Capable of forming materials specified in 1C002.a. or 1C002.b.;"
compliance_code_eu_223316,1C002.d.,product_trade_compliance.regime_eu_dual,"Alloyed materials having all of the following: 1. Made from any of the composition systems specified in 1C002.c.1.; 2. In the form of uncomminuted flakes, ribbons or thin rods; and 3. Produced in a controlled environment by any of the following: a. ‘Splat quenching’; b. ‘Melt spinning’; or c. ‘Melt extraction’."
compliance_code_eu_223317,1C003,product_trade_compliance.regime_eu_dual,"Magnetic metals, of all types and of whatever form, having any of the following:"
compliance_code_eu_223318,1C003.a.,product_trade_compliance.regime_eu_dual,"Initial relative permeability of 120 000 or more and a thickness of 0,05 mm or less;"
compliance_code_eu_223319,1C003.b.,product_trade_compliance.regime_eu_dual,Magnetostrictive alloys having any of the following:
compliance_code_eu_223320,1C003.b.1.,product_trade_compliance.regime_eu_dual,A saturation magnetostriction of more than 5 × 10^–4; or
compliance_code_eu_223321,1C003.b.2.,product_trade_compliance.regime_eu_dual,"A magnetomechanical coupling factor (k) of more than 0,8; or"
compliance_code_eu_223322,1C003.c.,product_trade_compliance.regime_eu_dual,"Amorphous or ‘nanocrystalline’ alloy strips, having all of the following: 1. A composition having a minimum of 75 % by weight of iron, cobalt or nickel; 2. A saturation magnetic induction (Bs) of 1,6 T or more; and 3. Any of the following: a. A strip thickness of 0,02 mm or less; or b. An electrical resistivity of 2 × 10^–4 ohm cm or more."
compliance_code_eu_223323,1C004,product_trade_compliance.regime_eu_dual,"Uranium titanium alloys or tungsten alloys with a ""matrix"" based on iron, nickel or copper, having all of the following: a. A density exceeding 17,5 g/cm^3; b. An elastic limit exceeding 880 MPa; c. An ultimate tensile strength exceeding 1 270 MPa; and d. An elongation exceeding 8 %."
compliance_code_eu_223324,1C005,product_trade_compliance.regime_eu_dual,"""Superconductive""""composite"" conductors in lengths exceeding 100 m or with a mass exceeding 100 g, as follows:"
compliance_code_eu_223325,1C005.a.,product_trade_compliance.regime_eu_dual,"""Superconductive""""composite"" conductors containing one or more niobium-titanium ‘filaments’, having all of the following: 1. Embedded in a ""matrix"" other than a copper or copper-based mixed ""matrix""; and 2. Having a cross-section area less than 0,28 × 10-4 mm^2 (6 μm in diameter for circular ‘filaments’);"
compliance_code_eu_223326,1C005.b.,product_trade_compliance.regime_eu_dual,"""Superconductive""""composite"" conductors consisting of one or more ""superconductive""‘filaments’ other than niobium-titanium, having all of the following: 1. A ""critical temperature"" at zero magnetic induction exceeding 9,85 K (– 263,31 °C); and 2. Remaining in the ""superconductive"" state at a temperature of 4,2 K (– 268,96 °C) when exposed to a magnetic field oriented in any direction perpendicular to the longitudinal axis of conductor and corresponding to a magnetic induction of 12 T with critical current density exceeding 1 750 A/mm^2 on overall cross-section of the conductor;"
compliance_code_eu_223327,1C005.c.,product_trade_compliance.regime_eu_dual,"""Superconductive""""composite"" conductors consisting of one or more ""superconductive""‘filaments’ which remain ""superconductive"" above 115 K (– 158,16 °C)."
compliance_code_eu_223328,1C006,product_trade_compliance.regime_eu_dual,"Fluids and lubricating materials, as follows:"
compliance_code_eu_223329,1C006.a.,product_trade_compliance.regime_eu_dual,Not used;
compliance_code_eu_223330,1C006.b.,product_trade_compliance.regime_eu_dual,"Lubricating materials containing, as their principal ingredients, phenylene or alkylphenylene ethers or thio-ethers, or their mixtures, containing more than two ether or thio-ether functions or mixtures thereof;"
compliance_code_eu_223331,1C006.c.,product_trade_compliance.regime_eu_dual,"Damping or flotation fluids having all of the following: 1. Purity exceeding 99,8 %; 2. Containing less than 25 particles of 200 μm or larger in size per 100 ml; and 3. Made from at least 85 % of any of the following: a. Dibromotetrafluoroethane (CAS 25497-30-7, 124-73-2, 27336-23-8); b. Polychlorotrifluoroethylene (oily and waxy modifications only); or c. Polybromotrifluoroethylene;"
compliance_code_eu_223332,1C006.d.,product_trade_compliance.regime_eu_dual,"Fluorocarbon fluids designed for electronic cooling and having all of the following: 1. Containing 85 % by weight or more of any of the following, or mixtures thereof: a. Monomeric forms of perfluoropolyalkylether-triazines or perfluoroaliphatic-ethers; b. Perfluoroalkylamines; c. Perfluorocycloalkanes; or d. Perfluoroalkanes; 2. Density at 298 K (25 °C) of 1,5 g/ml or more; 3. In a liquid state at 273 K (0 °C); and 4. Containing 60 % or more by weight of fluorine."
compliance_code_eu_223333,1C007,product_trade_compliance.regime_eu_dual,"Ceramic powders, ceramic-""matrix""""composite"" materials and ‘precursor materials’, as follows:"
compliance_code_eu_223334,1C007.a.,product_trade_compliance.regime_eu_dual,"Ceramic powders of titanium diboride (TiB2) (CAS 12045-63-5) having total metallic impurities, excluding intentional additions, of less than 5 000 ppm, an average particle size equal to or less than 5 μm and no more than 10 % of the particles larger than 10 μm;"
compliance_code_eu_223335,1C007.b.,product_trade_compliance.regime_eu_dual,Not used;
compliance_code_eu_223336,1C007.c.,product_trade_compliance.regime_eu_dual,"Ceramic-""matrix""""composite"" materials as follows:"
compliance_code_eu_223337,1C007.c.1.,product_trade_compliance.regime_eu_dual,"Ceramic-ceramic ""composite"" materials with a glass or oxide-""matrix"" and reinforced with any of the following:"
compliance_code_eu_223338,1C007.c.1.a.,product_trade_compliance.regime_eu_dual,Continuous fibres made from any of the following materials:
compliance_code_eu_223339,1C007.c.1.a.1.,product_trade_compliance.regime_eu_dual,Al2O3 (CAS 1344-28-1); or
compliance_code_eu_223340,1C007.c.1.a.2.,product_trade_compliance.regime_eu_dual,Si-C-N; or
compliance_code_eu_223341,1C007.c.1.b.,product_trade_compliance.regime_eu_dual,"Fibres being all of the following: 1. Made from any of the following materials: a. Si-N; b. Si-C; c. Si-Al-O-N; or d. Si-O-N; and 2. Having a ""specific tensile strength"" exceeding 12,7 × 10^3m;"
compliance_code_eu_223342,1C007.c.2.,product_trade_compliance.regime_eu_dual,"Ceramic “matrix”""composite"" materials, with a ""matrix"" formed of carbides or nitrides of silicon, zirconium or boron;"
compliance_code_eu_223343,1C007.d.,product_trade_compliance.regime_eu_dual,Not used;
compliance_code_eu_223344,1C007.e.,product_trade_compliance.regime_eu_dual,"‘Precursor materials’ specially designed for the ""production"" of materials specified in 1C007.c., as follows:"
compliance_code_eu_223345,1C007.e.1.,product_trade_compliance.regime_eu_dual,Polydiorganosilanes;
compliance_code_eu_223346,1C007.e.2.,product_trade_compliance.regime_eu_dual,Polysilazanes;
compliance_code_eu_223347,1C007.e.3.,product_trade_compliance.regime_eu_dual,Polycarbosilazanes;
compliance_code_eu_223348,1C007.f.,product_trade_compliance.regime_eu_dual,Not used.
compliance_code_eu_223349,1C008,product_trade_compliance.regime_eu_dual,Non-fluorinated polymeric substances as follows:
compliance_code_eu_223350,1C008.a.,product_trade_compliance.regime_eu_dual,"Imides, as follows:"
compliance_code_eu_223351,1C008.a.1.,product_trade_compliance.regime_eu_dual,Bismaleimides;
compliance_code_eu_223352,1C008.a.2.,product_trade_compliance.regime_eu_dual,Aromatic polyamide-imides (PAI) having a ‘glass transition temperature (Tg)’ exceeding 563 K (290 °C);
compliance_code_eu_223353,1C008.a.3.,product_trade_compliance.regime_eu_dual,Aromatic polyimides having a ‘glass transition temperature (Tg)’ exceeding 505 K (232 °C);
compliance_code_eu_223354,1C008.a.4.,product_trade_compliance.regime_eu_dual,Aromatic polyetherimides having a ‘glass transition temperature (Tg)’ exceeding 563 K (290 °C);
compliance_code_eu_223355,1C008.b.,product_trade_compliance.regime_eu_dual,Not used;
compliance_code_eu_223356,1C008.c.,product_trade_compliance.regime_eu_dual,Not used;
compliance_code_eu_223357,1C008.d.,product_trade_compliance.regime_eu_dual,Polyarylene ketones;
compliance_code_eu_223358,1C008.e.,product_trade_compliance.regime_eu_dual,"Polyarylene sulphides, where the arylene group is biphenylene, triphenylene or combinations thereof;"
compliance_code_eu_223359,1C008.f.,product_trade_compliance.regime_eu_dual,Polybiphenylenethersulphone having a ‘glass transition temperature (Tg)’ exceeding 563 K (290 °C).
compliance_code_eu_223360,1C009,product_trade_compliance.regime_eu_dual,Unprocessed fluorinated compounds as follows:
compliance_code_eu_223361,1C009.a.,product_trade_compliance.regime_eu_dual,Not used;
compliance_code_eu_223362,1C009.b.,product_trade_compliance.regime_eu_dual,Fluorinated polyimides containing 10 % by weight or more of combined fluorine;
compliance_code_eu_223363,1C009.c.,product_trade_compliance.regime_eu_dual,Fluorinated phosphazene elastomers containing 30 % by weight or more of combined fluorine.
compliance_code_eu_223364,1C010,product_trade_compliance.regime_eu_dual,"""Fibrous or filamentary materials"", as follows:"
compliance_code_eu_223365,1C010.a.,product_trade_compliance.regime_eu_dual,"Organic ""fibrous or filamentary materials"", having all of the following: 1. ""Specific modulus"" exceeding 12,7 × 10^6 m; and 2. ""Specific tensile strength"" exceeding 23,5 × 10^4 m;"
compliance_code_eu_223366,1C010.b.,product_trade_compliance.regime_eu_dual,"Carbon ""fibrous or filamentary materials"", having all of the following: 1. ""Specific modulus"" exceeding 14,65 × 10^6 m; and 2. ""Specific tensile strength"" exceeding 26,82 × 10^4 m;"
compliance_code_eu_223367,1C010.c.,product_trade_compliance.regime_eu_dual,"Inorganic ""fibrous or filamentary materials"", having all of the following: 1. Having any of the following: a. Composed of 50 % or more by weight silicon dioxide and having a ""specific modulus"" exceeding 2,54 × 10^6 m; or b. Not specified in 1C010.c.1.a. and having a ""specific modulus"" exceeding 5,6 × 10^6 m; and 2. Melting, softening, decomposition or sublimation point exceeding 1 922 K (1 649 °C) in an inert environment;"
compliance_code_eu_223368,1C010.d.,product_trade_compliance.regime_eu_dual,"""Fibrous or filamentary materials"", having any of the following:"
compliance_code_eu_223369,1C010.d.1.,product_trade_compliance.regime_eu_dual,Composed of any of the following:
compliance_code_eu_223370,1C010.d.1.a.,product_trade_compliance.regime_eu_dual,Polyetherimides specified in 1C008.a.; or
compliance_code_eu_223371,1C010.d.1.b.,product_trade_compliance.regime_eu_dual,Materials specified in 1C008.d. to 1C008.f.; or
compliance_code_eu_223372,1C010.d.2.,product_trade_compliance.regime_eu_dual,"Composed of materials specified in 1C010.d.1.a. or 1C010.d.1.b. and ‘commingled’ with other fibres specified in 1C010.a., 1C010.b. or 1C010.c.;"
compliance_code_eu_223373,1C010.e.,product_trade_compliance.regime_eu_dual,"Fully or partially resin-impregnated or pitch-impregnated ""fibrous or filamentary materials"" (prepregs), metal or carbon-coated ""fibrous or filamentary materials"" (preforms) or ‘carbon fibre preforms’, having all of the following: 1. Having any of the following: a. Inorganic ""fibrous or filamentary materials"" specified in 1C010.c.; or b. Organic or carbon ""fibrous or filamentary materials"", having all of the following: 1. ""Specific modulus"" exceeding 10,15 × 10^6 m; and 2. ""Specific tensile strength"" exceeding 17,7 × 10^4 m; and 2. Having any of the following: a. Resin or pitch, specified in 1C008 or 1C009.b.; b. ‘Dynamic Mechanical Analysis glass transition temperature (DMA Tg)’ equal to or exceeding 453 K (180 °C) and having a phenolic resin; or c. ‘Dynamic Mechanical Analysis glass transition temperature (DMA Tg)’ equal to or exceeding 505 K (232 °C) and having a resin or pitch, not specified in 1C008 or 1C009.b., and not being a phenolic resin;"
compliance_code_eu_223374,1C011,product_trade_compliance.regime_eu_dual,"Metals and compounds, as follows:"
compliance_code_eu_223375,1C011.a.,product_trade_compliance.regime_eu_dual,"Metals in particle sizes of less than 60 μm whether spherical, atomised, spheroidal, flaked or ground, manufactured from material consisting of 99 % or more of zirconium, magnesium and alloys thereof;"
compliance_code_eu_223376,1C011.b.,product_trade_compliance.regime_eu_dual,"Boron or boron alloys, with a particle size of 60 μm or less, as follows:"
compliance_code_eu_223377,1C011.b.1.,product_trade_compliance.regime_eu_dual,Boron with a purity of 85 % by weight or more;
compliance_code_eu_223378,1C011.b.2.,product_trade_compliance.regime_eu_dual,Boron alloys with a boron content of 85 % by weight or more;
compliance_code_eu_223379,1C011.c.,product_trade_compliance.regime_eu_dual,Guanidine nitrate (CAS 506-93-4);
compliance_code_eu_223380,1C011.d.,product_trade_compliance.regime_eu_dual,Nitroguanidine (NQ) (CAS 556-88-7).
compliance_code_eu_223381,1C011.e.,product_trade_compliance.regime_eu_dual,Iodine pentafluoride (CAS 7783-66-6).
compliance_code_eu_223382,1C012,product_trade_compliance.regime_eu_dual,Materials as follows:
compliance_code_eu_223383,1C012.a.,product_trade_compliance.regime_eu_dual,Plutonium in any form with a plutonium isotopic assay of plutonium-238 of more than 50 % by weight;
compliance_code_eu_223384,1C012.b.,product_trade_compliance.regime_eu_dual,"""Previously separated"" neptunium-237 in any form."
compliance_code_eu_223385,1C101,product_trade_compliance.regime_eu_dual,"Materials and devices for reduced observables such as radar reflectivity, ultraviolet/infrared signatures and acoustic signatures, other than those specified in 1C001, usable in ‘missiles’, ""missile"" subsystems or unmanned aerial vehicles specified in 9A012 or 9A112.a."
compliance_code_eu_223386,1C102,product_trade_compliance.regime_eu_dual,Resaturated pyrolised carbon-carbon materials designed for space launch vehicles specified in 9A004 or sounding rockets specified in 9A104.
compliance_code_eu_223387,1C107,product_trade_compliance.regime_eu_dual,"Graphite and ceramic materials, other than those specified in 1C007, as follows:"
compliance_code_eu_223388,1C107.a.,product_trade_compliance.regime_eu_dual,"Fine grain graphites with a bulk density of 1,72 g/cm^3 or greater, measured at 288 K (15 °C), and having a grain size of 100 μm or less, usable for rocket nozzles and re-entry vehicle nose tips, which can be machined to any of the following products:"
compliance_code_eu_223389,1C107.a.1.,product_trade_compliance.regime_eu_dual,Cylinders having a diameter of 120 mm or greater and a length of 50 mm or greater;
compliance_code_eu_223390,1C107.a.2.,product_trade_compliance.regime_eu_dual,Tubes having an inner diameter of 65 mm or greater and a wall thickness of 25 mm or greater and a length of 50 mm or greater; or
compliance_code_eu_223391,1C107.a.3.,product_trade_compliance.regime_eu_dual,Blocks having a size of 120 mm × 120 mm × 50 mm or greater;
compliance_code_eu_223392,1C107.b.,product_trade_compliance.regime_eu_dual,"Pyrolytic or fibrous reinforced graphites, usable for rocket nozzles and reentry vehicle nose tips usable in ""missiles"", space launch vehicles specified in 9A004 or sounding rockets specified in 9A104;"
compliance_code_eu_223393,1C107.c.,product_trade_compliance.regime_eu_dual,"Ceramic composite materials (dielectric constant less than 6 at any frequency from 100 MHz to 100 GHz) for use in radomes usable in ""missiles"", space launch vehicles specified in 9A004 or sounding rockets specified in 9A104;"
compliance_code_eu_223394,1C107.d.,product_trade_compliance.regime_eu_dual,"Bulk machinable silicon-carbide reinforced unfired ceramic, usable for nose tips usable in ""missiles"", space launch vehicles specified in 9A004 or sounding rockets specified in 9A104;"
compliance_code_eu_223395,1C107.e.,product_trade_compliance.regime_eu_dual,"Reinforced silicon-carbide ceramic composites, usable for nose tips, reentry vehicles and nozzle flaps usable in ""missiles"", space launch vehicles specified in 9A004 or sounding rockets specified in 9A104;"
compliance_code_eu_223396,1C107.f.,product_trade_compliance.regime_eu_dual,"Bulk machinable ceramic composite materials consisting of an ‘Ultra High Temperature Ceramic (UHTC)’ matrix with a melting point equal to or greater than 3 000 °C and reinforced with fibres or filaments, usable for missile components (such as nose-tips, re-entry vehicles, leading edges, jet vanes, control surfaces or rocket motor throat inserts) in ""missiles"", space launch vehicles specified in 9A004, sounding rockets specified in 9A104 or ‘missiles’."
compliance_code_eu_223397,1C111,product_trade_compliance.regime_eu_dual,"Propellants and constituent chemicals for propellants, other than those specified in 1C011, as follows:"
compliance_code_eu_223398,1C111.a.,product_trade_compliance.regime_eu_dual,Propulsive substances:
compliance_code_eu_223399,1C111.a.1.,product_trade_compliance.regime_eu_dual,"Spherical or spheroidal aluminium powder other than that specified in the Military Goods Controls, in particle size of less than 200 μm and an aluminium content of 97 % by weight or more, if at least 10 % of the total weight is made up of particles of less than 63 μm, according to ISO 2591-1:1988 or national equivalents;"
compliance_code_eu_223400,1C111.a.2.,product_trade_compliance.regime_eu_dual,"Metal powders, other than that specified in the Military Goods Controls, as follows:"
compliance_code_eu_223401,1C111.a.2.a.,product_trade_compliance.regime_eu_dual,"Metal powders of zirconium, beryllium or magnesium, or alloys of these metals, if at least 90 % of the total particles by particle volume or weight are made up of particles of less than 60 μm (determined by measurement techniques such as using a sieve, laser diffraction or optical scanning), whether spherical, atomised, spheroidal, flaked or ground, consisting 97 % by weight or more of any of the following:"
compliance_code_eu_223402,1C111.a.2.a.1.,product_trade_compliance.regime_eu_dual,Zirconium;
compliance_code_eu_223403,1C111.a.2.a.2.,product_trade_compliance.regime_eu_dual,Beryllium; or
compliance_code_eu_223404,1C111.a.2.a.3.,product_trade_compliance.regime_eu_dual,Magnesium;
compliance_code_eu_223405,1C111.a.2.b.,product_trade_compliance.regime_eu_dual,"Metal powders of either boron or boron alloys with a boron content of 85 % or more by weight, if at least 90 % of the total particles by particle volume or weight are made up of particles of less than 60 μm (determined by measurement techniques such as using a sieve, laser diffraction or optical scanning), whether spherical, atomised, spheroidal, flaked or ground;"
compliance_code_eu_223406,1C111.a.3.,product_trade_compliance.regime_eu_dual,Oxidiser substances usable in liquid propellant rocket engines as follows:
compliance_code_eu_223407,1C111.a.3.a.,product_trade_compliance.regime_eu_dual,Dinitrogen trioxide (CAS 10544-73-7);
compliance_code_eu_223408,1C111.a.3.b.,product_trade_compliance.regime_eu_dual,Nitrogen dioxide (CAS 10102-44-0)/dinitrogen tetroxide (CAS 10544-72-6);
compliance_code_eu_223409,1C111.a.3.c.,product_trade_compliance.regime_eu_dual,Dinitrogen pentoxide (CAS 10102-03-1);
compliance_code_eu_223410,1C111.a.3.d.,product_trade_compliance.regime_eu_dual,Mixed Oxides of Nitrogen (MON);
compliance_code_eu_223411,1C111.a.3.e.,product_trade_compliance.regime_eu_dual,SEE MILITARY GOODS CONTROLS FOR Inhibited Red Fuming Nitric Acid (IRFNA);
compliance_code_eu_223412,1C111.a.3.f.,product_trade_compliance.regime_eu_dual,"SEE MILITARY GOODS CONTROLS AND 1C238 FOR compounds composed of fluorine and one or more of other halogens, oxygen or nitrogen."
compliance_code_eu_223413,1C111.a.4.,product_trade_compliance.regime_eu_dual,Hydrazine derivatives as follows:
compliance_code_eu_223414,1C111.a.4.a.,product_trade_compliance.regime_eu_dual,Trimethylhydrazine (CAS 1741-01-1);
compliance_code_eu_223415,1C111.a.4.b.,product_trade_compliance.regime_eu_dual,Tetramethylhydrazine (CAS 6415-12-9);
compliance_code_eu_223416,1C111.a.4.c.,product_trade_compliance.regime_eu_dual,"N,N-Diallylhydrazine (CAS 5164-11-4);"
compliance_code_eu_223417,1C111.a.4.d.,product_trade_compliance.regime_eu_dual,Allylhydrazine (CAS 7422-78-8);
compliance_code_eu_223418,1C111.a.4.e.,product_trade_compliance.regime_eu_dual,Ethylene dihydrazine (CAS 6068-98-0);
compliance_code_eu_223419,1C111.a.4.f.,product_trade_compliance.regime_eu_dual,Monomethylhydrazine dinitrate;
compliance_code_eu_223420,1C111.a.4.g.,product_trade_compliance.regime_eu_dual,Unsymmetrical dimethylhydrazine nitrate;
compliance_code_eu_223421,1C111.a.4.h.,product_trade_compliance.regime_eu_dual,Hydrazinium azide (CAS 14546-44-2);
compliance_code_eu_223422,1C111.a.4.i.,product_trade_compliance.regime_eu_dual,"1,1-Dimethylhydrazinium azide (CAS 227955-52-4) / 1,2-Dimethylhydrazinium azide (CAS 299177-50-7);"
compliance_code_eu_223423,1C111.a.4.j.,product_trade_compliance.regime_eu_dual,Hydrazinium dinitrate (CAS 13464-98-7);
compliance_code_eu_223424,1C111.a.4.k.,product_trade_compliance.regime_eu_dual,Diimido oxalic acid dihydrazine (CAS 3457-37-2);
compliance_code_eu_223425,1C111.a.4.l.,product_trade_compliance.regime_eu_dual,2-hydroxyethylhydrazine nitrate (HEHN);
compliance_code_eu_223426,1C111.a.4.m.,product_trade_compliance.regime_eu_dual,See Military Goods Controls for Hydrazinium perchlorate;
compliance_code_eu_223427,1C111.a.4.n.,product_trade_compliance.regime_eu_dual,Hydrazinium diperchlorate (CAS 13812-39-0);
compliance_code_eu_223428,1C111.a.4.o.,product_trade_compliance.regime_eu_dual,Methylhydrazine nitrate (MHN) (CAS 29674-96-2);
compliance_code_eu_223429,1C111.a.4.p.,product_trade_compliance.regime_eu_dual,"1,1-Diethylhydrazine nitrate (DEHN) / 1,2-Diethylhydrazine nitrate (DEHN) (CAS 363453-17-2);"
compliance_code_eu_223430,1C111.a.4.q.,product_trade_compliance.regime_eu_dual,"3,6-Dihydrazino tetrazine nitrate (1,4-dihydrazine nitrate) (DHTN);"
compliance_code_eu_223431,1C111.a.5.,product_trade_compliance.regime_eu_dual,"High energy density materials, other than that specified in the Military Goods Controls, usable in ‘missiles’ or unmanned aerial vehicles specified in 9A012 or 9A112.a.;"
compliance_code_eu_223432,1C111.a.5.a.,product_trade_compliance.regime_eu_dual,"Mixed fuel that incorporate both solid and liquid fuels, such as boron slurry, having a mass-based energy density of 40 × 10^6 J/kg or greater;"
compliance_code_eu_223433,1C111.a.5.b.,product_trade_compliance.regime_eu_dual,"Other high energy density fuels and fuel additives (e.g., cubane, ionic solutions, JP-10) having a volume-based energy density of 37,5 × 10^9 J/m3 or greater, measured at 20 °C and one atmosphere (101,325 kPa) pressure;"
compliance_code_eu_223434,1C111.a.6.,product_trade_compliance.regime_eu_dual,Hydrazine replacement fuels as follows:
compliance_code_eu_223435,1C111.a.6.a.,product_trade_compliance.regime_eu_dual,2-Dimethylaminoethylazide (DMAZ) (CAS 86147-04-8);
compliance_code_eu_223436,1C111.b.,product_trade_compliance.regime_eu_dual,Polymeric substances:
compliance_code_eu_223437,1C111.b.1.,product_trade_compliance.regime_eu_dual,Carboxy-terminated polybutadiene (including carboxyl-terminated polybutadiene) (CTPB);
compliance_code_eu_223438,1C111.b.2.,product_trade_compliance.regime_eu_dual,"Hydroxy-terminated polybutadiene (including hydroxyl-terminated polybutadiene) (HTPB) (CAS 69102-90-5), other than that specified in the Military Goods Controls;"
compliance_code_eu_223439,1C111.b.3.,product_trade_compliance.regime_eu_dual,Polybutadiene-acrylic acid (PBAA);
compliance_code_eu_223440,1C111.b.4.,product_trade_compliance.regime_eu_dual,Polybutadiene-acrylic acid-acrylonitrile (PBAN) (CAS 25265-19-4 / CAS 68891-50-9);
compliance_code_eu_223441,1C111.b.5.,product_trade_compliance.regime_eu_dual,Polytetrahydrofuran polyethylene glycol (TPEG);
compliance_code_eu_223442,1C111.b.6.,product_trade_compliance.regime_eu_dual,SEE MILITARY GOODS CONTROLS FOR polyglycidyl nitrate (PGN or poly-GLYN) (CAS 27814-48-8).
compliance_code_eu_223443,1C111.c.,product_trade_compliance.regime_eu_dual,Other propellant additives and agents:
compliance_code_eu_223444,1C111.c.1.,product_trade_compliance.regime_eu_dual,"SEE MILITARY GOODS CONTROLS FOR Carboranes, decaboranes, pentaboranes and derivatives thereof;"
compliance_code_eu_223445,1C111.c.2.,product_trade_compliance.regime_eu_dual,Triethylene glycol dinitrate (TEGDN) (CAS 111-22-8);
compliance_code_eu_223446,1C111.c.3.,product_trade_compliance.regime_eu_dual,2-Nitrodiphenylamine (CAS 119-75-5);
compliance_code_eu_223447,1C111.c.4.,product_trade_compliance.regime_eu_dual,SEE MILITARY GOODS CONTROLS FOR trimethylolethane trinitrate (TMETN) (CAS 3032-55-1);
compliance_code_eu_223448,1C111.c.5.,product_trade_compliance.regime_eu_dual,Diethylene glycol dinitrate (DEGDN) (CAS 693-21-0);
compliance_code_eu_223449,1C111.c.6.,product_trade_compliance.regime_eu_dual,Ferrocene derivatives as follows:
compliance_code_eu_223450,1C111.c.6.a.,product_trade_compliance.regime_eu_dual,SEE MILITARY GOODS CONTROLS FOR catocene (CAS 37206-42-1);
compliance_code_eu_223451,1C111.c.6.b.,product_trade_compliance.regime_eu_dual,SEE MILITARY GOODS CONTROLS FOR Ethyl ferrocene (CAS 1273-89-8);
compliance_code_eu_223452,1C111.c.6.c.,product_trade_compliance.regime_eu_dual,SEE MILITARY GOODS CONTROLS FOR n-Propyl ferrocene (CAS 1273-92-3)/iso-propyl ferrocene (CAS 12126-81-7);
compliance_code_eu_223453,1C111.c.6.d.,product_trade_compliance.regime_eu_dual,SEE MILITARY GOODS CONTROLS FOR n-butyl ferrocene (CAS 31904-29-7);
compliance_code_eu_223454,1C111.c.6.e.,product_trade_compliance.regime_eu_dual,SEE MILITARY GOODS CONTROLS FOR Pentyl ferrocene (CAS 1274-00-6);
compliance_code_eu_223455,1C111.c.6.f.,product_trade_compliance.regime_eu_dual,SEE MILITARY GOODS CONTROLS FOR Dicyclopentyl ferrocene (CAS 125861-17-8);
compliance_code_eu_223456,1C111.c.6.g.,product_trade_compliance.regime_eu_dual,SEE MILITARY GOODS CONTROLS FOR Dicyclohexyl ferrocene;
compliance_code_eu_223457,1C111.c.6.h.,product_trade_compliance.regime_eu_dual,SEE MILITARY GOODS CONTROLS FOR Diethyl ferrocene (CAS 1273-97-8);
compliance_code_eu_223458,1C111.c.6.i.,product_trade_compliance.regime_eu_dual,SEE MILITARY GOODS CONTROLS FOR Dipropyl ferrocene;
compliance_code_eu_223459,1C111.c.6.j.,product_trade_compliance.regime_eu_dual,SEE MILITARY GOODS CONTROLS FOR Dibutyl ferrocene (CAS 1274-08-4);
compliance_code_eu_223460,1C111.c.6.k.,product_trade_compliance.regime_eu_dual,SEE MILITARY GOODS CONTROLS FOR Dihexyl ferrocene (CAS 93894-59-8);
compliance_code_eu_223461,1C111.c.6.l.,product_trade_compliance.regime_eu_dual,"SEE MILITARY GOODS CONTROLS FOR Acetyl ferrocene (CAS 1271-55-2) / 1,1""-diacetyl ferrocene (CAS 1273-94-5);"
compliance_code_eu_223462,1C111.c.6.m.,product_trade_compliance.regime_eu_dual,"SEE MILITARY GOODS CONTROLS FOR Ferrocene carboxylic acid (CAS 1271-42-7) / 1,1""-Ferrocenedicarboxylic acid (CAS 1293-87-4);"
compliance_code_eu_223463,1C111.c.6.n.,product_trade_compliance.regime_eu_dual,SEE MILITARY GOODS CONTROLS FOR butacene (CAS 125856-62-4);
compliance_code_eu_223464,1C111.c.6.o.,product_trade_compliance.regime_eu_dual,"Other ferrocene derivatives usable as rocket propellant burning rate modifiers, other than those specified in the Military Goods Controls."
compliance_code_eu_223465,1C111.c.7.,product_trade_compliance.regime_eu_dual,"4,5-Diazidomethyl-2-methyl-1,2,3-triazole (iso-DAMTR), other than that specified in the Military Goods Controls."
compliance_code_eu_223466,1C111.d.,product_trade_compliance.regime_eu_dual,"‘Gel propellants’, other than that specified in the Military Goods Controls, specifically formulated for use in ‘missiles’."
compliance_code_eu_223467,1C116,product_trade_compliance.regime_eu_dual,"Maraging steels, useable in ‘missiles’, having all of the following: a. Having an ultimate tensile strength, measured at 293 K (20 °C), equal to or greater than: 1. 0,9 GPa in the solution annealed stage; or 2. 1,5 GPa in the precipitation hardened stage; and b. Any of the following forms: 1. Sheet, plate or tubing with a wall or plate thickness equal to or less than 5,0 mm; 2. Tubular forms with a wall thickness equal to or less than 50 mm and having an inner diameter equal to or greater than 270 mm."
compliance_code_eu_223468,1C117,product_trade_compliance.regime_eu_dual,Materials for the fabrication of ‘missiles’ components as follows:
compliance_code_eu_223469,1C117.a.,product_trade_compliance.regime_eu_dual,Tungsten and alloys in particulate form with a tungsten content of 97 % by weight or more and a particle size of 50 × 10^-6 m (50 μm) or less;
compliance_code_eu_223470,1C117.b.,product_trade_compliance.regime_eu_dual,Molybdenum and alloys in particulate form with a molybdenum content of 97 % by weight or more and a particle size of 50 × 10^-6 m (50 μm) or less;
compliance_code_eu_223471,1C117.c.,product_trade_compliance.regime_eu_dual,Tungsten materials in solid form having all of the following: 1. Any of the following material compositions: a. Tungsten and alloys containing 97 % by weight or more of tungsten; b. Copper infiltrated tungsten containing 80 % by weight or more of tungsten; or c. Silver infiltrated tungsten containing 80 % by weight or more of tungsten; and 2. Able to be machined to any of the following products: a. Cylinders having a diameter of 120 mm or greater and a length of 50 mm or greater; b. Tubes having an inner diameter of 65 mm or greater and a wall thickness of 25 mm or greater and a length of 50 mm or greater; or c. Blocks having a size of 120 mm by 120 mm by 50 mm or greater.
compliance_code_eu_223472,1C118,product_trade_compliance.regime_eu_dual,"Titanium-stabilised duplex stainless steel (Ti-DSS) having all of the following: a. Having all of the following characteristics: 1. Containing 17,0 - 23,0 % by weight of chromium and 4,5 - 7,0 % by weight of nickel; 2. Having a titanium content of greater than 0,10 % by weight; and 3. A ferritic-austenitic microstructure (also referred to as a two-phase microstructure) of which at least 10 % by volume (according to ASTM E-1181-87 or national equivalents) is austenite; and b. Having any of the following forms: 1. Ingots or bars having a size of 100 mm or more in each dimension; 2. Sheets having a width of 600 mm or more and a thickness of 3 mm or less; or 3. Tubes having an outer diameter of 600 mm or more and a wall thickness of 3 mm or less."
compliance_code_eu_223473,1C202,product_trade_compliance.regime_eu_dual,"Alloys, other than those specified in 1C002.b.3. or .b.4., as follows:"
compliance_code_eu_223474,1C202.a.,product_trade_compliance.regime_eu_dual,Aluminium alloys having both of the following characteristics: 1. ‘Capable of’ an ultimate tensile strength of 460 MPa or more at 293 K (20 °C); and 2. In the form of tubes or cylindrical solid forms (including forgings) with an outside diameter of more than 75 mm;
compliance_code_eu_223475,1C202.b.,product_trade_compliance.regime_eu_dual,Titanium alloys having both of the following characteristics: 1. ‘Capable of’ an ultimate tensile strength of 900 MPa or more at 293 K (20 °C); and 2. In the form of tubes or cylindrical solid forms (including forgings) with an outside diameter of more than 75 mm.
compliance_code_eu_223476,1C210,product_trade_compliance.regime_eu_dual,"‘Fibrous or filamentary materials’ or prepregs, other than those specified in 1C010.a., .b. or .e., as follows:"
compliance_code_eu_223477,1C210.a.,product_trade_compliance.regime_eu_dual,Carbon or aramid ‘fibrous or filamentary materials’ having either of the following characteristics:
compliance_code_eu_223478,1C210.a.1.,product_trade_compliance.regime_eu_dual,"A ""specific modulus"" of 12,7 × 10^6 m or greater; or"
compliance_code_eu_223479,1C210.a.2.,product_trade_compliance.regime_eu_dual,"A ""specific tensile strength"" of 23,5 × 10^4 m or greater;"
compliance_code_eu_223480,1C210.b.,product_trade_compliance.regime_eu_dual,"Glass ‘fibrous or filamentary materials’ having both of the following characteristics: 1. A ""specific modulus"" of 3,18 × 10^6 m or greater; and 2. A ""specific tensile strength"" of 7,62 × 10^4 m or greater;"
compliance_code_eu_223481,1C210.c.,product_trade_compliance.regime_eu_dual,"Thermoset resin impregnated continuous ""yarns"", ""rovings"", ""tows"" or ""tapes"" with a width of 15 mm or less (prepregs), made from carbon or glass ‘fibrous or filamentary materials’ specified in 1C210.a. or .b."
compliance_code_eu_223482,1C216,product_trade_compliance.regime_eu_dual,"Maraging steel, other than that specified in 1C116, ‘capable of’ an ultimate tensile strength of 1 950 MPa or more, at 293 K (20 °C)."
compliance_code_eu_223483,1C225,product_trade_compliance.regime_eu_dual,"Boron enriched in the boron-10 (^10B) isotope to greater than its natural isotopic abundance, as follows: elemental boron, compounds, mixtures containing boron, manufactures thereof, waste or scrap of any of the foregoing."
compliance_code_eu_223484,1C226,product_trade_compliance.regime_eu_dual,"Tungsten, tungsten carbide, and alloys containing more than 90 % tungsten by weight, other than that specified in 1C117, having both of the following characteristics: a. In forms with a hollow cylindrical symmetry (including cylinder segments) with an inside diameter between 100 mm and 300 mm; and b. A mass greater than 20 kg."
compliance_code_eu_223485,1C227,product_trade_compliance.regime_eu_dual,Calcium having both of the following characteristics: a. Containing less than 1 000 ppm by weight of metallic impurities other than magnesium; and b. Containing less than 10 ppm by weight of boron.
compliance_code_eu_223486,1C228,product_trade_compliance.regime_eu_dual,Magnesium having both of the following characteristics: a. Containing less than 200 ppm by weight of metallic impurities other than calcium; and b. Containing less than 10 ppm by weight of boron.
compliance_code_eu_223487,1C229,product_trade_compliance.regime_eu_dual,"Bismuth having both of the following characteristics: a. A purity of 99,99 % or greater by weight; and b. Containing less than 10 ppm by weight of silver."
compliance_code_eu_223488,1C230,product_trade_compliance.regime_eu_dual,"Beryllium metal, alloys containing more than 50 % beryllium by weight, beryllium compounds, manufactures thereof, and waste or scrap of any of the foregoing, other than that specified in the Military Goods Controls."
compliance_code_eu_223489,1C231,product_trade_compliance.regime_eu_dual,"Hafnium metal, alloys containing more than 60 % hafnium by weight, hafnium compounds containing more than 60 % hafnium by weight, manufactures thereof, and waste or scrap of any of the foregoing."
compliance_code_eu_223490,1C232,product_trade_compliance.regime_eu_dual,"Helium-3 (^3He), mixtures containing helium-3, and products or devices containing any of the foregoing."
compliance_code_eu_223491,1C233,product_trade_compliance.regime_eu_dual,"Lithium enriched in the lithium-6 (^6Li) isotope to greater than its natural isotopic abundance, and products or devices containing enriched lithium, as follows: elemental lithium, alloys, compounds, mixtures containing lithium, manufactures thereof, waste or scrap of any of the foregoing."
compliance_code_eu_223492,1C234,product_trade_compliance.regime_eu_dual,"Zirconium with a hafnium content of less than 1 part hafnium to 500 parts zirconium by weight, as follows: metal, alloys containing more than 50 % zirconium by weight, compounds, manufactures thereof, waste or scrap of any of the foregoing, other than those specified in 0A001.f."
compliance_code_eu_223493,1C235,product_trade_compliance.regime_eu_dual,"Tritium, tritium compounds, mixtures containing tritium in which the ratio of tritium to hydrogen atoms exceeds 1 part in 1 000, and products or devices containing any of the foregoing."
compliance_code_eu_223494,1C236,product_trade_compliance.regime_eu_dual,"‘Radionuclides’ appropriate for making neutron sources based on alpha-n reaction, other than those specified in 0C001 and 1C012.a., in the following forms:"
compliance_code_eu_223495,1C236.a.,product_trade_compliance.regime_eu_dual,Elemental;
compliance_code_eu_223496,1C236.b.,product_trade_compliance.regime_eu_dual,Compounds having a total activity of 37 GBq/kg (1 Ci/kg) or greater;
compliance_code_eu_223497,1C236.c.,product_trade_compliance.regime_eu_dual,Mixtures having a total activity of 37 GBq/kg (1 Ci/kg) or greater;
compliance_code_eu_223498,1C236.d.,product_trade_compliance.regime_eu_dual,Products or devices containing any of the foregoing.
compliance_code_eu_223499,1C237,product_trade_compliance.regime_eu_dual,"Radium-226 (^226Ra), radium-226 alloys, radium-226 compounds, mixtures containing radium-226, manufactures thereof, and products or devices containing any of the foregoing."
compliance_code_eu_223500,1C238,product_trade_compliance.regime_eu_dual,Chlorine trifluoride (ClF3).
compliance_code_eu_223501,1C239,product_trade_compliance.regime_eu_dual,"High explosives, other than those specified in the Military Goods Controls, or substances or mixtures containing more than 2 % by weight thereof, with a crystal density greater than 1,8 g/cm3 and having a detonation velocity greater than 8 000 m/s."
compliance_code_eu_223502,1C240,product_trade_compliance.regime_eu_dual,"Nickel powder and porous nickel metal, other than those specified in 0C005, as follows:"
compliance_code_eu_223503,1C240.a.,product_trade_compliance.regime_eu_dual,"Nickel powder having both of the following characteristics: 1. A nickel purity content of 99,0 % or greater by weight; and 2. A mean particle size of less than 10 μm measured by American Society for Testing and Materials (ASTM) B330 standard;"
compliance_code_eu_223504,1C240.b.,product_trade_compliance.regime_eu_dual,Porous nickel metal produced from materials specified in 1C240.a.
compliance_code_eu_223505,1C241,product_trade_compliance.regime_eu_dual,"Rhenium, and alloys containing 90 % by weight or more rhenium; and alloys of rhenium and tungsten containing 90 % by weight or more of any combination of rhenium and tungsten, other than those specified in 1C226, having both of the following characteristics: a. In forms with a hollow cylindrical symmetry (including cylinder segments) with an inside diameter between 100 and 300 mm; and b. A mass greater than 20 kg."
compliance_code_eu_223506,1C350,product_trade_compliance.regime_eu_dual,"Chemicals, which may be used as precursors for toxic chemical agents, as follows, and ""chemical mixtures"" containing one or more thereof:"
compliance_code_eu_223507,1C350.1.,product_trade_compliance.regime_eu_dual,Thiodiglycol (CAS 111-48-8);
compliance_code_eu_223508,1C350.2.,product_trade_compliance.regime_eu_dual,Phosphorus oxychloride (CAS 10025-87-3);
compliance_code_eu_223509,1C350.3.,product_trade_compliance.regime_eu_dual,Dimethyl methylphosphonate (CAS 756-79-6);
compliance_code_eu_223510,1C350.4.,product_trade_compliance.regime_eu_dual,SEE MILITARY GOODS CONTROLS for Methyl phosphonyl difluoride (CAS 676-99-3);
compliance_code_eu_223511,1C350.5.,product_trade_compliance.regime_eu_dual,Methyl phosphonyl dichloride (CAS 676-97-1);
compliance_code_eu_223512,1C350.6.,product_trade_compliance.regime_eu_dual,Dimethyl phosphite (DMP) (CAS 868-85-9);
compliance_code_eu_223513,1C350.7.,product_trade_compliance.regime_eu_dual,Phosphorus trichloride (CAS 7719-12-2);
compliance_code_eu_223514,1C350.8.,product_trade_compliance.regime_eu_dual,Trimethyl phosphite (TMP) (CAS 121-45-9);
compliance_code_eu_223515,1C350.9.,product_trade_compliance.regime_eu_dual,Thionyl chloride (CAS 7719-09-7);
compliance_code_eu_223516,1C350.10.,product_trade_compliance.regime_eu_dual,3-Hydroxy-1-methylpiperidine (CAS 3554-74-3);
compliance_code_eu_223517,1C350.11.,product_trade_compliance.regime_eu_dual,"N,N-Diisopropyl-(beta)-aminoethyl chloride (CAS 96-79-7);"
compliance_code_eu_223518,1C350.12.,product_trade_compliance.regime_eu_dual,"N,N-Diisopropyl-(beta)-aminoethane thiol (CAS 5842-07-9);"
compliance_code_eu_223519,1C350.13.,product_trade_compliance.regime_eu_dual,3-Quinuclidinol (CAS 1619-34-7);
compliance_code_eu_223520,1C350.14.,product_trade_compliance.regime_eu_dual,Potassium fluoride (CAS 7789-23-3);
compliance_code_eu_223521,1C350.15.,product_trade_compliance.regime_eu_dual,2-Chloroethanol (CAS 107-07-3);
compliance_code_eu_223522,1C350.16.,product_trade_compliance.regime_eu_dual,Dimethylamine (CAS 124-40-3);
compliance_code_eu_223523,1C350.17.,product_trade_compliance.regime_eu_dual,Diethyl ethylphosphonate (CAS 78-38-6);
compliance_code_eu_223524,1C350.18.,product_trade_compliance.regime_eu_dual,"Diethyl N,N-dimethylphosphoramidate (CAS 2404-03-7);"
compliance_code_eu_223525,1C350.19.,product_trade_compliance.regime_eu_dual,Diethyl phosphite (CAS 762-04-9);
compliance_code_eu_223526,1C350.20.,product_trade_compliance.regime_eu_dual,Dimethylamine hydrochloride (CAS 506-59-2);
compliance_code_eu_223527,1C350.21.,product_trade_compliance.regime_eu_dual,Ethyl phosphinyl dichloride (CAS 1498-40-4);
compliance_code_eu_223528,1C350.22.,product_trade_compliance.regime_eu_dual,Ethyl phosphonyl dichloride (CAS 1066-50-8);
compliance_code_eu_223529,1C350.23.,product_trade_compliance.regime_eu_dual,SEE MILITARY GOODS CONTROLS for Ethyl phosphonyl difluoride (CAS 753-98-0);
compliance_code_eu_223530,1C350.24.,product_trade_compliance.regime_eu_dual,Hydrogen fluoride (CAS 7664-39-3);
compliance_code_eu_223531,1C350.25.,product_trade_compliance.regime_eu_dual,Methyl benzilate (CAS 76-89-1);
compliance_code_eu_223532,1C350.26.,product_trade_compliance.regime_eu_dual,Methyl phosphinyl dichloride (CAS 676-83-5);
compliance_code_eu_223533,1C350.27.,product_trade_compliance.regime_eu_dual,"N,N-Diisopropyl-(beta)-amino ethanol (CAS 96-80-0);"
compliance_code_eu_223534,1C350.28.,product_trade_compliance.regime_eu_dual,Pinacolyl alcohol (CAS 464-07-3);
compliance_code_eu_223535,1C350.29.,product_trade_compliance.regime_eu_dual,SEE MILITARY GOODS CONTROLS for O Ethyl O-2 diisopropylaminoethyl methylphosphonite (QL) (CAS 57856 11 8);
compliance_code_eu_223536,1C350.30.,product_trade_compliance.regime_eu_dual,Triethyl phosphite (CAS 122-52-1);
compliance_code_eu_223537,1C350.31.,product_trade_compliance.regime_eu_dual,Arsenic trichloride (CAS 7784-34-1);
compliance_code_eu_223538,1C350.32.,product_trade_compliance.regime_eu_dual,Benzilic acid (CAS 76-93-7);
compliance_code_eu_223539,1C350.33.,product_trade_compliance.regime_eu_dual,Diethyl methylphosphonite (CAS 15715-41-0);
compliance_code_eu_223540,1C350.34.,product_trade_compliance.regime_eu_dual,Dimethyl ethylphosphonate (CAS 6163-75-3);
compliance_code_eu_223541,1C350.35.,product_trade_compliance.regime_eu_dual,Ethyl phosphinyl difluoride (CAS 430-78-4);
compliance_code_eu_223542,1C350.36.,product_trade_compliance.regime_eu_dual,Methyl phosphinyl difluoride (CAS 753-59-3);
compliance_code_eu_223543,1C350.37.,product_trade_compliance.regime_eu_dual,3-Quinuclidone (CAS 3731-38-2);
compliance_code_eu_223544,1C350.38.,product_trade_compliance.regime_eu_dual,Phosphorus pentachloride (CAS 10026-13-8);
compliance_code_eu_223545,1C350.39.,product_trade_compliance.regime_eu_dual,Pinacolone (CAS 75-97-8);
compliance_code_eu_223546,1C350.40.,product_trade_compliance.regime_eu_dual,Potassium cyanide (CAS 151-50-8);
compliance_code_eu_223547,1C350.41.,product_trade_compliance.regime_eu_dual,Potassium bifluoride (CAS 7789-29-9);
compliance_code_eu_223548,1C350.42.,product_trade_compliance.regime_eu_dual,Ammonium hydrogen fluoride or ammonium bifluoride (CAS 1341 49 7);
compliance_code_eu_223549,1C350.43.,product_trade_compliance.regime_eu_dual,Sodium fluoride (CAS 7681-49-4);
compliance_code_eu_223550,1C350.44.,product_trade_compliance.regime_eu_dual,Sodium bifluoride (CAS 1333-83-1);
compliance_code_eu_223551,1C350.45.,product_trade_compliance.regime_eu_dual,Sodium cyanide (CAS 143-33-9);
compliance_code_eu_223552,1C350.46.,product_trade_compliance.regime_eu_dual,Triethanolamine (CAS 102-71-6);
compliance_code_eu_223553,1C350.47.,product_trade_compliance.regime_eu_dual,Phosphorus pentasulphide (CAS 1314-80-3);
compliance_code_eu_223554,1C350.48.,product_trade_compliance.regime_eu_dual,Di-isopropylamine (CAS 108-18-9);
compliance_code_eu_223555,1C350.49.,product_trade_compliance.regime_eu_dual,Diethylaminoethanol (CAS 100-37-8);
compliance_code_eu_223556,1C350.50.,product_trade_compliance.regime_eu_dual,Sodium sulphide (CAS 1313-82-2);
compliance_code_eu_223557,1C350.51.,product_trade_compliance.regime_eu_dual,Sulphur monochloride (CAS 10025-67-9);
compliance_code_eu_223558,1C350.52.,product_trade_compliance.regime_eu_dual,Sulphur dichloride (CAS 10545-99-0);
compliance_code_eu_223559,1C350.53.,product_trade_compliance.regime_eu_dual,Triethanolamine hydrochloride (CAS 637-39-8);
compliance_code_eu_223560,1C350.54.,product_trade_compliance.regime_eu_dual,"N,N-Diisopropyl-(beta)-aminoethyl chloride hydrochloride (CAS 4261-68-1);"
compliance_code_eu_223561,1C350.55.,product_trade_compliance.regime_eu_dual,Methylphosphonic acid (CAS 993-13-5);
compliance_code_eu_223562,1C350.56.,product_trade_compliance.regime_eu_dual,Diethyl methylphosphonate (CAS 683-08-9);
compliance_code_eu_223563,1C350.57.,product_trade_compliance.regime_eu_dual,"N,N-Dimethylaminophosphoryl dichloride (CAS 677-43-0);"
compliance_code_eu_223564,1C350.58.,product_trade_compliance.regime_eu_dual,Triisopropyl phosphite (CAS 116-17-6);
compliance_code_eu_223565,1C350.59.,product_trade_compliance.regime_eu_dual,Ethyldiethanolamine (CAS 139-87-7);
compliance_code_eu_223566,1C350.60.,product_trade_compliance.regime_eu_dual,"O,O-Diethyl phosphorothioate (CAS 2465-65-8);"
compliance_code_eu_223567,1C350.61.,product_trade_compliance.regime_eu_dual,"O,O-Diethyl phosphorodithioate (CAS 298-06-6);"
compliance_code_eu_223568,1C350.62.,product_trade_compliance.regime_eu_dual,Sodium hexafluorosilicate (CAS 16893-85-9);
compliance_code_eu_223569,1C350.63.,product_trade_compliance.regime_eu_dual,Methylphosphonothioic dichloride (CAS 676-98-2);
compliance_code_eu_223570,1C350.64.,product_trade_compliance.regime_eu_dual,Diethylamine (CAS 109-89-7);
compliance_code_eu_223571,1C350.65.,product_trade_compliance.regime_eu_dual,"N,N-Diisopropylaminoethanethiol hydrochloride (CAS 41480-75-5);"
compliance_code_eu_223572,1C350.66.,product_trade_compliance.regime_eu_dual,Methyl dichlorophosphate (CAS 677-24-7);
compliance_code_eu_223573,1C350.67.,product_trade_compliance.regime_eu_dual,Ethyl dichlorophosphate (CAS 1498-51-7);
compliance_code_eu_223574,1C350.68.,product_trade_compliance.regime_eu_dual,Methyl difluorophosphate (CAS 22382-13-4);
compliance_code_eu_223575,1C350.69.,product_trade_compliance.regime_eu_dual,Ethyl difluorophosphate (CAS 460-52-6);
compliance_code_eu_223576,1C350.70.,product_trade_compliance.regime_eu_dual,Diethyl chlorophosphite (CAS 589-57-1);
compliance_code_eu_223577,1C350.71.,product_trade_compliance.regime_eu_dual,Methyl chlorofluorophosphate (CAS 754-01-8);
compliance_code_eu_223578,1C350.72.,product_trade_compliance.regime_eu_dual,Ethyl chlorofluorophosphate (CAS 762-77-6);
compliance_code_eu_223579,1C350.73.,product_trade_compliance.regime_eu_dual,"N,N-Dimethylformamidine (CAS 44205-42-7);"
compliance_code_eu_223580,1C350.74.,product_trade_compliance.regime_eu_dual,"N,N-Diethylformamidine (CAS 90324-67-7);"
compliance_code_eu_223581,1C350.75.,product_trade_compliance.regime_eu_dual,"N,N-Dipropylformamidine (CAS 48044-20-8);"
compliance_code_eu_223582,1C350.76.,product_trade_compliance.regime_eu_dual,"N,N-Diisopropylformamidine (CAS 857522-08-8);"
compliance_code_eu_223583,1C350.77.,product_trade_compliance.regime_eu_dual,"N,N-Dimethylacetamidine (CAS 2909-14-0);"
compliance_code_eu_223584,1C350.78.,product_trade_compliance.regime_eu_dual,"N,N-Diethylacetamidine (CAS 14277-06-6);"
compliance_code_eu_223585,1C350.79.,product_trade_compliance.regime_eu_dual,"N,N-Dipropylacetamidine (CAS 1339586-99-0);"
compliance_code_eu_223586,1C350.80,product_trade_compliance.regime_eu_dual,"N,N-Dimethylpropanamidine (CAS 56776-14-8);"
compliance_code_eu_223587,1C350.81.,product_trade_compliance.regime_eu_dual,"N,N-Diethylpropanamidine (CAS 84764-73-8);"
compliance_code_eu_223588,1C350.82.,product_trade_compliance.regime_eu_dual,"N,N-Dipropylpropanamidine (CAS 1341496-89-6);"
compliance_code_eu_223589,1C350.83.,product_trade_compliance.regime_eu_dual,"N,N-Dimethylbutanamidine (CAS 1340437-35-5);"
compliance_code_eu_223590,1C350.84.,product_trade_compliance.regime_eu_dual,"N,N-Diethylbutanamidine (CAS 53510-30-8);"
compliance_code_eu_223591,1C350.85.,product_trade_compliance.regime_eu_dual,"N,N-Dipropylbutanamidine (CAS 1342422-35-8);"
compliance_code_eu_223592,1C350.86.,product_trade_compliance.regime_eu_dual,"N,N-Diisopropylbutanamidine (CAS 1315467-17-4);"
compliance_code_eu_223593,1C350.87.,product_trade_compliance.regime_eu_dual,"N,N-Dimethylisobutanamidine (CAS 321881-25-8);"
compliance_code_eu_223594,1C350.88.,product_trade_compliance.regime_eu_dual,"N,N-Diethylisobutanamidine (CAS 1342789-47-2);"
compliance_code_eu_223595,1C350.89.,product_trade_compliance.regime_eu_dual,"N,N-Dipropylisobutanamidine (CAS 1342700-45-1)."
compliance_code_eu_223596,1C350.90.,product_trade_compliance.regime_eu_dual,Dipropylamine (CAS 142-84-7).
compliance_code_eu_223597,1C351,product_trade_compliance.regime_eu_dual,"Human and animal pathogens and ""toxins"", as follows:"
compliance_code_eu_223598,1C351.a.,product_trade_compliance.regime_eu_dual,"Viruses, whether natural, enhanced or modified, either in the form of ""isolated live cultures"" or as material including living material which has been deliberately inoculated or contaminated with such cultures, as follows:"
compliance_code_eu_223599,1C351.a.1.,product_trade_compliance.regime_eu_dual,African horse sickness virus;
compliance_code_eu_223600,1C351.a.2.,product_trade_compliance.regime_eu_dual,African swine fever virus;
compliance_code_eu_223601,1C351.a.3.,product_trade_compliance.regime_eu_dual,Andes virus;
compliance_code_eu_223602,1C351.a.4.,product_trade_compliance.regime_eu_dual,"Avian influenza virus, which are:"
compliance_code_eu_223603,1C351.a.4.a.,product_trade_compliance.regime_eu_dual,Uncharacterised; or
compliance_code_eu_223604,1C351.a.4.b.,product_trade_compliance.regime_eu_dual,"Defined in Annex I(2) EC Directive 2005/94/EC (OJ L 10, 14.1.2006 p. 16) as having high pathogenicity, as follows:"
compliance_code_eu_223605,1C351.a.4.b.1.,product_trade_compliance.regime_eu_dual,"Type A viruses with an IVPI (intravenous pathogenicity index) in 6 week old chickens of greater than 1,2; or"
compliance_code_eu_223606,1C351.a.4.b.2.,product_trade_compliance.regime_eu_dual,"Type A viruses of the subtypes H5 or H7 with genome sequences codified for multiple basic amino acids at the cleavage site of the haemagglutinin molecule similar to that observed for other HPAI viruses, indicating that the haemagglutinin molecule can be cleaved by a host ubiquitous protease;"
compliance_code_eu_223607,1C351.a.5.,product_trade_compliance.regime_eu_dual,Bluetongue virus;
compliance_code_eu_223608,1C351.a.6.,product_trade_compliance.regime_eu_dual,Chapare virus;
compliance_code_eu_223609,1C351.a.7.,product_trade_compliance.regime_eu_dual,Chikungunya virus;
compliance_code_eu_223610,1C351.a.8.,product_trade_compliance.regime_eu_dual,Choclo virus;
compliance_code_eu_223611,1C351.a.9.,product_trade_compliance.regime_eu_dual,Crimean-Congo hemorrhagic fever virus;
compliance_code_eu_223612,1C351.a.10.,product_trade_compliance.regime_eu_dual,Not used;
compliance_code_eu_223613,1C351.a.11.,product_trade_compliance.regime_eu_dual,Dobrava-Belgrade virus;
compliance_code_eu_223614,1C351.a.12.,product_trade_compliance.regime_eu_dual,Eastern equine encephalitis virus;
compliance_code_eu_223615,1C351.a.13.,product_trade_compliance.regime_eu_dual,Ebolavirus: all members of the Ebolavirus genus;
compliance_code_eu_223616,1C351.a.14.,product_trade_compliance.regime_eu_dual,Foot-and-mouth disease virus;
compliance_code_eu_223617,1C351.a.15.,product_trade_compliance.regime_eu_dual,Goatpox virus;
compliance_code_eu_223618,1C351.a.16.,product_trade_compliance.regime_eu_dual,Guanarito virus;
compliance_code_eu_223619,1C351.a.17.,product_trade_compliance.regime_eu_dual,Hantaan virus;
compliance_code_eu_223620,1C351.a.18.,product_trade_compliance.regime_eu_dual,Hendra virus (Equine morbillivirus);
compliance_code_eu_223621,1C351.a.19.,product_trade_compliance.regime_eu_dual,Suid herpesvirus 1 (Pseudorabies virus; Aujeszky`s disease);
compliance_code_eu_223622,1C351.a.20.,product_trade_compliance.regime_eu_dual,Classical swine fever virus (Hog cholera virus);
compliance_code_eu_223623,1C351.a.21.,product_trade_compliance.regime_eu_dual,Japanese encephalitis virus;
compliance_code_eu_223624,1C351.a.22.,product_trade_compliance.regime_eu_dual,Junin virus;
compliance_code_eu_223625,1C351.a.23.,product_trade_compliance.regime_eu_dual,Kyasanur Forest disease virus;
compliance_code_eu_223626,1C351.a.24.,product_trade_compliance.regime_eu_dual,Laguna Negra virus;
compliance_code_eu_223627,1C351.a.25.,product_trade_compliance.regime_eu_dual,Lassa virus;
compliance_code_eu_223628,1C351.a.26.,product_trade_compliance.regime_eu_dual,Louping ill virus;
compliance_code_eu_223629,1C351.a.27.,product_trade_compliance.regime_eu_dual,Lujo virus;
compliance_code_eu_223630,1C351.a.28.,product_trade_compliance.regime_eu_dual,Lumpy skin disease virus;
compliance_code_eu_223631,1C351.a.29.,product_trade_compliance.regime_eu_dual,Lymphocytic choriomeningitis virus;
compliance_code_eu_223632,1C351.a.30.,product_trade_compliance.regime_eu_dual,Machupo virus;
compliance_code_eu_223633,1C351.a.31.,product_trade_compliance.regime_eu_dual,Marburgvirus: all members of the Marburgvirus genus;
compliance_code_eu_223634,1C351.a.32.,product_trade_compliance.regime_eu_dual,Monkeypox virus;
compliance_code_eu_223635,1C351.a.33.,product_trade_compliance.regime_eu_dual,Murray Valley encephalitis virus;
compliance_code_eu_223636,1C351.a.34.,product_trade_compliance.regime_eu_dual,Newcastle disease virus;
compliance_code_eu_223637,1C351.a.35.,product_trade_compliance.regime_eu_dual,Nipah virus;
compliance_code_eu_223638,1C351.a.36.,product_trade_compliance.regime_eu_dual,Omsk hemorrhagic fever virus;
compliance_code_eu_223639,1C351.a.37.,product_trade_compliance.regime_eu_dual,Oropouche virus;
compliance_code_eu_223640,1C351.a.38.,product_trade_compliance.regime_eu_dual,Peste-des-petits-ruminants virus;
compliance_code_eu_223641,1C351.a.39.,product_trade_compliance.regime_eu_dual,Swine vesicular disease virus;
compliance_code_eu_223642,1C351.a.40.,product_trade_compliance.regime_eu_dual,Powassan virus;
compliance_code_eu_223643,1C351.a.41.,product_trade_compliance.regime_eu_dual,Rabies virus and all other members of the Lyssavirus genus;
compliance_code_eu_223644,1C351.a.42.,product_trade_compliance.regime_eu_dual,Rift Valley fever virus;
compliance_code_eu_223645,1C351.a.43.,product_trade_compliance.regime_eu_dual,Rinderpest virus;
compliance_code_eu_223646,1C351.a.44.,product_trade_compliance.regime_eu_dual,Rocio virus;
compliance_code_eu_223647,1C351.a.45.,product_trade_compliance.regime_eu_dual,Sabia virus;
compliance_code_eu_223648,1C351.a.46.,product_trade_compliance.regime_eu_dual,Seoul virus;
compliance_code_eu_223649,1C351.a.47.,product_trade_compliance.regime_eu_dual,Sheeppox virus;
compliance_code_eu_223650,1C351.a.48.,product_trade_compliance.regime_eu_dual,Sin Nombre virus;
compliance_code_eu_223651,1C351.a.49.,product_trade_compliance.regime_eu_dual,St. Louis encephalitis virus;
compliance_code_eu_223652,1C351.a.50.,product_trade_compliance.regime_eu_dual,Porcine Teschovirus;
compliance_code_eu_223653,1C351.a.51.,product_trade_compliance.regime_eu_dual,Tick-borne encephalitis virus (Far Eastern subtype);
compliance_code_eu_223654,1C351.a.52.,product_trade_compliance.regime_eu_dual,Variola virus;
compliance_code_eu_223655,1C351.a.53.,product_trade_compliance.regime_eu_dual,Venezuelan equine encephalitis virus;
compliance_code_eu_223656,1C351.a.54.,product_trade_compliance.regime_eu_dual,Vesicular stomatitis virus;
compliance_code_eu_223657,1C351.a.55.,product_trade_compliance.regime_eu_dual,Western equine encephalitis virus;
compliance_code_eu_223658,1C351.a.56.,product_trade_compliance.regime_eu_dual,Yellow fever virus;
compliance_code_eu_223659,1C351.a.57.,product_trade_compliance.regime_eu_dual,Severe acute respiratory syndrome-related coronavirus (SARS-related coronavirus);
compliance_code_eu_223660,1C351.a.58.,product_trade_compliance.regime_eu_dual,Reconstructed 1918 influenza virus;
compliance_code_eu_223661,1C351.a.59.,product_trade_compliance.regime_eu_dual,Middle East respiratory syndrome-related coronavirus (MERS-related coronavirus);
compliance_code_eu_223662,1C351.b.,product_trade_compliance.regime_eu_dual,Not used;
compliance_code_eu_223663,1C351.c.,product_trade_compliance.regime_eu_dual,"Bacteria, whether natural, enhanced or modified, either in the form of ""isolated live cultures"" or as material including living material which has been deliberately inoculated or contaminated with such cultures, as follows:"
compliance_code_eu_223664,1C351.c.1.,product_trade_compliance.regime_eu_dual,Bacillus anthracis;
compliance_code_eu_223665,1C351.c.2.,product_trade_compliance.regime_eu_dual,Brucella abortus;
compliance_code_eu_223666,1C351.c.3.,product_trade_compliance.regime_eu_dual,Brucella melitensis;
compliance_code_eu_223667,1C351.c.4.,product_trade_compliance.regime_eu_dual,Brucella suis;
compliance_code_eu_223668,1C351.c.5.,product_trade_compliance.regime_eu_dual,Burkholderia mallei (Pseudomonas mallei);
compliance_code_eu_223669,1C351.c.6.,product_trade_compliance.regime_eu_dual,Burkholderia pseudomallei (Pseudomonas pseudomallei);
compliance_code_eu_223670,1C351.c.7.,product_trade_compliance.regime_eu_dual,Chlamydia psittaci (Chlamydophila psittaci);
compliance_code_eu_223671,1C351.c.8.,product_trade_compliance.regime_eu_dual,"Clostridium argentinense (formerly known as Clostridium botulinum Type G), botulinum neurotoxin producing strains;"
compliance_code_eu_223672,1C351.c.9.,product_trade_compliance.regime_eu_dual,"Clostridium baratii, botulinum neurotoxin producing strains;"
compliance_code_eu_223673,1C351.c.10.,product_trade_compliance.regime_eu_dual,Clostridium botulinum;
compliance_code_eu_223674,1C351.c.11.,product_trade_compliance.regime_eu_dual,"Clostridium butyricum, botulinum neurotoxin producing strains;"
compliance_code_eu_223675,1C351.c.12.,product_trade_compliance.regime_eu_dual,Clostridium perfringens epsilon toxin producing types;
compliance_code_eu_223676,1C351.c.13.,product_trade_compliance.regime_eu_dual,Coxiella burnetii;
compliance_code_eu_223677,1C351.c.14.,product_trade_compliance.regime_eu_dual,Francisella tularensis;
compliance_code_eu_223678,1C351.c.15.,product_trade_compliance.regime_eu_dual,Mycoplasma capricolum subspecies capripneumoniae (strain F38);
compliance_code_eu_223679,1C351.c.16.,product_trade_compliance.regime_eu_dual,Mycoplasma mycoides subspecies mycoides SC (small colony);
compliance_code_eu_223680,1C351.c.17.,product_trade_compliance.regime_eu_dual,Rickettsia prowazekii;
compliance_code_eu_223681,1C351.c.18.,product_trade_compliance.regime_eu_dual,Salmonella enterica subspecies enterica serovar Typhi (Salmonella typhi);
compliance_code_eu_223682,1C351.c.19.,product_trade_compliance.regime_eu_dual,"Shiga toxin producing Escherichia coli (STEC) of serogroups O26, O45, O103, O104, O111, O121, O145, O157, and other shiga toxin producing serogroups;"
compliance_code_eu_223683,1C351.c.20.,product_trade_compliance.regime_eu_dual,Shigella dysenteriae;
compliance_code_eu_223684,1C351.c.21.,product_trade_compliance.regime_eu_dual,Vibrio cholerae;
compliance_code_eu_223685,1C351.c.22.,product_trade_compliance.regime_eu_dual,Yersinia pestis;
compliance_code_eu_223686,1C351.d.,product_trade_compliance.regime_eu_dual,"""Toxins"", as follows, and ""sub-unit of toxins"" thereof:"
compliance_code_eu_223687,1C351.d.1.,product_trade_compliance.regime_eu_dual,Botulinum toxins;
compliance_code_eu_223688,1C351.d.2.,product_trade_compliance.regime_eu_dual,"Clostridium perfringens alpha, beta 1, beta 2, epsilon and iota toxins;"
compliance_code_eu_223689,1C351.d.3.,product_trade_compliance.regime_eu_dual,Conotoxins;
compliance_code_eu_223690,1C351.d.4.,product_trade_compliance.regime_eu_dual,Ricin;
compliance_code_eu_223691,1C351.d.5.,product_trade_compliance.regime_eu_dual,Saxitoxin;
compliance_code_eu_223692,1C351.d.6.,product_trade_compliance.regime_eu_dual,"Shiga toxins (shiga-like toxins, verotoxins and verocytotoxins)"
compliance_code_eu_223693,1C351.d.7.,product_trade_compliance.regime_eu_dual,"Staphylococcus aureus enterotoxins, hemolysin alpha toxin, and toxic shock syndrome toxin (formerly known as Staphylococcus enterotoxin F);"
compliance_code_eu_223694,1C351.d.8.,product_trade_compliance.regime_eu_dual,Tetrodotoxin;
compliance_code_eu_223695,1C351.d.9.,product_trade_compliance.regime_eu_dual,Not used;
compliance_code_eu_223696,1C351.d.10.,product_trade_compliance.regime_eu_dual,Microcystins (Cyanginosins);
compliance_code_eu_223697,1C351.d.11.,product_trade_compliance.regime_eu_dual,Aflatoxins;
compliance_code_eu_223698,1C351.d.12.,product_trade_compliance.regime_eu_dual,Abrin;
compliance_code_eu_223699,1C351.d.13.,product_trade_compliance.regime_eu_dual,Not used;
compliance_code_eu_223700,1C351.d.14.,product_trade_compliance.regime_eu_dual,Diacetoxyscirpenol;
compliance_code_eu_223701,1C351.d.15.,product_trade_compliance.regime_eu_dual,T-2 toxin;
compliance_code_eu_223702,1C351.d.16.,product_trade_compliance.regime_eu_dual,HT-2 toxin;
compliance_code_eu_223703,1C351.d.17.,product_trade_compliance.regime_eu_dual,Modeccin;
compliance_code_eu_223704,1C351.d.18.,product_trade_compliance.regime_eu_dual,Volkensin;
compliance_code_eu_223705,1C351.d.19.,product_trade_compliance.regime_eu_dual,Viscumin (Viscum Album Lectin 1);
compliance_code_eu_223706,1C351.d.20.,product_trade_compliance.regime_eu_dual,Brevetoxins;
compliance_code_eu_223707,1C351.d.21.,product_trade_compliance.regime_eu_dual,Gonyautoxins;
compliance_code_eu_223708,1C351.d.22.,product_trade_compliance.regime_eu_dual,Nodularins;
compliance_code_eu_223709,1C351.d.23.,product_trade_compliance.regime_eu_dual,Palytoxin;
compliance_code_eu_223710,1C351.d.24.,product_trade_compliance.regime_eu_dual,Neosaxitoxin (NEO).
compliance_code_eu_223711,1C351.e.,product_trade_compliance.regime_eu_dual,"Fungi, whether natural, enhanced or modified, either in the form of ""isolated live cultures"" or as material including living material which has been deliberately inoculated or contaminated with such cultures, as follows:"
compliance_code_eu_223712,1C351.e.1.,product_trade_compliance.regime_eu_dual,Coccidioides immitis;
compliance_code_eu_223713,1C351.e.2.,product_trade_compliance.regime_eu_dual,Coccidioides posadasii.
compliance_code_eu_223714,1C352,product_trade_compliance.regime_eu_dual,"Animal pathogens, as follows"
compliance_code_eu_223715,1C352.a.,product_trade_compliance.regime_eu_dual,"Viruses, whether natural, enhanced or modified, either in the form of ″isolated live cultures″ or as mate?rial including living material which has been deliberately inoculated or contaminated with such cultures, as follows:"
compliance_code_eu_223716,1C352.a.1.,product_trade_compliance.regime_eu_dual,African swine fever virus;
compliance_code_eu_223717,1C352.a.2.,product_trade_compliance.regime_eu_dual,"Avian influenza virus, which are:"
compliance_code_eu_223718,1C352.a.2.a,product_trade_compliance.regime_eu_dual,Uncharacterised; or
compliance_code_eu_223719,1C352.a.2.b.,product_trade_compliance.regime_eu_dual,"Defined in Annex  I(2) EC Directive 2005/94/EC (OJ  L  10, 14.1.2006, p.  16) as having high pathogenicity, as follows:"
compliance_code_eu_223720,1C352.a.2.b.1,product_trade_compliance.regime_eu_dual,"Type A viruses with an IVPI (intravenous pathogenicity index) in 6 week old chickens of greater than 1,2; or"
compliance_code_eu_223721,1C352.a.2.b.2,product_trade_compliance.regime_eu_dual,"Type A viruses of the subtypes H5 or H7 with genome sequences codified for multiple basic amino acids at the cleavage site of the haemagglutinin molecule similar to that observed for other HPAI viruses, indicating that the haemagglutinin molecule can be cleaved by a host ubiquitous protease"
compliance_code_eu_223722,1C352.a.3.,product_trade_compliance.regime_eu_dual,Bluetongue virus;
compliance_code_eu_223723,1C352.a.4.,product_trade_compliance.regime_eu_dual,Foot and mouth disease virus;
compliance_code_eu_223724,1C352.a.5.,product_trade_compliance.regime_eu_dual,Goat pox virus;
compliance_code_eu_223725,1C352.a.6.,product_trade_compliance.regime_eu_dual,Porcine herpes virus (Aujeszky’s disease);
compliance_code_eu_223726,1C352.a.7.,product_trade_compliance.regime_eu_dual,Swine fever virus (Hog cholera virus);
compliance_code_eu_223727,1C352.a.8.,product_trade_compliance.regime_eu_dual,Lyssa virus;
compliance_code_eu_223728,1C352.a.9.,product_trade_compliance.regime_eu_dual,Newcastle disease virus;
compliance_code_eu_223729,1C352.a.10.,product_trade_compliance.regime_eu_dual,Peste des petits ruminants virus;
compliance_code_eu_223730,1C352.a.11.,product_trade_compliance.regime_eu_dual,Porcine enterovirus type 9 (swine vesicular disease virus);
compliance_code_eu_223731,1C352.a.12.,product_trade_compliance.regime_eu_dual,Rinderpest virus;
compliance_code_eu_223732,1C352.a.13.,product_trade_compliance.regime_eu_dual,Sheep pox virus;
compliance_code_eu_223733,1C352.a.14.,product_trade_compliance.regime_eu_dual,Teschen disease virus;
compliance_code_eu_223734,1C352.a.15.,product_trade_compliance.regime_eu_dual,Vesicular stomatitis virus;
compliance_code_eu_223735,1C352.a.16.,product_trade_compliance.regime_eu_dual,Lumpy skin disease virus;
compliance_code_eu_223736,1C352.a.17.,product_trade_compliance.regime_eu_dual,African horse sickness virus.
compliance_code_eu_223737,1C352.b.,product_trade_compliance.regime_eu_dual,"Mycoplasmas, whether natural, enhanced or modified, either in the form of ″isolated live cultures″ or as material including living material which has been deliberately inoculated or contaminated with such cul?tures, as follows:"
compliance_code_eu_223738,1C352.b.1.,product_trade_compliance.regime_eu_dual,Mycoplasma mycoides subspecies mycoides SC (small colony);
compliance_code_eu_223739,1C352.b.2.,product_trade_compliance.regime_eu_dual,Mycoplasma capricolum subspecies capripneumoniae.
compliance_code_eu_223740,1C353,product_trade_compliance.regime_eu_dual,"‘Genetic elements’ and ‘genetically-modified organisms’, as follows:"
compliance_code_eu_223741,1C353.a.,product_trade_compliance.regime_eu_dual,"Any ‘genetically-modified organism’ which contains, or ‘genetic element’ that codes for, any of the following:"
compliance_code_eu_223742,1C353.a.1.,product_trade_compliance.regime_eu_dual,Any gene or genes specific to any virus specified in 1C351.a. or 1C354.a.;
compliance_code_eu_223743,1C353.a.2.,product_trade_compliance.regime_eu_dual,"Any gene or genes specific to any bacterium specified in 1C351.c. or 1C354.b. or fungus specified in 1C351.e. or 1C354.c., and which is any of the following:"
compliance_code_eu_223744,1C353.a.2.a,product_trade_compliance.regime_eu_dual,"In itself or through its transcribed or translated products represents a significant hazard to human, animal or plant health; or"
compliance_code_eu_223745,1C353.a.2.b,product_trade_compliance.regime_eu_dual,Could ‘endow or enhance pathogenicity’; or
compliance_code_eu_223746,1C353.a.3.,product_trade_compliance.regime_eu_dual,"Any ""toxins"" specified in 1C351.d. or ""sub-units of toxins"" therefor;"
compliance_code_eu_223747,1C353.b.,product_trade_compliance.regime_eu_dual,Not used.
compliance_code_eu_223748,1C354,product_trade_compliance.regime_eu_dual,"Plant pathogens, as follows:"
compliance_code_eu_223749,1C354.a.,product_trade_compliance.regime_eu_dual,"Viruses, whether natural, enhanced or modified, either in the form of ""isolated live cultures"" or as material including living material which has been deliberately inoculated or contaminated with such cultures, as follows:"
compliance_code_eu_223750,1C354.a.1.,product_trade_compliance.regime_eu_dual,Andean potato latent virus (Potato Andean latent tymovirus);
compliance_code_eu_223751,1C354.a.2.,product_trade_compliance.regime_eu_dual,Potato spindle tuber viroid;
compliance_code_eu_223752,1C354.b.,product_trade_compliance.regime_eu_dual,"Bacteria, whether natural, enhanced or modified, either in the form of ""isolated live cultures"" or as material which has been deliberately inoculated or contaminated with such cultures, as follows:"
compliance_code_eu_223753,1C354.b.1.,product_trade_compliance.regime_eu_dual,Xanthomonas albilineans;
compliance_code_eu_223754,1C354.b.2.,product_trade_compliance.regime_eu_dual,Xanthomonas axonopodis pv. citri (Xanthomonas campestris pv. citri A) [Xanthomonas campestris pv. citri];
compliance_code_eu_223755,1C354.b.3.,product_trade_compliance.regime_eu_dual,Xanthomonas oryzae pv. oryzae (Pseudomonas campestris pv. oryzae);
compliance_code_eu_223756,1C354.b.4.,product_trade_compliance.regime_eu_dual,Clavibacter michiganensis subsp. sepedonicus (Corynebacterium michiganensis subsp. sepedonicum or Corynebacterium sepedonicum);
compliance_code_eu_223757,1C354.b.5.,product_trade_compliance.regime_eu_dual,"Ralstonia solanacearum, race 3, biovar 2;"
compliance_code_eu_223758,1C354.c.,product_trade_compliance.regime_eu_dual,"Fungi, whether natural, enhanced or modified, either in the form of ""isolated live cultures"" or as material which has been deliberately inoculated or contaminated with such cultures, as follows:"
compliance_code_eu_223759,1C354.c.1.,product_trade_compliance.regime_eu_dual,Colletotrichum kahawae (Colletotrichum coffeanum var. virulans);
compliance_code_eu_223760,1C354.c.2.,product_trade_compliance.regime_eu_dual,Cochliobolus miyabeanus (Helminthosporium oryzae);
compliance_code_eu_223761,1C354.c.3.,product_trade_compliance.regime_eu_dual,Microcyclus ulei (syn. Dothidella ulei);
compliance_code_eu_223762,1C354.c.4.,product_trade_compliance.regime_eu_dual,Puccinia graminis ssp. graminis var. graminis / Puccinia graminis ssp. graminis var. stakmanii (Puccinia graminis [syn. Puccinia graminis f. sp. tritici]);
compliance_code_eu_223763,1C354.c.5.,product_trade_compliance.regime_eu_dual,Puccinia striiformis (syn. Puccinia glumarum);
compliance_code_eu_223764,1C354.c.6.,product_trade_compliance.regime_eu_dual,Magnaporthe oryzae (Pyricularia oryzae);
compliance_code_eu_223765,1C354.c.7.,product_trade_compliance.regime_eu_dual,Peronosclerospora philippinensis (Peronosclerospora sacchari);
compliance_code_eu_223766,1C354.c.8.,product_trade_compliance.regime_eu_dual,Sclerophthora rayssiae var. zeae;
compliance_code_eu_223767,1C354.c.9.,product_trade_compliance.regime_eu_dual,Synchytrium endobioticium;
compliance_code_eu_223768,1C354.c.10.,product_trade_compliance.regime_eu_dual,Tilletia indica;
compliance_code_eu_223769,1C354.c.11.,product_trade_compliance.regime_eu_dual,Thecaphora solani.
compliance_code_eu_223770,1C450,product_trade_compliance.regime_eu_dual,"Toxic chemicals and toxic chemical precursors, as follows, and ""chemical mixtures"" containing one or more thereof:"
compliance_code_eu_223771,1C450.a.,product_trade_compliance.regime_eu_dual,"Toxic chemicals, as follows:"
compliance_code_eu_223772,1C450.a.1.,product_trade_compliance.regime_eu_dual,"Amiton: O,O-Diethyl S-[2-(diethylamino)ethyl] phosphorothiolate (CAS 78-53-5) and corresponding alkylated or protonated salts;"
compliance_code_eu_223773,1C450.a.2.,product_trade_compliance.regime_eu_dual,"PFIB: 1,1,3,3,3-Pentafluoro-2-(trifluoromethyl)-1-propene (CAS 382-21-8);"
compliance_code_eu_223774,1C450.a.3.,product_trade_compliance.regime_eu_dual,SEE MILITARY GOODS CONTROLS FOR BZ: 3-Quinuclidinyl benzilate (CAS 6581-06-2);
compliance_code_eu_223775,1C450.a.4.,product_trade_compliance.regime_eu_dual,Phosgene: Carbonyl dichloride (CAS 75-44-5);
compliance_code_eu_223776,1C450.a.5.,product_trade_compliance.regime_eu_dual,Cyanogen chloride (CAS 506-77-4);
compliance_code_eu_223777,1C450.a.6.,product_trade_compliance.regime_eu_dual,Hydrogen cyanide (CAS 74-90-8);
compliance_code_eu_223778,1C450.a.7.,product_trade_compliance.regime_eu_dual,Chloropicrin: Trichloronitromethane (CAS 76-06-2);
compliance_code_eu_223779,1C450.b.,product_trade_compliance.regime_eu_dual,"Toxic chemical precursors, as follows:"
compliance_code_eu_223780,1C450.b.1.,product_trade_compliance.regime_eu_dual,"Chemicals, other than those specified in the Military Goods Controls or in 1C350, containing a phosphorus atom to which is bonded one methyl, ethyl or propyl (normal or iso) group but not further carbon atoms;"
compliance_code_eu_223781,1C450.b.2.,product_trade_compliance.regime_eu_dual,"N,N-Dialkyl [methyl, ethyl or propyl (normal or iso)] phosphoramidic dihalides, other than N,N-Dimethylaminophosphoryl dichloride;"
compliance_code_eu_223782,1C450.b.3.,product_trade_compliance.regime_eu_dual,"Dialkyl [methyl, ethyl or propyl (normal or iso)] N,N-dialkyl [methyl, ethyl or propyl (normal or iso)]-phosphoramidates, other than Diethyl-N,N-dimethylphosphoramidate which is specified in 1C350;"
compliance_code_eu_223783,1C450.b.4.,product_trade_compliance.regime_eu_dual,"N,N-Dialkyl [methyl, ethyl or propyl (normal or iso)] aminoethyl-2-chlorides and corresponding protonated salts, other than N,N-Diisopropyl-(beta)-aminoethyl chloride or N,N-Diisopropyl-(beta)-aminoethyl chloride hydrochloride which are specified in 1C350;"
compliance_code_eu_223784,1C450.b.5.,product_trade_compliance.regime_eu_dual,"N,N-Dialkyl [methyl, ethyl or propyl (normal or iso)] aminoethane-2-ols and corresponding protonated salts, other than N,N-Diisopropyl-(beta)-aminoethanol (CAS 96-80-0) and N,N-Diethylaminoethanol (CAS 100-37-8) which are specified in 1C350;"
compliance_code_eu_223785,1C450.b.6.,product_trade_compliance.regime_eu_dual,"N,N-Dialkyl [methyl, ethyl or propyl (normal or iso)] aminoethane-2-thiols and corresponding protonated salts, other than N,N-Diisopropyl-(beta)-aminoethane thiol (CAS 5842-07-9) and N,N-Diisopropylaminoethanethiol hydrochloride (CAS 41480-75-5) which are specified in 1C350;"
compliance_code_eu_223786,1C450.b.7.,product_trade_compliance.regime_eu_dual,See 1C350 for ethyldiethanolamine (CAS 139-87-7);
compliance_code_eu_223787,1C450.b.8.,product_trade_compliance.regime_eu_dual,Methyldiethanolamine (CAS 105-59-9).
compliance_code_eu_223788,1D,product_trade_compliance.regime_eu_dual,Software
compliance_code_eu_223789,1D001,product_trade_compliance.regime_eu_dual,"""Software"" specially designed or modified for the ""development"", ""production"" or ""use"" of equipment specified in 1B001 to 1B003."
compliance_code_eu_223790,1D002,product_trade_compliance.regime_eu_dual,"""Software"" for the ""development"" of organic ""matrix"", metal ""matrix"" or carbon ""matrix"" laminates or ""composites""."
compliance_code_eu_223791,1D003,product_trade_compliance.regime_eu_dual,"""Software"" specially designed or modified to enable equipment to perform the functions of equipment specified in 1A004.c. or 1A004.d."
compliance_code_eu_223792,1D101,product_trade_compliance.regime_eu_dual,"""Software"" specially designed or modified for the operation or maintenance of goods specified in 1B101, 1B102, 1B115, 1B117, 1B118 or 1B119."
compliance_code_eu_223793,1D103,product_trade_compliance.regime_eu_dual,"""Software"" specially designed for analysis of reduced observables such as radar reflectivity, ultraviolet/infrared signatures and acoustic signatures."
compliance_code_eu_223794,1D201,product_trade_compliance.regime_eu_dual,"""Software"" specially designed for the ""use"" of goods specified in 1B201."
compliance_code_eu_223795,1E,product_trade_compliance.regime_eu_dual,Technology
compliance_code_eu_223796,1E001,product_trade_compliance.regime_eu_dual,"""Technology"" according to the General Technology Note for the ""development"" or ""production"" of equipment or materials specified in 1A002 to 1A005, 1A006.b., 1A007, 1B or 1C."
compliance_code_eu_223797,1E002,product_trade_compliance.regime_eu_dual,"Other ""technology"" as follows:"
compliance_code_eu_223798,1E002.a.,product_trade_compliance.regime_eu_dual,"""Technology"" for the ""development"" or ""production"" of polybenzothiazoles or polybenzoxazoles;"
compliance_code_eu_223799,1E002.b.,product_trade_compliance.regime_eu_dual,"""Technology"" for the ""development"" or ""production"" of fluoroelastomer compounds containing at least one vinylether monomer;"
compliance_code_eu_223800,1E002.c.,product_trade_compliance.regime_eu_dual,"""Technology"" for the design or ""production"" of the following ceramic powders or non-""composite"" ceramic materials:"
compliance_code_eu_223801,1E002.c.1.,product_trade_compliance.regime_eu_dual,Ceramic powders having all of the following: a. Any of the following compositions: 1. Single or complex oxides of zirconium and complex oxides of silicon or aluminium; 2. Single nitrides of boron (cubic crystalline forms); 3. Single or complex carbides of silicon or boron; or 4. Single or complex nitrides of silicon; b. Any of the following total metallic impurities (excluding intentional additions): 1. Less than 1 000 ppm for single oxides or carbides; or 2. Less than 5 000 ppm for complex compounds or single nitrides; and c. Being any of the following: 1. Zirconia (CAS 1314-23-4) with an average particle size equal to or less than 1 μm and no more than 10 % of the particles larger than 5 μm; or 2. Other ceramic powders with an average particle size equal to or less than 5 μm and no more than 10 % of the particles larger than 10 μm;
compliance_code_eu_223802,1E002.c.2.,product_trade_compliance.regime_eu_dual,"Non-""composite"" ceramic materials composed of the materials specified in 1E002.c.1.;"
compliance_code_eu_223803,1E002.d.,product_trade_compliance.regime_eu_dual,Not used;
compliance_code_eu_223804,1E002.e.,product_trade_compliance.regime_eu_dual,"""Technology"" for the installation, maintenance or repair of materials specified in 1C001;"
compliance_code_eu_223805,1E002.f.,product_trade_compliance.regime_eu_dual,"""Technology"" for the repair of ""composite"" structures, laminates or materials specified in 1A002 or 1C007.c.;"
compliance_code_eu_223806,1E002.g.,product_trade_compliance.regime_eu_dual,"""Libraries"" specially designed or modified to enable equipment to perform the functions of equipment specified in 1A004.c. or 1A004.d."
compliance_code_eu_223807,1E101,product_trade_compliance.regime_eu_dual,"""Technology"" according to the General Technology Note for the ""use"" of goods specified in 1A102, 1B001, 1B101, 1B102, 1B115 to 1B119, 1C001, 1C101, 1C107, 1C111 to 1C118, 1D101 or 1D103."
compliance_code_eu_223808,1E102,product_trade_compliance.regime_eu_dual,"""Technology"" according to the General Technology Note for the ""development"" of ""software"" specified in 1D001, 1D101 or 1D103."
compliance_code_eu_223809,1E103,product_trade_compliance.regime_eu_dual,"""Technology"" for the regulation of temperature, pressure or atmosphere in autoclaves or hydroclaves, when used for the ""production"" of ""composites"" or partially processed ""composites""."
compliance_code_eu_223810,1E104,product_trade_compliance.regime_eu_dual,"""Technology"" for the ""production"" of pyrolytically derived materials formed on a mould, mandrel or other substrate from precursor gases which decompose in the 1 573 K (1 300 °C) to 3 173 K (2 900 °C) temperature range at pressures of 130 Pa to 20 kPa."
compliance_code_eu_223811,1E201,product_trade_compliance.regime_eu_dual,"""Technology"" according to the General Technology Note for the ""use"" of goods specified in 1A002, 1A007, 1A202, 1A225 to 1A227, 1B201, 1B225 to 1B235, 1C002.b.3. or .b.4., 1C010.b., 1C202, 1C210, 1C216, 1C225 to 1C241 or 1D201."
compliance_code_eu_223812,1E202,product_trade_compliance.regime_eu_dual,"""Technology"" according to the General Technology Note for the ""development"" or ""production"" of goods specified in 1A007, 1A202 or 1A225 to 1A227."
compliance_code_eu_223813,1E203,product_trade_compliance.regime_eu_dual,"""Technology"" according to the General Technology Note for the ""development"" of ""software"" specified in 1D201."
compliance_code_eu_223814,2,product_trade_compliance.regime_eu_dual,CATEGORY 2 - MATERIALS PROCESSING
compliance_code_eu_223815,2A,product_trade_compliance.regime_eu_dual,"Systems, Equipment and Components"
compliance_code_eu_223816,2A001,product_trade_compliance.regime_eu_dual,"Anti-friction bearings, bearing systems and components, as follows:"
compliance_code_eu_223817,2A001.a.,product_trade_compliance.regime_eu_dual,"Ball bearings and solid roller bearings, having all tolerances specified by the manufacturer in accordance with ISO 492 Tolerance Class 4 or Class 2 (or national equivalents), or better, and having both ‘rings’ and ‘rolling elements’, made from monel or beryllium;"
compliance_code_eu_223818,2A001.b.,product_trade_compliance.regime_eu_dual,Not used;
compliance_code_eu_223819,2A001.c.,product_trade_compliance.regime_eu_dual,"Active magnetic bearing systems using any of the following, and specially designed components therefor:"
compliance_code_eu_223820,2A001.c.1.,product_trade_compliance.regime_eu_dual,"Materials with flux densities of 2,0 T or greater and yield strengths greater than 414 MPa;"
compliance_code_eu_223821,2A001.c.2.,product_trade_compliance.regime_eu_dual,All-electromagnetic 3D homopolar bias designs for actuators; or
compliance_code_eu_223822,2A001.c.3.,product_trade_compliance.regime_eu_dual,High temperature (450 K (177 °C) and above) position sensors.
compliance_code_eu_223823,2A101,product_trade_compliance.regime_eu_dual,"Radial ball bearings, other than those specified in 2A001, having all tolerances specified in accordance with ISO 492 Tolerance Class 2 (or ANSI/ABMA Std 20 Tolerance Class ABEC-9 or other national equivalents), or better and having all of the following characteristics: a. An inner ring bore diameter between 12 mm and 50 mm; b. An outer ring outside diameter between 25 mm and 100 mm; and c. A width between 10 mm and 20 mm."
compliance_code_eu_223824,2A225,product_trade_compliance.regime_eu_dual,"Crucibles made of materials resistant to liquid actinide metals, as follows:"
compliance_code_eu_223825,2A225.a.,product_trade_compliance.regime_eu_dual,"Crucibles having both of the following characteristics: 1. A volume of between 150 cm^3 and 8 000 cm^3; and 2. Made of or coated with any of the following materials, or combination of the following materials, having an overall impurity level of 2 % or less by weight: a. Calcium fluoride (CaF2); b. Calcium zirconate (metazirconate) (CaZrO3); c. Cerium sulphide (Ce2S3); d. Erbium oxide (erbia) (Er2O3); e. Hafnium oxide (hafnia) (HfO2); f. Magnesium oxide (MgO); g. Nitrided niobium-titanium-tungsten alloy (approximately 50 % Nb, 30 % Ti, 20 % W); h. Yttrium oxide (yttria) (Y2O3); or i. Zirconium oxide (zirconia) (ZrO2);"
compliance_code_eu_223826,2A225.b.,product_trade_compliance.regime_eu_dual,"Crucibles having both of the following characteristics: 1. A volume of between 50 cm^3 and 2 000 cm^3; and 2. Made of or lined with tantalum, having a purity of 99,9 % or greater by weight;"
compliance_code_eu_223827,2A225.c.,product_trade_compliance.regime_eu_dual,"Crucibles having all of the following characteristics: 1. A volume of between 50 cm^3 and 2 000 cm^3; 2. Made of or lined with tantalum, having a purity of 98 % or greater by weight; and 3. Coated with tantalum carbide, nitride, boride, or any combination thereof."
compliance_code_eu_223828,2A226,product_trade_compliance.regime_eu_dual,"Valves having all of the following characteristics: a. A ‘nominal size’ of 5 mm or greater; b. Having a bellows seal; and c. Wholly made of or lined with aluminium, aluminium alloy, nickel, or nickel alloy containing more than 60 % nickel by weight."
compliance_code_eu_223829,2B,product_trade_compliance.regime_eu_dual,"Test, Inspection and Production Equipment"
compliance_code_eu_223830,2B001,product_trade_compliance.regime_eu_dual,"Machine tools and any combination thereof, for removing (or cutting) metals, ceramics or ""composites"", which, according to the manufacturer’s technical specification, can be equipped with electronic devices for ""numerical control"", as follows:"
compliance_code_eu_223831,2B001.a.,product_trade_compliance.regime_eu_dual,"Machine tools for turning having two or more axes which can be coordinated simultaneously for ""contouring control"" having any of the following:"
compliance_code_eu_223832,2B001.a.1.,product_trade_compliance.regime_eu_dual,"""Unidirectional positioning repeatability"" equal to or less (better) than 0,9 μm along one or more linear axis with a travel length less than 1,0 m; or"
compliance_code_eu_223833,2B001.a.2.,product_trade_compliance.regime_eu_dual,"""Unidirectional positioning repeatability"" equal to or less (better) than 1,1 μm along one or more linear axis with a travel length equal to or greater than 1,0 m;"
compliance_code_eu_223834,2B001.b.,product_trade_compliance.regime_eu_dual,Machine tools for milling having any of the following:
compliance_code_eu_223835,2B001.b.1.,product_trade_compliance.regime_eu_dual,"Three linear axes plus one rotary axis which can be coordinated simultaneously for ""contouring control"" having any of the following:"
compliance_code_eu_223836,2B001.b.1.a.,product_trade_compliance.regime_eu_dual,"""Unidirectional positioning repeatability"" equal to or less (better) than 0,9 μm along one or more linear axis with a travel length less than 1,0 m; or"
compliance_code_eu_223837,2B001.b.1.b.,product_trade_compliance.regime_eu_dual,"""Unidirectional positioning repeatability"" equal to or less (better) than 1,1 μm along one or more linear axis with a travel length equal to or greater than 1,0 m;"
compliance_code_eu_223838,2B001.b.2.,product_trade_compliance.regime_eu_dual,"Five or more axes which can be coordinated simultaneously for ""contouring control"" having any of the following;"
compliance_code_eu_223839,2B001.b.2.a.,product_trade_compliance.regime_eu_dual,"""Unidirectional positioning repeatability"" equal to or less (better) than 0,9 μm along one or more linear axis with a travel length less than 1,0 m;"
compliance_code_eu_223840,2B001.b.2.b.,product_trade_compliance.regime_eu_dual,"""Unidirectional positioning repeatability"" equal to or less (better) than 1,4 μm along one or more linear axis with a travel length equal to or greater than 1 m and less than 4 m; or"
compliance_code_eu_223841,2B001.b.2.c.,product_trade_compliance.regime_eu_dual,"""Unidirectional positioning repeatability"" equal to or less (better) than 6,0 μm (along one or more linear axis with a travel length equal to or greater than 4 m;"
compliance_code_eu_223842,2B001.b.3.,product_trade_compliance.regime_eu_dual,"A ""unidirectional positioning repeatability"" for jig boring machines, equal to or less (better) than 1,1 μm along one or more linear axis; or"
compliance_code_eu_223843,2B001.b.4.,product_trade_compliance.regime_eu_dual,"Fly cutting machines having all of the following: a. Spindle ""run-out"" and ""camming"" less (better) than 0,0004 mm TIR; and b. Angular deviation of slide movement (yaw, pitch and roll) less (better) than 2 seconds of arc, TIR over 300 mm of travel;"
compliance_code_eu_223844,2B001.c.,product_trade_compliance.regime_eu_dual,Machine tools for grinding having any of the following:
compliance_code_eu_223845,2B001.c.1.,product_trade_compliance.regime_eu_dual,"Having all of the following: a. ""Unidirectional positioning repeatability"" equal to or less (better) than 1,1 μm along one or more linear axis; and b. Three or four axes which can be coordinated simultaneously for ""contouring control""; or"
compliance_code_eu_223846,2B001.c.2.,product_trade_compliance.regime_eu_dual,"Five or more axes which can be coordinated simultaneously for ""contouring control"" having any of the following:"
compliance_code_eu_223847,2B001.c.2.a.,product_trade_compliance.regime_eu_dual,"""Unidirectional positioning repeatability"" equal to or less (better) than 1,1 μm along one or more linear axis with a travel length less than 1 m;"
compliance_code_eu_223848,2B001.c.2.b.,product_trade_compliance.regime_eu_dual,"""Unidirectional positioning repeatability"" equal to or less (better) than 1,4 μm along one or more linear axis with a travel length equal to or greater than 1 m and less than 4 m; or"
compliance_code_eu_223849,2B001.c.2.c.,product_trade_compliance.regime_eu_dual,"""Unidirectional positioning repeatability"" equal to or less (better) than 6,0 μm along one or more linear axis with a travel length equal to or greater than 4 m."
compliance_code_eu_223850,2B001.d.,product_trade_compliance.regime_eu_dual,"Electrical discharge machines (EDM) of the non-wire type which have two or more rotary axes which can be coordinated simultaneously for ""contouring control"";"
compliance_code_eu_223851,2B001.e.,product_trade_compliance.regime_eu_dual,"Machine tools for removing metals, ceramics or ""composites"", having all of the following: 1. Removing material by means of any of the following: a. Water or other liquid jets, including those employing abrasive additives; b. Electron beam; or c. ""Laser"" beam; and 2. At least two rotary axes having all of the following: a. Can be coordinated simultaneously for ""contouring control""; and b. A positioning ""accuracy"" of less (better) than 0,003o;"
compliance_code_eu_223852,2B001.f.,product_trade_compliance.regime_eu_dual,"Deep-hole-drilling machines and turning machines modified for deep-hole-drilling, having a maximum depth-of-bore capability exceeding 5 m."
compliance_code_eu_223853,2B002,product_trade_compliance.regime_eu_dual,"Numerically controlled optical finishing machine tools equipped for selective material removal to produce non-spherical optical surfaces having all of the following characteristics: a. Finishing the form to less (better) than 1,0 μm; b. Finishing to a roughness less (better) than 100 nm rms. c. Four or more axes which can be coordinated simultaneously for ""contouring control""; and d. Using any of the following processes: 1. Magnetorheological finishing (‘MRF’); 2. Electrorheological finishing (‘ERF’); 3. ‘Energetic particle beam finishing’; 4. ‘Inflatable membrane tool finishing’; or 5. ‘Fluid jet finishing’."
compliance_code_eu_223854,2B003,product_trade_compliance.regime_eu_dual,"""Numerically controlled"" machine tools, specially designed for the shaving, finishing, grinding or honing of hardened (Rc=40 or more) spur, helical and double-helical gears having all of the following: a. A pitch diameter exceeding 1 250 mm; b. A face width of 15 % of pitch diameter or larger; and c. A finished quality of AGMA 14 or better (equivalent to ISO 1328 class 3)."
compliance_code_eu_223855,2B004,product_trade_compliance.regime_eu_dual,"Hot ""isostatic presses"" having all of the following, and specially designed components and accessories therefor: a. A controlled thermal environment within the closed cavity and a chamber cavity with an inside diameter of 406 mm or more; and b. Having any of the following: 1. A maximum working pressure exceeding 207 MPa; 2. A controlled thermal environment exceeding 1 773 K (1 500 °C); or 3. A facility for hydrocarbon impregnation and removal of resultant gaseous degradation products."
compliance_code_eu_223856,2B005,product_trade_compliance.regime_eu_dual,"Equipment specially designed for the deposition, processing and in-process control of inorganic overlays, coatings and surface modifications, as follows, for substrates specified in column 2, by processes shown in column 1 in the Table following 2E003.f., and specially designed automated handling, positioning, manipulation and control components therefor:"
compliance_code_eu_223857,2B005.a.,product_trade_compliance.regime_eu_dual,"Chemical vapour deposition (CVD) production equipment having all of the following: 1. A process modified for one of the following: a. Pulsating CVD; b. Controlled nucleation thermal deposition (CNTD); or c. Plasma enhanced or plasma assisted CVD; and 2. Having any of the following: a. Incorporating high vacuum (equal to or less than 0,01 Pa) rotating seals; or b. Incorporating in situ coating thickness control;"
compliance_code_eu_223858,2B005.b.,product_trade_compliance.regime_eu_dual,Ion implantation production equipment having beam currents of 5 mA or more;
compliance_code_eu_223859,2B005.c.,product_trade_compliance.regime_eu_dual,Electron beam physical vapour deposition (EB-PVD) production equipment incorporating power systems rated for over 80 kW and having any of the following:
compliance_code_eu_223860,2B005.c.1.,product_trade_compliance.regime_eu_dual,"A liquid pool level ""laser"" control system which regulates precisely the ingots feed rate; or"
compliance_code_eu_223861,2B005.c.2.,product_trade_compliance.regime_eu_dual,A computer controlled rate monitor operating on the principle of photo-luminescence of the ionised atoms in the evaporant stream to control the deposition rate of a coating containing two or more elements;
compliance_code_eu_223862,2B005.d.,product_trade_compliance.regime_eu_dual,Plasma spraying production equipment having any of the following:
compliance_code_eu_223863,2B005.d.1.,product_trade_compliance.regime_eu_dual,"Operating at reduced pressure controlled atmosphere (equal to or less than 10 kPa measured above and within 300 mm of the gun nozzle exit) in a vacuum chamber capable of evacuation down to 0,01 Pa prior to the spraying process; or"
compliance_code_eu_223864,2B005.d.2.,product_trade_compliance.regime_eu_dual,Incorporating in situ coating thickness control;
compliance_code_eu_223865,2B005.e.,product_trade_compliance.regime_eu_dual,"Sputter deposition production equipment capable of current densities of 0,1 mA/mm2 or higher at a deposition rate of 15 μm/h or more;"
compliance_code_eu_223866,2B005.f.,product_trade_compliance.regime_eu_dual,Cathodic arc deposition production equipment incorporating a grid of electromagnets for steering control of the arc spot on the cathode;
compliance_code_eu_223867,2B005.g.,product_trade_compliance.regime_eu_dual,Ion plating production equipment capable of the in situ measurement of any of the following:
compliance_code_eu_223868,2B005.g.1.,product_trade_compliance.regime_eu_dual,Coating thickness on the substrate and rate control; or
compliance_code_eu_223869,2B005.g.2.,product_trade_compliance.regime_eu_dual,Optical characteristics.
compliance_code_eu_223870,2B006,product_trade_compliance.regime_eu_dual,"Dimensional inspection or measuring systems, equipment, position feedback units and ""electronic assemblies"", as follows:"
compliance_code_eu_223871,2B006.a.,product_trade_compliance.regime_eu_dual,"Computer controlled or ""numerical controlled"" Coordinate Measuring Machines (CMM), having a three dimensional (volumetric) maximum permissible error of length measurement (E0,MPE) at any point within the operating range of the machine (i.e., within the length of axes) equal to or less (better) than (1,7 + L/1 000) μm (L is the measured length in mm), according to ISO 10360-2:2009;"
compliance_code_eu_223872,2B006.b.,product_trade_compliance.regime_eu_dual,"Linear displacement measuring instruments or systems, linear position feedback units, and ""electronic assemblies"", as follows:"
compliance_code_eu_223873,2B006.b.1.,product_trade_compliance.regime_eu_dual,"‘Non-contact type measuring systems’ with a ‘resolution’ equal to or less (better) than 0,2 μm within 0 to 0,2 mm of the ‘measuring range’;"
compliance_code_eu_223874,2B006.b.2.,product_trade_compliance.regime_eu_dual,"Linear position feedback units specially designed for machine tools and having an overall ""accuracy"" less (better) than (800 + (600 × L/1 000)) nm (L equals effective length in mm);"
compliance_code_eu_223875,2B006.b.3.,product_trade_compliance.regime_eu_dual,"Measuring systems having all of the following: a. Containing a ""laser""; b. A ‘resolution’ over their full scale of 0,200 nm or less (better); and c. Capable of achieving a ""measurement uncertainty"" equal to or less (better) than (1,6 + L/2 000) nm (L is the measured length in mm) at any point within a measuring range, when compensated for the refractive index of air and measured over a period of 30 seconds at a temperature of 20 ± 0,01 °C; or"
compliance_code_eu_223876,2B006.b.4.,product_trade_compliance.regime_eu_dual,"""Electronic assemblies"" specially designed to provide feedback capability in systems specified in 2B006.b.3.;"
compliance_code_eu_223877,2B006.c.,product_trade_compliance.regime_eu_dual,"Rotary position feedback units specially designed for machine tools or angular displacement measuring instruments, having an angular position ""accuracy"" equal to or less (better) than 0,9 second of arc;"
compliance_code_eu_223878,2B006.d.,product_trade_compliance.regime_eu_dual,"Equipment for measuring surface roughness (including surface defects), by measuring optical scatter with a sensitivity of 0,5 nm or less (better)."
compliance_code_eu_223879,2B007,product_trade_compliance.regime_eu_dual,"""Robots"" having any of the following characteristics and specially designed controllers and ""end-effectors"" therefor:"
compliance_code_eu_223880,2B007.a.,product_trade_compliance.regime_eu_dual,Not used;
compliance_code_eu_223881,2B007.b.,product_trade_compliance.regime_eu_dual,Specially designed to comply with national safety standards applicable to potentially explosive munitions environments;
compliance_code_eu_223882,2B007.c.,product_trade_compliance.regime_eu_dual,Specially designed or rated as radiation-hardened to withstand a total radiation dose greater than 5 × 10^3 Gy (silicon) without operational degradation; or
compliance_code_eu_223883,2B007.d.,product_trade_compliance.regime_eu_dual,Specially designed to operate at altitudes exceeding 30 000 m.
compliance_code_eu_223884,2B008,product_trade_compliance.regime_eu_dual,"‘Compound rotary tables’ and ""tilting spindles"", specially designed for machine tools, as follows:"
compliance_code_eu_223885,2B008.a.,product_trade_compliance.regime_eu_dual,Not used;
compliance_code_eu_223886,2B008.b.,product_trade_compliance.regime_eu_dual,Not used;
compliance_code_eu_223887,2B008.c.,product_trade_compliance.regime_eu_dual,"‘Compound rotary tables’ having all of the following: 1. Designed for machine tools for turning, milling or grinding; and 2. Two rotary axes designed to be coordinated simultaneously for “contouring control”;"
compliance_code_eu_223888,2B008.d.,product_trade_compliance.regime_eu_dual,"""Tilting spindles"" having all of the following: 1. Designed for machine tools for turning, milling or grinding; and 2. Designed to be coordinated simultaneously for ""contouring control""."
compliance_code_eu_223889,2B009,product_trade_compliance.regime_eu_dual,"Spin-forming machines and flow-forming machines, which, according to the manufacturer`s technical specification, can be equipped with ""numerical control"" units or a computer control and having all of the following: a. Three or more axes which can be coordinated simultaneously for ""contouring control""; and b. A roller force more than 60 kN."
compliance_code_eu_223890,2B104,product_trade_compliance.regime_eu_dual,"""Isostatic presses"", other than those specified in 2B004, having all of the following: a. Maximum working pressure of 69 MPa or greater; b. Designed to achieve and maintain a controlled thermal environment of 873 K (600 °C) or greater; and c. Possessing a chamber cavity with an inside diameter of 254 mm or greater."
compliance_code_eu_223891,2B105,product_trade_compliance.regime_eu_dual,"Chemical vapour deposition (CVD) furnaces, other than those specified in 2B005.a., designed or modified for the densification of carbon-carbon composites."
compliance_code_eu_223892,2B109,product_trade_compliance.regime_eu_dual,"Flow-forming machines, other than those specified in 2B009, usable in the ""production"" of propulsion components and equipment (e.g. motor cases and interstages) for ""missiles"", and specially designed components as follows:"
compliance_code_eu_223893,2B109.a.,product_trade_compliance.regime_eu_dual,"Flow-forming machines having all of the following: 1. Equipped with, or, according to the manufacturer`s technical specification, are capable of being equipped with ""numerical control"" units or computer control; and 2. More than two axes which can be coordinated simultaneously for ""contouring control""."
compliance_code_eu_223894,2B109.b.,product_trade_compliance.regime_eu_dual,Specially designed components for flow-forming machines specified in 2B009 or 2B109.a.
compliance_code_eu_223895,2B116,product_trade_compliance.regime_eu_dual,"Vibration test systems, equipment and components therefor, as follows:"
compliance_code_eu_223896,2B116.a.,product_trade_compliance.regime_eu_dual,"a. ""Vibration test systems incorporating a digital controller"" and employing feedback or closed loop techniques, capable of vibrating a system at an acceleration equal to or greater than 10 g rms between 20 Hz and 2 kHz while imparting forces equal to or greater than 50 kN, measured ""bare table"";"
compliance_code_eu_223897,2B116.b.,product_trade_compliance.regime_eu_dual,"Digital controllers, combined with specially designed vibration test software, with a ""real time control bandwidth"" greater than 5 kHz designed for use with systems specified in 2B116.a.;"
compliance_code_eu_223898,2B116.c.,product_trade_compliance.regime_eu_dual,"Vibration thrusters (shaker units), with or without associated amplifiers, capable of imparting a force equal to or greater than 50 kN, measured ""bare table"", and usable in systems specified in 2B116.a.;"
compliance_code_eu_223899,2B116.d.,product_trade_compliance.regime_eu_dual,"Test piece support structures and electronic units designed to combine multiple shaker units in a system capable of providing an effective combined force equal to or greater than 50 kN, measured ""bare table"", and usable in systems specified in 2B116.a."
compliance_code_eu_223900,2B117,product_trade_compliance.regime_eu_dual,"Equipment and process controls, other than those specified in 2B004, 2B005.a., 2B104 or 2B105, designed or modified for densification and pyrolysis of structural composite rocket nozzles and reentry vehicle nose tips."
compliance_code_eu_223901,2B119,product_trade_compliance.regime_eu_dual,"Balancing machines and related equipment, as follows:"
compliance_code_eu_223902,2B119.a.,product_trade_compliance.regime_eu_dual,"Balancing machines having all of the following characteristics: 1. Not capable of balancing rotors/assemblies having a mass greater than 3 kg; 2. Capable of balancing rotors/assemblies at speeds greater than 12 500 rpm; 3. Capable of correcting unbalance in two planes or more; and 4. Capable of balancing to a residual specific unbalance of 0,2 g mm per kg of rotor mass;"
compliance_code_eu_223903,2B119.b.,product_trade_compliance.regime_eu_dual,Indicator heads designed or modified for use with machines specified in 2B119.a.
compliance_code_eu_223904,2B120,product_trade_compliance.regime_eu_dual,"Motion simulators or rate tables having all of the following characteristics: a. Two or more axes; b. Designed or modified to incorporate slip rings or integrated non-contact devices capable of transferring electrical power, signal information, or both; and c. Having any of the following characteristics: 1. For any single axis having all of the following: a. Capable of rates of 400 degrees/s or more, or 30 degrees/s or less; and b. A rate resolution equal to or less than 6 degrees/s and an accuracy equal to or less than 0,6 degrees/s; 2. Having a worst-case rate stability equal to or better (less) than plus or minus 0,05 % averaged over 10 degrees or more; or 3. A positioning ""accuracy"" equal to or less (better) than 5 arc second."
compliance_code_eu_223905,2B121,product_trade_compliance.regime_eu_dual,"Positioning tables (equipment capable of precise rotary positioning in any axes), other than those specified in 2B120, having all of the following characteristics: a. Two or more axes; and b. A positioning ""accuracy"" equal to or less (better) than 5 arc second."
compliance_code_eu_223906,2B122,product_trade_compliance.regime_eu_dual,"Centrifuges capable of imparting accelerations greater than 100 g and designed or modified to incorporate slip rings or integrated non-contact devices capable of transferring electrical power, signal information, or both."
compliance_code_eu_223907,2B201,product_trade_compliance.regime_eu_dual,"Machine tools and any combination thereof, other than those specified in 2B001, as follows, for removing or cutting metals, ceramics or ""composites"", which, according to the manufacturer’s technical specification, can be equipped with electronic devices for simultaneous ""contouring control"" in two or more axes:"
compliance_code_eu_223908,2B201.a.,product_trade_compliance.regime_eu_dual,"Machine tools for milling, having any of the following characteristics:"
compliance_code_eu_223909,2B201.a.1.,product_trade_compliance.regime_eu_dual,"Positioning accuracies with ""all compensations available"" equal to or less (better) than 6 μm according to ISO 230-2:1988 (Manufacturers calculating positioning accuracy in accordance with ISO 230-2:1997 or 2006 should consult the competent authorities of the EU Member State in which they are established) or national equivalents along any linear axis;"
compliance_code_eu_223910,2B201.a.2.,product_trade_compliance.regime_eu_dual,Two or more contouring rotary axes; or
compliance_code_eu_223911,2B201.a.3.,product_trade_compliance.regime_eu_dual,"Five or more axes which can be coordinated simultaneously for ""contouring control"";"
compliance_code_eu_223912,2B201.b.,product_trade_compliance.regime_eu_dual,"Machine tools for grinding, having any of the following characteristics:"
compliance_code_eu_223913,2B201.b.1.,product_trade_compliance.regime_eu_dual,"Positioning accuracies with ""all compensations available"" equal to or less (better) than 4 μm according to ISO 230-2:1988 (Manufacturers calculating positioning accuracy in accordance with ISO 230-2:1997 or 2006 should consult the competent authorities of the EU Member State in which they are established) or national equivalents along any linear axis;"
compliance_code_eu_223914,2B201.b.2.,product_trade_compliance.regime_eu_dual,Two or more contouring rotary axes; or
compliance_code_eu_223915,2B201.b.3.,product_trade_compliance.regime_eu_dual,"Five or more axes which can be coordinated simultaneously for ""contouring control"";"
compliance_code_eu_223916,2B201.c.,product_trade_compliance.regime_eu_dual,"Machine tools for turning, that have positioning accuracies with ""all compensations available"" better (less) than 6 μm according to ISO 230-2:1988 (Manufacturers calculating positioning accuracy in accordance with ISO 230-2:1997 or 2006 should consult the competent authorities of the EU Member State in which they are established) along any linear axis (overall positioning) for machines capable of machining diameters greater than 35 mm;"
compliance_code_eu_223917,2B204,product_trade_compliance.regime_eu_dual,"""Isostatic presses"", other than those specified in 2B004 or 2B104, and related equipment, as follows:"
compliance_code_eu_223918,2B204.a.,product_trade_compliance.regime_eu_dual,"""Isostatic presses"" having both of the following characteristics: 1. Capable of achieving a maximum working pressure of 69 MPa or greater; and 2. A chamber cavity with an inside diameter in excess of 152 mm;"
compliance_code_eu_223919,2B204.b.,product_trade_compliance.regime_eu_dual,"Dies, moulds and controls, specially designed for ""isostatic presses"" specified in 2B204.a."
compliance_code_eu_223920,2B206,product_trade_compliance.regime_eu_dual,"Dimensional inspection machines, instruments or systems, other than those specified in 2B006, as follows:"
compliance_code_eu_223921,2B206.a.,product_trade_compliance.regime_eu_dual,Computer controlled or numerically controlled coordinate measuring machines (CMM) having either of the following characteristics:
compliance_code_eu_223922,2B206.a.1.,product_trade_compliance.regime_eu_dual,"Having only two axes and having a maximum permissible error of length measurement along any axis (one dimensional), identified as any combination of E0x,MPE, E0y,MPE, or E0z,MPE, equal to or less (better) than (1,25 + L/1 000) μm (where L is the measured length in mm) at any point within the operating range of the machine (i.e., within the length of the axis), according to ISO 10360-2:2009; or"
compliance_code_eu_223923,2B206.a.2.,product_trade_compliance.regime_eu_dual,"Three or more axes and having a three dimensional (volumetric) maximum permissible error of length measurement (E0,MPE) equal to or less (better) than (1,7 + L/800) μm (where L is the measured length in mm) at any point within the operating range of the machine (i.e., within the length of the axis), according to ISO 10360-2:2009;"
compliance_code_eu_223924,2B206.b.,product_trade_compliance.regime_eu_dual,"Systems for simultaneous linear-angular inspection of hemishells, having both of the following characteristics: 1. ""Measurement uncertainty"" along any linear axis equal to or less (better) than 3,5 μm per 5 mm; and 2. ""Angular position deviation"" equal to or less than 0,02o;"
compliance_code_eu_223925,2B206.c.,product_trade_compliance.regime_eu_dual,"‘Linear displacement’ measuring systems having all of the following characteristics: 1. Containing a ""laser""; and 2. Capable of maintaining, for at least 12 hours, over a temperature range of ± 1 K (± 1 °C); around a standard temperature and standard pressure, all of the following: a. A ‘resolution’ over their full scale of 0,1 μm or better; and b. With a ""measurement uncertainty"" equal to or better (less) than (0,2 + L/2 000) μm (L is the measured length in mm)."
compliance_code_eu_223926,2B206.d.,product_trade_compliance.regime_eu_dual,"Linear variable differential transformer (LVDT) systems having both of the following characteristics: 1. Having any of the following: a. ""Linearity"" equal to or less (better) than 0,1 % measured from 0 to the full operating range, for LVDTs with an operating range up to 5 mm; or b. ""Linearity"" equal to or less (better) than 0,1 % measured from 0 to 5 mm for LVDTs with an operating range greater than 5 mm; and 2. Drift equal to or better (less) than 0,1 % per day at a standard ambient test room temperature ± 1 K (± 1 °C)."
compliance_code_eu_223927,2B207,product_trade_compliance.regime_eu_dual,"""Robots"", ""end-effectors"" and control units, other than those specified in 2B007, as follows:"
compliance_code_eu_223928,2B207.a.,product_trade_compliance.regime_eu_dual,"""Robots"" or ""end-effectors"" specially designed to comply with national safety standards applicable to handling high explosives (for example, meeting electrical code ratings for high explosives);"
compliance_code_eu_223929,2B207.b.,product_trade_compliance.regime_eu_dual,"Control units specially designed for any of the ""robots"" or ""end-effectors"" specified in 2B207.a."
compliance_code_eu_223930,2B209,product_trade_compliance.regime_eu_dual,"Flow forming machines, spin forming machines capable of flow forming functions, other than those specified in 2B009 or 2B109, and mandrels, as follows:"
compliance_code_eu_223931,2B209.a.,product_trade_compliance.regime_eu_dual,"Machines having both of the following characteristics: 1. Three or more rollers (active or guiding); and 2. Which, according to the manufacturer`s technical specification, can be equipped with ""numerical control"" units or a computer control;"
compliance_code_eu_223932,2B209.b.,product_trade_compliance.regime_eu_dual,Rotor forming mandrels designed to form cylindrical rotors of inside diameter between 75 mm and 650 mm.
compliance_code_eu_223933,2B219,product_trade_compliance.regime_eu_dual,"Centrifugal multiplane balancing machines, fixed or portable, horizontal or vertical, as follows:"
compliance_code_eu_223934,2B219.a.,product_trade_compliance.regime_eu_dual,"Centrifugal balancing machines designed for balancing flexible rotors having a length of 600 mm or more and having all of the following characteristics:  1. Swing or journal diameter greater than 75 mm; 2. Mass capability of from 0,9 to 23 kg; and 3. Capable of balancing speed of revolution greater than 5 000 r.p.m.;"
compliance_code_eu_223935,2B219.b.,product_trade_compliance.regime_eu_dual,"Centrifugal balancing machines designed for balancing hollow cylindrical rotor components and having all of the following characteristics: 1. Journal diameter greater than 75 mm; 2. Mass capability of from 0,9 to 23 kg; 3. A minimum achievable residual specific unbalance equal to or less than 10 g mm/kg per plane; and 4. Belt drive type."
compliance_code_eu_223936,2B225,product_trade_compliance.regime_eu_dual,"Remote manipulators that can be used to provide remote actions in radiochemical separation operations or hot cells, having either of the following characteristics:"
compliance_code_eu_223937,2B225.a.,product_trade_compliance.regime_eu_dual,"A capability of penetrating 0,6 m or more of hot cell wall (through-the-wall operation); or"
compliance_code_eu_223938,2B225.b.,product_trade_compliance.regime_eu_dual,"A capability of bridging over the top of a hot cell wall with a thickness of 0,6 m or more (over-the-wall operation)."
compliance_code_eu_223939,2B226,product_trade_compliance.regime_eu_dual,"Controlled atmosphere (vacuum or inert gas) induction furnaces, other than those specified in 9B001 and 3B001, and power supplies therefor, as follows:"
compliance_code_eu_223940,2B226.a.,product_trade_compliance.regime_eu_dual,Furnaces having all of the following characteristics: 1. Capable of operation above 1 123 K (850 °C); 2. Induction coils 600 mm or less in diameter; and 3. Designed for power inputs of 5 kW or more;
compliance_code_eu_223941,2B226.b.,product_trade_compliance.regime_eu_dual,"Power supplies, with a specified power output of 5 kW or more, specially designed for furnaces specified in 2B226.a."
compliance_code_eu_223942,2B227,product_trade_compliance.regime_eu_dual,Vacuum or other controlled atmosphere metallurgical melting and casting furnaces and related equipment as follows:
compliance_code_eu_223943,2B227.a.,product_trade_compliance.regime_eu_dual,"Arc remelt furnaces, arc melt furnaces and arc melt and casting furnaces having both of the following characteristics: 1. Consumable electrode capacities between 1 000 cm^3 and 20 000 cm^3; and 2. Capable of operating with melting temperatures above 1 973 K (1 700 °C);"
compliance_code_eu_223944,2B227.b.,product_trade_compliance.regime_eu_dual,"Electron beam melting furnaces, plasma atomisation furnaces and plasma melting furnaces, having both of the following characteristics: 1. A power of 50 kW or greater; and 2. Capable of operating with melting temperatures above 1 473 K (1 200 °C);"
compliance_code_eu_223945,2B227.c.,product_trade_compliance.regime_eu_dual,Computer control and monitoring systems specially configured for any of the furnaces specified in 2B227.a. or 2B227.b.;
compliance_code_eu_223946,2B227.d.,product_trade_compliance.regime_eu_dual,Plasma torches specially designed for furnaces specified in 2B227.b. having both of the following characteristics: 1. Operating at a power greater than 50 kW; and 2. Capable of operating above 1 473 K (1 200 °C);
compliance_code_eu_223947,2B227.e.,product_trade_compliance.regime_eu_dual,Electron beam guns specially designed for the furnaces specified in 2B227.b. operating at a power greater than 50 kW.
compliance_code_eu_223948,2B228,product_trade_compliance.regime_eu_dual,"Rotor fabrication or assembly equipment, rotor straightening equipment, bellows-forming mandrels and dies, as follows:"
compliance_code_eu_223949,2B228.a.,product_trade_compliance.regime_eu_dual,"Rotor assembly equipment for assembly of gas centrifuge rotor tube sections, baffles, and end caps;"
compliance_code_eu_223950,2B228.b.,product_trade_compliance.regime_eu_dual,Rotor straightening equipment for alignment of gas centrifuge rotor tube sections to a common axis;
compliance_code_eu_223951,2B228.c.,product_trade_compliance.regime_eu_dual,Bellows-forming mandrels and dies for producing single-convolution bellows.
compliance_code_eu_223952,2B230,product_trade_compliance.regime_eu_dual,"All types of ‘pressure transducers’ capable of measuring absolute pressures and having all of the following: a. Pressure sensing elements made of or protected by aluminium, aluminium alloy, aluminium oxide (alumina or sapphire), nickel, nickel alloy with more than 60 % nickel by weight, or fully fluorinated hydrocarbon polymers; b. Seals, if any, essential for sealing the pressure sensing element, and in direct contact with the process medium, made of or protected by aluminium, aluminium alloy, aluminium oxide (alumina or sapphire), nickel, nickel alloy with more than 60 % nickel by weight, or fully fluorinated hydrocarbon polymers; and c. Having either of the following characteristics: 1. A full scale of less than 13 kPa and an ‘accuracy’ of better than 1 % of full-scale; or 2. A full scale of 13 kPa or greater and an ‘accuracy’ of better than 130 Pa when measured at 13 kPa."
compliance_code_eu_223953,2B231,product_trade_compliance.regime_eu_dual,Vacuum pumps having all of the following characteristics: a. Input throat size equal to or greater than 380 mm; b. Pumping speed equal to or greater than 15 m^3/s; and c. Capable of producing an ultimate vacuum better than 13 mPa.
compliance_code_eu_223954,2B232,product_trade_compliance.regime_eu_dual,"High-velocity gun systems (propellant, gas, coil, electromagnetic, and electrothermal types, and other advanced systems) capable of accelerating projectiles to 1,5 km/s or greater."
compliance_code_eu_223955,2B233,product_trade_compliance.regime_eu_dual,Bellows-sealed scroll-type compressors and bellows-sealed scroll-type vacuum pumps having all of the following: a. Capable of an inlet volume flow rate of 50 m^3/h or greater; b. Capable of a pressure ratio of 2:1 or greater; and c. Having all surfaces that come in contact with the process gas made from any of the following materials: 1. Aluminium or aluminium alloy; 2. Aluminium oxide; 3. Stainless steel; 4. Nickel or nickel alloy; 5. Phosphor bronze; or 6. Fluoropolymers.
compliance_code_eu_223956,2B350,product_trade_compliance.regime_eu_dual,"Chemical manufacturing facilities, equipment and components, as follows:"
compliance_code_eu_223957,2B350.a.,product_trade_compliance.regime_eu_dual,"Reaction vessels or reactors, with or without agitators, with total internal (geometric) volume greater than 0,1 m^3 (100 litres) and less than 20 m^3 (20 000 litres), where all surfaces that come in direct contact with the chemical(s) being processed or contained are made from any of the following materials:"
compliance_code_eu_223958,2B350.a.1.,product_trade_compliance.regime_eu_dual,‘Alloys’ with more than 25 % nickel and 20 % chromium by weight;
compliance_code_eu_223959,2B350.a.2.,product_trade_compliance.regime_eu_dual,Fluoropolymers (polymeric or elastomeric materials with more than 35 % fluorine by weight);
compliance_code_eu_223960,2B350.a.3.,product_trade_compliance.regime_eu_dual,Glass (including vitrified or enamelled coating or glass lining);
compliance_code_eu_223961,2B350.a.4.,product_trade_compliance.regime_eu_dual,Nickel or ‘alloys’ with more than 40 % nickel by weight;
compliance_code_eu_223962,2B350.a.5.,product_trade_compliance.regime_eu_dual,Tantalum or tantalum ‘alloys’;
compliance_code_eu_223963,2B350.a.6.,product_trade_compliance.regime_eu_dual,Titanium or titanium ‘alloys’;
compliance_code_eu_223964,2B350.a.7.,product_trade_compliance.regime_eu_dual,Zirconium or zirconium ‘alloys’; or
compliance_code_eu_223965,2B350.a.8.,product_trade_compliance.regime_eu_dual,Niobium (columbium) or niobium ‘alloys’;
compliance_code_eu_223966,2B350.b.,product_trade_compliance.regime_eu_dual,"Agitators designed for use in reaction vessels or reactors specified in 2B350.a.; and impellers, blades or shafts designed for such agitators, where all surfaces of the agitator that come in direct contact with the chemical(s) being processed or contained are made from any of the following materials:"
compliance_code_eu_223967,2B350.b.1.,product_trade_compliance.regime_eu_dual,‘Alloys’ with more than 25 % nickel and 20 % chromium by weight;
compliance_code_eu_223968,2B350.b.2.,product_trade_compliance.regime_eu_dual,Fluoropolymers (polymeric or elastomeric materials with more than 35 % fluorine by weight);
compliance_code_eu_223969,2B350.b.3.,product_trade_compliance.regime_eu_dual,Glass (including vitrified or enamelled coatings or glass lining);
compliance_code_eu_223970,2B350.b.4.,product_trade_compliance.regime_eu_dual,Nickel or ‘alloys’ with more than 40 % nickel by weight;
compliance_code_eu_223971,2B350.b.5.,product_trade_compliance.regime_eu_dual,Tantalum or tantalum ‘alloys’;
compliance_code_eu_223972,2B350.b.6.,product_trade_compliance.regime_eu_dual,Titanium or titanium ‘alloys’;
compliance_code_eu_223973,2B350.b.7.,product_trade_compliance.regime_eu_dual,Zirconium or zirconium ‘alloys’; or
compliance_code_eu_223974,2B350.b.8.,product_trade_compliance.regime_eu_dual,Niobium (columbium) or niobium ‘alloys’;
compliance_code_eu_223975,2B350.c.,product_trade_compliance.regime_eu_dual,"Storage tanks, containers or receivers with a total internal (geometric) volume greater than 0,1 m3 (100 litres) where all surfaces that come in direct contact with the chemical(s) being processed or contained are made from any of the following materials:"
compliance_code_eu_223976,2B350.c.1.,product_trade_compliance.regime_eu_dual,‘Alloys’ with more than 25 % nickel and 20 % chromium by weight;
compliance_code_eu_223977,2B350.c.2.,product_trade_compliance.regime_eu_dual,Fluoropolymers (polymeric or elastomeric materials with more than 35 % fluorine by weight);
compliance_code_eu_223978,2B350.c.3.,product_trade_compliance.regime_eu_dual,Glass (including vitrified or enamelled coatings or glass lining);
compliance_code_eu_223979,2B350.c.4.,product_trade_compliance.regime_eu_dual,Nickel or ‘alloys’ with more than 40 % nickel by weight;
compliance_code_eu_223980,2B350.c.5.,product_trade_compliance.regime_eu_dual,Tantalum or tantalum ‘alloys’;
compliance_code_eu_223981,2B350.c.6.,product_trade_compliance.regime_eu_dual,Titanium or titanium ‘alloys’;
compliance_code_eu_223982,2B350.c.7.,product_trade_compliance.regime_eu_dual,Zirconium or zirconium ‘alloys’; or
compliance_code_eu_223983,2B350.c.8.,product_trade_compliance.regime_eu_dual,Niobium (columbium) or niobium ‘alloys’;
compliance_code_eu_223984,2B350.d.,product_trade_compliance.regime_eu_dual,"Heat exchangers or condensers with a heat transfer surface area greater than 0,15 m^2, and less than 20 m^2; and tubes, plates, coils or blocks (cores) designed for such heat exchangers or condensers, where all surfaces that come in direct contact with the chemical(s) being processed are made from any of the following materials:"
compliance_code_eu_223985,2B350.d.1.,product_trade_compliance.regime_eu_dual,‘Alloys’ with more than 25 % nickel and 20 % chromium by weight;
compliance_code_eu_223986,2B350.d.2.,product_trade_compliance.regime_eu_dual,Fluoropolymers (polymeric or elastomeric materials with more than 35 % fluorine by weight);
compliance_code_eu_223987,2B350.d.3.,product_trade_compliance.regime_eu_dual,Glass (including vitrified or enamelled coatings or glass lining);
compliance_code_eu_223988,2B350.d.4.,product_trade_compliance.regime_eu_dual,Graphite or ‘carbon graphite’;
compliance_code_eu_223989,2B350.d.5.,product_trade_compliance.regime_eu_dual,Nickel or ‘alloys’ with more than 40 % nickel by weight;
compliance_code_eu_223990,2B350.d.6.,product_trade_compliance.regime_eu_dual,Tantalum or tantalum ‘alloys’;
compliance_code_eu_223991,2B350.d.7.,product_trade_compliance.regime_eu_dual,Titanium or titanium ‘alloys’;
compliance_code_eu_223992,2B350.d.8.,product_trade_compliance.regime_eu_dual,Zirconium or zirconium ‘alloys’;
compliance_code_eu_223993,2B350.d.9.,product_trade_compliance.regime_eu_dual,Silicon carbide;
compliance_code_eu_223994,2B350.d.10.,product_trade_compliance.regime_eu_dual,Titanium carbide; or
compliance_code_eu_223995,2B350.d.11.,product_trade_compliance.regime_eu_dual,Niobium (columbium) or niobium ‘alloys’;
compliance_code_eu_223996,2B350.e.,product_trade_compliance.regime_eu_dual,"Distillation or absorption columns of internal diameter greater than 0,1 m; and liquid distributors, vapour distributors or liquid collectors designed for such distillation or absorption columns, where all surfaces that come in direct contact with the chemical(s) being processed are made from any of the following materials:"
compliance_code_eu_223997,2B350.e.1.,product_trade_compliance.regime_eu_dual,‘Alloys’ with more than 25 % nickel and 20 % chromium by weight;
compliance_code_eu_223998,2B350.e.2.,product_trade_compliance.regime_eu_dual,Fluoropolymers (polymeric or elastomeric materials with more than 35 % fluorine by weight);
compliance_code_eu_223999,2B350.e.3.,product_trade_compliance.regime_eu_dual,Glass (including vitrified or enamelled coatings or glass lining);
compliance_code_eu_224000,2B350.e.4.,product_trade_compliance.regime_eu_dual,Graphite or ‘carbon graphite’;
compliance_code_eu_224001,2B350.e.5.,product_trade_compliance.regime_eu_dual,Nickel or ‘alloys’ with more than 40 % nickel by weight;
compliance_code_eu_224002,2B350.e.6.,product_trade_compliance.regime_eu_dual,Tantalum or tantalum ‘alloys’;
compliance_code_eu_224003,2B350.e.7.,product_trade_compliance.regime_eu_dual,Titanium or titanium ‘alloys’;
compliance_code_eu_224004,2B350.e.8.,product_trade_compliance.regime_eu_dual,Zirconium or zirconium ‘alloys’; or
compliance_code_eu_224005,2B350.e.9.,product_trade_compliance.regime_eu_dual,Niobium (columbium) or niobium ‘alloys’;
compliance_code_eu_224006,2B350.f.,product_trade_compliance.regime_eu_dual,Remotely operated filling equipment in which all surfaces that come in direct contact with the chemical(s) being processed are made from any of the following materials:
compliance_code_eu_224007,2B350.f.1.,product_trade_compliance.regime_eu_dual,‘Alloys’ with more than 25 % nickel and 20 % chromium by weight; or
compliance_code_eu_224008,2B350.f.2.,product_trade_compliance.regime_eu_dual,Nickel or ‘alloys’ with more than 40 % nickel by weight;
compliance_code_eu_224009,2B350.g.,product_trade_compliance.regime_eu_dual,"Valves and components, as follows:"
compliance_code_eu_224010,2B350.g.1.,product_trade_compliance.regime_eu_dual,"Valves, having both of the following: a. A ‘nominal size’ greater than DN 10 or NPS 3/8; and b. All surfaces that come in direct contact with the chemical(s) being produced, processed, or contained are made from ‘corrosion resistant materials’;"
compliance_code_eu_224011,2B350.g.2.,product_trade_compliance.regime_eu_dual,"Valves, other than those specified in 2B350.g.1., having all of the following; a. A ‘nominal size’ equal to or greater than DN 25 or NPS 1 and equal to or less than DN 100 or NPS 4; b. Casings (valve bodies) or preformed casing liners; c. A closure element designed to be interchangeable; and d. All surfaces of the casing (valve body) or preformed case liner that come in direct contact with the chemical(s) being produced, processed, or contained are made from ‘corrosion resistant materials’;"
compliance_code_eu_224012,2B350.g.3.,product_trade_compliance.regime_eu_dual,"Components, designed for valves specified in 2B350.g.1. or 2B350.g.2., in which all surfaces that come in direct contact with the chemical(s) being produced, processed, or contained are made from ‘corrosion resistant materials’, as follows:"
compliance_code_eu_224013,2B350.g.3.a.,product_trade_compliance.regime_eu_dual,Casings (valve bodies);
compliance_code_eu_224014,2B350.g.3.b.,product_trade_compliance.regime_eu_dual,Preformed casing liners;
compliance_code_eu_224015,2B350.h.,product_trade_compliance.regime_eu_dual,"Multi-walled piping incorporating a leak detection port, in which all surfaces that come in direct contact with the chemical(s) being processed or contained are made from any of the following materials:"
compliance_code_eu_224016,2B350.h.1.,product_trade_compliance.regime_eu_dual,‘Alloys’ with more than 25 % nickel and 20 % chromium by weight;
compliance_code_eu_224017,2B350.h.2.,product_trade_compliance.regime_eu_dual,Fluoropolymers (polymeric or elastomeric materials with more than 35 % fluorine by weight);
compliance_code_eu_224018,2B350.h.3.,product_trade_compliance.regime_eu_dual,Glass (including vitrified or enamelled coatings or glass lining);
compliance_code_eu_224019,2B350.h.4.,product_trade_compliance.regime_eu_dual,Graphite or ‘carbon graphite’;
compliance_code_eu_224020,2B350.h.5.,product_trade_compliance.regime_eu_dual,Nickel or ‘alloys’ with more than 40 % nickel by weight;
compliance_code_eu_224021,2B350.h.6.,product_trade_compliance.regime_eu_dual,Tantalum or tantalum ‘alloys’;
compliance_code_eu_224022,2B350.h.7.,product_trade_compliance.regime_eu_dual,Titanium or titanium ‘alloys’;
compliance_code_eu_224023,2B350.h.8.,product_trade_compliance.regime_eu_dual,Zirconium or zirconium ‘alloys’; or
compliance_code_eu_224024,2B350.h.9.,product_trade_compliance.regime_eu_dual,Niobium (columbium) or niobium ‘alloys’;
compliance_code_eu_224025,2B350.i.,product_trade_compliance.regime_eu_dual,"Multiple-seal and seal-less pumps, with manufacturer`s specified maximum flow-rate greater than 0,6 m^3/hour, or vacuum pumps with manufacturer`s specified maximum flow-rate greater than 5 m^3/hour (under standard temperature (273 K (0 °C)) and pressure (101,3 kPa) conditions), other than those specified in 2B233; and casings (pump bodies), preformed casing liners, impellers, rotors or jet pump nozzles designed for such pumps, in which all surfaces that come in direct contact with the chemical(s) being processed are made from any of the following materials:"
compliance_code_eu_224026,2B350.i.1.,product_trade_compliance.regime_eu_dual,‘Alloys’ with more than 25 % nickel and 20 % chromium by weight;
compliance_code_eu_224027,2B350.i.2.,product_trade_compliance.regime_eu_dual,Ceramics;
compliance_code_eu_224028,2B350.i.3.,product_trade_compliance.regime_eu_dual,Ferrosilicon (high silicon iron alloys);
compliance_code_eu_224029,2B350.i.4.,product_trade_compliance.regime_eu_dual,Fluoropolymers (polymeric or elastomeric materials with more than 35 % fluorine by weight);
compliance_code_eu_224030,2B350.i.5.,product_trade_compliance.regime_eu_dual,Glass (including vitrified or enamelled coatings or glass lining);
compliance_code_eu_224031,2B350.i.6.,product_trade_compliance.regime_eu_dual,Graphite or ‘carbon graphite’;
compliance_code_eu_224032,2B350.i.7.,product_trade_compliance.regime_eu_dual,Nickel or ‘alloys’ with more than 40 % nickel by weight;
compliance_code_eu_224033,2B350.i.8.,product_trade_compliance.regime_eu_dual,Tantalum or tantalum ‘alloys’;
compliance_code_eu_224034,2B350.i.9.,product_trade_compliance.regime_eu_dual,Titanium or titanium ‘alloys’;
compliance_code_eu_224035,2B350.i.10.,product_trade_compliance.regime_eu_dual,Zirconium or zirconium ‘alloys’; or
compliance_code_eu_224036,2B350.i.11.,product_trade_compliance.regime_eu_dual,Niobium (columbium) or niobium ‘alloys’;
compliance_code_eu_224037,2B350.j.,product_trade_compliance.regime_eu_dual,"Incinerators designed to destroy chemicals specified in entry 1C350, having specially designed waste supply systems, special handling facilities and an average combustion chamber temperature greater than 1 273 K (1 000 °C), in which all surfaces in the waste supply system that come into direct contact with the waste products are made from or lined with any of the following materials:"
compliance_code_eu_224038,2B350.j.1.,product_trade_compliance.regime_eu_dual,‘Alloys’ with more than 25 % nickel and 20 % chromium by weight;
compliance_code_eu_224039,2B350.j.2.,product_trade_compliance.regime_eu_dual,Ceramics; or
compliance_code_eu_224040,2B350.j.3.,product_trade_compliance.regime_eu_dual,Nickel or ‘alloys’ with more than 40 % nickel by weight;
compliance_code_eu_224041,2B350.k.,product_trade_compliance.regime_eu_dual,"Prefabricated repair assemblies having metallic surfaces that come in direct contact with the chemical(s) being processed which are made from tantalum or tantalum alloys as follows, and specially designed components therefor:"
compliance_code_eu_224042,2B350.k.1.,product_trade_compliance.regime_eu_dual,Designed for mechanical attachment to glass-lined reaction vessels or reactors specified in 2B350.a.; or
compliance_code_eu_224043,2B350.k.2.,product_trade_compliance.regime_eu_dual,"Designed for mechanical attachment to glass-lined storage tanks, containers or receivers specified in 2B350.c."
compliance_code_eu_224044,2B351,product_trade_compliance.regime_eu_dual,"Toxic gas monitors and monitoring systems and their dedicated detecting components, other than those specified in 1A004, as follows; and detectors; sensor devices; and replaceable sensor cartridges therefor:"
compliance_code_eu_224045,2B351.a.,product_trade_compliance.regime_eu_dual,"a. Designed for continuous operation and usable for the detection of chemical warfare agents or chemicals specified in 1C350 with a ‘minimum detection limit’ of less than 0,3 mg/m3; or"
compliance_code_eu_224046,2B351.b.,product_trade_compliance.regime_eu_dual,Designed for the detection of cholinesterase-inhibiting activity.
compliance_code_eu_224047,2B352,product_trade_compliance.regime_eu_dual,"Biological manufacturing and handling equipment, as follows:"
compliance_code_eu_224048,2B352.a.,product_trade_compliance.regime_eu_dual,Containment facilities and related equipment as follows:
compliance_code_eu_224049,2B352.a.1.,product_trade_compliance.regime_eu_dual,"Complete containment facilities that meet the criteria for P3 or P4 (BL3, BL4, L3, L4) containment as specified in the WHO Laboratory Biosafety Manual (3^rd edition, Geneva, 2004);"
compliance_code_eu_224050,2B352.a.2.,product_trade_compliance.regime_eu_dual,"Equipment designed for fixed installation in containment facilities specified in 2B352.a., as follows:"
compliance_code_eu_224051,2B352.a.2.a.,product_trade_compliance.regime_eu_dual,Double-door pass-through decontamination autoclaves;
compliance_code_eu_224052,2B352.a.2.b.,product_trade_compliance.regime_eu_dual,Breathing air suit decontamination showers;
compliance_code_eu_224053,2B352.a.2.c.,product_trade_compliance.regime_eu_dual,Mechanical-seal or inflatable-seal walkthrough doors;
compliance_code_eu_224054,2B352.b.,product_trade_compliance.regime_eu_dual,Fermenters and components as follows:
compliance_code_eu_224055,2B352.b.1.,product_trade_compliance.regime_eu_dual,"Fermenters capable of cultivation of ""microorganisms"" or of live cells for the production of viruses or toxins, without the propagation of aerosols, having a total internal volume of 20 litres or more;"
compliance_code_eu_224056,2B352.b.2.,product_trade_compliance.regime_eu_dual,Components designed for fermenters specified in 2B352.b.1. as follows:
compliance_code_eu_224057,2B352.b.2.a.,product_trade_compliance.regime_eu_dual,Cultivation chambers designed to be sterilised or disinfected in situ;
compliance_code_eu_224058,2B352.b.2.b.,product_trade_compliance.regime_eu_dual,Cultivation chamber holding devices;
compliance_code_eu_224059,2B352.b.2.c.,product_trade_compliance.regime_eu_dual,"Process control units capable of simultaneously monitoring and controlling two or more fermentation system parameters (e.g., temperature, pH, nutrients, agitation, dissolved oxygen, air flow, foam control);"
compliance_code_eu_224060,2B352.c.,product_trade_compliance.regime_eu_dual,"Centrifugal separators, capable of continuous separation without the propagation of aerosols, having all of the following characteristics: 1. Flow rate exceeding 100 litres per hour; 2. Components of polished stainless steel or titanium; 3. One or more sealing joints within the steam containment area; and 4. Capable of in-situ steam sterilisation in a closed state;"
compliance_code_eu_224061,2B352.d.,product_trade_compliance.regime_eu_dual,Cross (tangential) flow filtration equipment and components as follows:
compliance_code_eu_224062,2B352.d.1.,product_trade_compliance.regime_eu_dual,"Cross (tangential) flow filtration equipment capable of separation of ""microorganisms"", viruses, toxins or cell cultures having all of the following characteristics: a. A total filtration area equal to or greater than 1 m^2; and b. Having any of the following characteristics: 1. Capable of being sterilised or disinfected in-situ; or 2. Using disposable or single-use filtration components;"
compliance_code_eu_224063,2B352.d.2.,product_trade_compliance.regime_eu_dual,"Cross (tangential) flow filtration components (e.g. modules, elements, cassettes, cartridges, units or plates) with filtration area equal to or greater than 0,2 m^2 for each component and designed for use in cross (tangential) flow filtration equipment specified in 2B352.d.;"
compliance_code_eu_224064,2B352.e.,product_trade_compliance.regime_eu_dual,"Steam, gas or vapour sterilisable freeze-drying equipment with a condenser capacity of 10 kg of ice or more in 24 hours and less than 1 000 kg of ice in 24 hours;"
compliance_code_eu_224065,2B352.f.,product_trade_compliance.regime_eu_dual,"Protective and containment equipment, as follows:"
compliance_code_eu_224066,2B352.f.1.,product_trade_compliance.regime_eu_dual,"Protective full or half suits, or hoods dependent upon a tethered external air supply and operating under positive pressure;"
compliance_code_eu_224067,2B352.f.2.,product_trade_compliance.regime_eu_dual,"Biocontainment chambers, isolators, or biological safety cabinets having all of the following characteristics, for normal operation: a. Fully enclosed workspace where the operator is separated from the work by a physical barrier; b. Able to operate at negative pressure; c. Means to safely manipulate items in the workspace; d. Supply and exhaust air to and from the workspace is HEPA filtered;"
compliance_code_eu_224068,2B352.g.,product_trade_compliance.regime_eu_dual,"Aerosol inhalation equipment designed for aerosol challenge testing with ""microorganisms"", viruses or ""toxins"" as follows:"
compliance_code_eu_224069,2B352.g.1.,product_trade_compliance.regime_eu_dual,Whole-body exposure chambers having a capacity of 1 m^3 or more;
compliance_code_eu_224070,2B352.g.2.,product_trade_compliance.regime_eu_dual,Nose-only exposure apparatus utilising directed aerosol flow and having capacity for exposure of any of the following:
compliance_code_eu_224071,2B352.g.2.a.,product_trade_compliance.regime_eu_dual,12 or more rodents; or
compliance_code_eu_224072,2B352.g.2.b.,product_trade_compliance.regime_eu_dual,2 or more animals other than rodents;
compliance_code_eu_224073,2B352.g.3.,product_trade_compliance.regime_eu_dual,Closed animal restraint tubes designed for use with nose-only exposure apparatus utilising directed aerosol flow;
compliance_code_eu_224074,2B352.h.,product_trade_compliance.regime_eu_dual,"Spray drying equipment capable of drying toxins or pathogenic ""microorganisms"" having all of the following: 1. A water evaporation capacity of ≥ 0,4 kg/h and ≤ 400 kg/h; 2. The ability to generate a typical mean product particle size of ≤10 μm with existing fittings or by minimal modification of the spray-dryer with atomisation nozzles enabling generation of the required particle size; and 3. Capable of being sterilised or disinfected in situ;"
compliance_code_eu_224075,2B352.i.,product_trade_compliance.regime_eu_dual,"Nucleic acid assemblers and synthesisers, which are partly or entirely automated, and designed to generate continuous nucleic acids greater than 1,5 kilobases in length with error rates less than 5 % in a single run."
compliance_code_eu_224076,2C,product_trade_compliance.regime_eu_dual,Materials
compliance_code_eu_224077,2D,product_trade_compliance.regime_eu_dual,Software
compliance_code_eu_224078,2D001,product_trade_compliance.regime_eu_dual,"""Software"", other than that specified in 2D002, as follows:"
compliance_code_eu_224079,2D001.a.,product_trade_compliance.regime_eu_dual,"""Software"" specially designed or modified for the ""development"" or ""production"" of equipment specified in 2A001 or 2B001 to 2B009"
compliance_code_eu_224080,2D001.b.,product_trade_compliance.regime_eu_dual,"""Software"" specially designed or modified for the ""use"" of equipment specified in 2A001.c., 2B001 or 2B003 to 2B009."
compliance_code_eu_224081,2D002,product_trade_compliance.regime_eu_dual,"""Software"" for electronic devices, even when residing in an electronic device or system, enabling such devices or systems to function as a ""numerical control"" unit, capable of co-ordinating simultaneously more than four axes for ""contouring control""."
compliance_code_eu_224082,2D003,product_trade_compliance.regime_eu_dual,"""Software"", designed or modified for the operation of equipment specified in 2B002, that converts optical design, workpiece measurements and material removal functions into ""numerical control"" commands to achieve the desired workpiece form."
compliance_code_eu_224083,2D101,product_trade_compliance.regime_eu_dual,"""Software"" specially designed or modified for the ""use"" of equipment specified in 2B104, 2B105, 2B109, 2B116, 2B117 or 2B119 to 2B122."
compliance_code_eu_224084,2D201,product_trade_compliance.regime_eu_dual,"""Software"" specially designed for the ""use"" of equipment specified in 2B204, 2B206, 2B207, 2B209, 2B219 or 2B227."
compliance_code_eu_224085,2D202,product_trade_compliance.regime_eu_dual,"""Software"" specially designed or modified for the ""development"", ""production"" or ""use"" of equipment specified in 2B201."
compliance_code_eu_224086,2D351,product_trade_compliance.regime_eu_dual,"""Software"", other than that specified in 1D003, specially designed for ""use"" of equipment specified in 2B351."
compliance_code_eu_224087,2D352,product_trade_compliance.regime_eu_dual,"""Software"" specially designed for nucleic acid assemblers and synthesisers specified in 2B352.i., that is capable of designing and building functional genetic elements from digital sequence data."
compliance_code_eu_224088,2E,product_trade_compliance.regime_eu_dual,Technology
compliance_code_eu_224089,2E001,product_trade_compliance.regime_eu_dual,"""Technology"" according to the General Technology Note for the ""development"" of equipment or ""software"" specified in 2A, 2B or 2D."
compliance_code_eu_224090,2E002,product_trade_compliance.regime_eu_dual,"""Technology"" according to the General Technology Note for the ""production"" of equipment specified in 2A or 2B."
compliance_code_eu_224091,2E003,product_trade_compliance.regime_eu_dual,"Other ""technology"", as follows:"
compliance_code_eu_224092,2E003.a.,product_trade_compliance.regime_eu_dual,Not used;
compliance_code_eu_224093,2E003.b.,product_trade_compliance.regime_eu_dual,"""Technology"" for metal-working manufacturing processes, as follows:"
compliance_code_eu_224094,2E003.b.1.,product_trade_compliance.regime_eu_dual,"""Technology"" for the design of tools, dies or fixtures specially designed for any of the following processes:"
compliance_code_eu_224095,2E003.b.1.a.,product_trade_compliance.regime_eu_dual,"""Superplastic forming"";"
compliance_code_eu_224096,2E003.b.1.b.,product_trade_compliance.regime_eu_dual,"""Diffusion bonding""; or"
compliance_code_eu_224097,2E003.b.1.c.,product_trade_compliance.regime_eu_dual,‘Direct-acting hydraulic pressing’;
compliance_code_eu_224098,2E003.b.2.,product_trade_compliance.regime_eu_dual,Not used;
compliance_code_eu_224099,2E003.c.,product_trade_compliance.regime_eu_dual,"""Technology"" for the ""development"" or ""production"" of hydraulic stretch-forming machines and dies therefor, for the manufacture of airframe structures;"
compliance_code_eu_224100,2E003.d.,product_trade_compliance.regime_eu_dual,Not used;
compliance_code_eu_224101,2E003.e.,product_trade_compliance.regime_eu_dual,"""Technology"" for the ""development"" of integration ""software"" for incorporation of expert systems for advanced decision support of shop floor operations into ""numerical control"" units;"
compliance_code_eu_224102,2E003.f.,product_trade_compliance.regime_eu_dual,"""Technology"" for the application of inorganic overlay coatings or inorganic surface modification coatings (specified in column 3 of the following table) to non-electronic substrates (specified in column 2 of the following table), by processes specified in column 1 of the following table and defined in the Technical Note."
compliance_code_eu_224103,2E101,product_trade_compliance.regime_eu_dual,"""Technology"" according to the General Technology Note for the ""use"" of equipment or ""software"" specified in 2B004, 2B009, 2B104, 2B109, 2B116, 2B119 to 2B122 or 2D101."
compliance_code_eu_224104,2E201,product_trade_compliance.regime_eu_dual,"""Technology"" according to the General Technology Note for the ""use"" of equipment or ""software"" specified in 2A225, 2A226, 2B001, 2B006, 2B007.b., 2B007.c., 2B008, 2B009, 2B201, 2B204, 2B206, 2B207, 2B209, 2B225 to 2B233, 2D201 or 2D202."
compliance_code_eu_224105,2E301,product_trade_compliance.regime_eu_dual,"""Technology"" according to the General Technology Note for the ""use"" of goods specified in 2B350 to 2B352."
compliance_code_eu_224106,3,product_trade_compliance.regime_eu_dual,CATEGORY 3 - ELECTRONICS
compliance_code_eu_224107,3A,product_trade_compliance.regime_eu_dual,"Systems, Equipment and Components"
compliance_code_eu_224108,3A001,product_trade_compliance.regime_eu_dual,Electronic items as follows:
compliance_code_eu_224109,3A001.a.,product_trade_compliance.regime_eu_dual,"General purpose integrated circuits, as follows:"
compliance_code_eu_224110,3A001.a.1.,product_trade_compliance.regime_eu_dual,Integrated circuits designed or rated as radiation hardened to withstand any of the following:
compliance_code_eu_224111,3A001.a.1.a.,product_trade_compliance.regime_eu_dual,A total dose of 5 × 10^3 Gy (silicon) or higher;
compliance_code_eu_224112,3A001.a.1.b.,product_trade_compliance.regime_eu_dual,A dose rate upset of 5 × 10^6 Gy (silicon)/s or higher; or
compliance_code_eu_224113,3A001.a.1.c.,product_trade_compliance.regime_eu_dual,"A fluence (integrated flux) of neutrons (1 MeV equivalent) of 5 × 10^13 n/cm^2 or higher on silicon, or its equivalent for other materials;"
compliance_code_eu_224114,3A001.a.2.,product_trade_compliance.regime_eu_dual,"""Microprocessor microcircuits"", ""microcomputer microcircuits"", microcontroller microcircuits, storage integrated circuits manufactured from a compound semiconductor, analogue-to-digital converters, integrated circuits that contain analogue-to-digital converters and store or process the digitised data, digital-to-analogue converters, electro-optical or ""optical integrated circuits"" designed for ""signal processing"", field programmable logic devices, custom integrated circuits for which either the function is unknown or the control status of the equipment in which the integrated circuit will be used is unknown, Fast Fourier Transform (FFT) processors, Static Random-Access Memories (SRAMs), or ‘non-volatile memories’, having any of the following:"
compliance_code_eu_224115,3A001.a.2.a.,product_trade_compliance.regime_eu_dual,Rated for operation at an ambient temperature above 398 K (125 °C);
compliance_code_eu_224116,3A001.a.2.b.,product_trade_compliance.regime_eu_dual,Rated for operation at an ambient temperature below 218 K (– 55 °C); or
compliance_code_eu_224117,3A001.a.2.c.,product_trade_compliance.regime_eu_dual,Rated for operation over the entire ambient temperature range from 218 K (– 55 °C) to 398 K (125 °C);
compliance_code_eu_224118,3A001.a.3.,product_trade_compliance.regime_eu_dual,"""Microprocessor microcircuits"", ""microcomputer microcircuits"" and microcontroller microcircuits, manufactured from a compound semiconductor and operating at a clock frequency exceeding 40 MHz;"
compliance_code_eu_224119,3A001.a.4.,product_trade_compliance.regime_eu_dual,Not used;
compliance_code_eu_224120,3A001.a.5.,product_trade_compliance.regime_eu_dual,"Analogue-to-Digital Converter (ADC) and Digital-to-Analogue Converter (DAC) integrated circuits, as follows:"
compliance_code_eu_224121,3A001.a.5.a.,product_trade_compliance.regime_eu_dual,ADCs having any of the following:
compliance_code_eu_224122,3A001.a.5.a.1.,product_trade_compliance.regime_eu_dual,"A resolution of 8 bit or more, but less than 10 bit, with a ""sample rate"" greater than 1,3 Giga Samples Per Second (GSPS);"
compliance_code_eu_224123,3A001.a.5.a.2.,product_trade_compliance.regime_eu_dual,"A resolution of 10 bit or more, but less than 12 bit, with a ""sample rate"" greater than 600 Mega Samples Per Second (MSPS);"
compliance_code_eu_224124,3A001.a.5.a.3.,product_trade_compliance.regime_eu_dual,"A resolution of 12 bit or more, but less than 14 bit, with a ""sample rate"" greater than 400 MSPS;"
compliance_code_eu_224125,3A001.a.5.a.4.,product_trade_compliance.regime_eu_dual,"A resolution of 14 bit or more, but less than 16 bit, with a ""sample rate"" greater than 250 MSPS; or"
compliance_code_eu_224126,3A001.a.5.a.5.,product_trade_compliance.regime_eu_dual,"A resolution of 16 bit or more with a ""sample rate"" greater than 65 MSPS;"
compliance_code_eu_224127,3A001.a.5.b.,product_trade_compliance.regime_eu_dual,Digital-to-Analogue Converters (DAC) having any of the following:
compliance_code_eu_224128,3A001.a.5.b.1.,product_trade_compliance.regime_eu_dual,"A resolution of 10 bit or more but less than 12 bit, with an ‘adjusted update rate’ exceeding 3 500 MSPS; or"
compliance_code_eu_224129,3A001.a.5.b.2.,product_trade_compliance.regime_eu_dual,A resolution of 12 bit or more and having any of the following:
compliance_code_eu_224130,3A001.a.5.b.2.a.,product_trade_compliance.regime_eu_dual,"An ‘adjusted update rate’ exceeding 1 250 MSPS but not exceeding 3 500 MSPS, and having any of the following:"
compliance_code_eu_224131,3A001.a.5.b.2.a.1.,product_trade_compliance.regime_eu_dual,"A settling time less than 9 ns to arrive at or within 0,024 % of full scale from a full scale step; or"
compliance_code_eu_224132,3A001.a.5.b.2.a.2.,product_trade_compliance.regime_eu_dual,A ‘Spurious Free Dynamic Range’ (SFDR) greater than 68 dBc (carrier) when synthesising a full scale analogue signal of 100 MHz or the highest full scale analogue signal frequency specified below 100 MHz; or
compliance_code_eu_224133,3A001.a.5.b.2.b.,product_trade_compliance.regime_eu_dual,An ‘adjusted update rate’ exceeding 3 500 MSPS;
compliance_code_eu_224134,3A001.a.6.,product_trade_compliance.regime_eu_dual,"Electro-optical and ""optical integrated circuits"", designed for ""signal processing"" and having all of the following: a. One or more than one internal ""laser"" diode; b. One or more than one internal light detecting element; and c. Optical waveguides;"
compliance_code_eu_224135,3A001.a.7.,product_trade_compliance.regime_eu_dual,Field programmable logic devices having any of the following:
compliance_code_eu_224136,3A001.a.7.a.,product_trade_compliance.regime_eu_dual,A maximum number of single-ended digital input/outputs of greater than 700; or
compliance_code_eu_224137,3A001.a.7.b.,product_trade_compliance.regime_eu_dual,An ‘aggregate one-way peak serial transceiver data rate’ of 500 Gb/s or greater;
compliance_code_eu_224138,3A001.a.8.,product_trade_compliance.regime_eu_dual,Not used;
compliance_code_eu_224139,3A001.a.9.,product_trade_compliance.regime_eu_dual,Neural network integrated circuits;
compliance_code_eu_224140,3A001.a.10.,product_trade_compliance.regime_eu_dual,"Custom integrated circuits for which the function is unknown, or the control status of the equipment in which the integrated circuits will be used is unknown to the manufacturer, having any of the following:"
compliance_code_eu_224141,3A001.a.10.a.,product_trade_compliance.regime_eu_dual,More than 1 500 terminals;
compliance_code_eu_224142,3A001.a.10.b.,product_trade_compliance.regime_eu_dual,"A typical ""basic gate propagation delay time"" of less than 0,02 ns; or"
compliance_code_eu_224143,3A001.a.10.c.,product_trade_compliance.regime_eu_dual,An operating frequency exceeding 3 GHz;
compliance_code_eu_224144,3A001.a.11.,product_trade_compliance.regime_eu_dual,"Digital integrated circuits, other than those described in 3A001.a.3. to 3A001.a.10. and 3A001.a.12., based upon any compound semiconductor and having any of the following:"
compliance_code_eu_224145,3A001.a.11.a.,product_trade_compliance.regime_eu_dual,An equivalent gate count of more than 3 000 (2 input gates); or
compliance_code_eu_224146,3A001.a.11.b.,product_trade_compliance.regime_eu_dual,"A toggle frequency exceeding 1,2 GHz;"
compliance_code_eu_224147,3A001.a.12.,product_trade_compliance.regime_eu_dual,"Fast Fourier Transform (FFT) processors having a rated execution time for an N-point complex FFT of less than (N log2 N) /20 480 ms, where N is the number of points;"
compliance_code_eu_224148,3A001.a.13.,product_trade_compliance.regime_eu_dual,Direct Digital Synthesizer (DDS) integrated circuits having any of the following:
compliance_code_eu_224149,3A001.a.13.a.,product_trade_compliance.regime_eu_dual,"A Digital-to-Analogue Converter (DAC) clock frequency of 3,5 GHz or more and a DAC resolution of 10 bit or more, but less than 12 bit; or"
compliance_code_eu_224150,3A001.a.13.b.,product_trade_compliance.regime_eu_dual,"A DAC clock frequency of 1,25 GHz or more and a DAC resolution of 12 bit or more;"
compliance_code_eu_224151,3A001.a.14.,product_trade_compliance.regime_eu_dual,"Integrated circuits that perform or are programmable to perform all of the following: a. Analogue-to-digital conversions meeting any of the following: 1. A resolution of 8 bit or more, but less than 10 bit, with a ""sample rate"" greater than 1,3 Giga Samples Per Second (GSPS); 2. A resolution of 10 bit or more, but less than 12 bit, with a ""sample rate"" greater than 1,0 GSPS; 3. A resolution of 12 bit or more, but less than 14 bit, with a ""sample rate"" greater than 1,0 GSPS; 4. A resolution of 14 bit or more, but less than 16 bit, with a ""sample rate"" greater than 400 Mega Samples Per Second (MSPS); or 5. A resolution of 16 bit or more with a ""sample rate"" greater than 180 MSPS; and b. Any of the following: 1. Storage of digitised data; or 2. Processing of digitised data;"
compliance_code_eu_224152,3A001.b.,product_trade_compliance.regime_eu_dual,Microwave or millimetre wave items as follows:
compliance_code_eu_224153,3A001.b.1.,product_trade_compliance.regime_eu_dual,"""Vacuum electronic devices"" and cathodes, as follows:"
compliance_code_eu_224154,3A001.b.1.a.,product_trade_compliance.regime_eu_dual,"Travelling-wave ""vacuum electronic devices"", pulsed or continuous wave, as follows:"
compliance_code_eu_224155,3A001.b.1.a.1.,product_trade_compliance.regime_eu_dual,"Devices operating at frequencies exceeding 31,8 GHz;"
compliance_code_eu_224156,3A001.b.1.a.2.,product_trade_compliance.regime_eu_dual,Devices having a cathode heater with a turn on time to rated RF power of less than 3 seconds;
compliance_code_eu_224157,3A001.b.1.a.3.,product_trade_compliance.regime_eu_dual,"Coupled cavity devices, or derivatives thereof, with a ""fractional bandwidth"" of more than 7 % or a peak power exceeding 2,5 kW;"
compliance_code_eu_224158,3A001.b.1.a.4.,product_trade_compliance.regime_eu_dual,"Devices based on helix, folded waveguide, or serpentine waveguide circuits, or derivatives thereof, having any of the following:"
compliance_code_eu_224159,3A001.b.1.a.4.a.,product_trade_compliance.regime_eu_dual,"An ""instantaneous bandwidth"" of more than one octave, and average power (expressed in kW) times frequency (expressed in GHz) of more than 0,5;"
compliance_code_eu_224160,3A001.b.1.a.4.b.,product_trade_compliance.regime_eu_dual,"An ""instantaneous bandwidth"" of one octave or less, and average power (expressed in kW) times frequency (expressed in GHz) of more than 1;"
compliance_code_eu_224161,3A001.b.1.a.4.c.,product_trade_compliance.regime_eu_dual,"Being ""space-qualified""; or"
compliance_code_eu_224162,3A001.b.1.a.4.d.,product_trade_compliance.regime_eu_dual,Having a gridded electron gun;
compliance_code_eu_224163,3A001.b.1.a.5.,product_trade_compliance.regime_eu_dual,"Devices with a ""fractional bandwidth"" greater than or equal to 10 %, with any of the following:"
compliance_code_eu_224164,3A001.b.1.a.5.a.,product_trade_compliance.regime_eu_dual,An annular electron beam;
compliance_code_eu_224165,3A001.b.1.a.5.b.,product_trade_compliance.regime_eu_dual,A non-axisymmetric electron beam; or
compliance_code_eu_224166,3A001.b.1.a.5.c.,product_trade_compliance.regime_eu_dual,Multiple electron beams;
compliance_code_eu_224167,3A001.b.1.b.,product_trade_compliance.regime_eu_dual,"Crossed-field amplifier ""vacuum electronic devices"" with a gain of more than 17 dB;"
compliance_code_eu_224168,3A001.b.1.c.,product_trade_compliance.regime_eu_dual,"Thermionic cathodes designed for ""vacuum electronic devices"" producing an emission current density at rated operating conditions exceeding 5 A/cm^2 or a pulsed (non-continuous) current density at rated operating conditions exceeding 10 A/cm^2;"
compliance_code_eu_224169,3A001.b.1.d.,product_trade_compliance.regime_eu_dual,"""Vacuum electronic devices"" with the capability to operate in a ‘dual mode’."
compliance_code_eu_224170,3A001.b.2.,product_trade_compliance.regime_eu_dual,"""Monolithic Microwave Integrated Circuits"" (""MMIC"") amplifiers that are any of the following:"
compliance_code_eu_224171,3A001.b.2.a.,product_trade_compliance.regime_eu_dual,"Rated for operation at frequencies exceeding 2,7 GHz up to and including 6,8 GHz with a ""fractional bandwidth"" greater than 15 %, and having any of the following:"
compliance_code_eu_224172,3A001.b.2.a.1.,product_trade_compliance.regime_eu_dual,"A peak saturated power output greater than 75 W (48,75 dBm) at any frequency exceeding 2,7 GHz up to and including 2,9 GHz;"
compliance_code_eu_224173,3A001.b.2.a.2.,product_trade_compliance.regime_eu_dual,"A peak saturated power output greater than 55 W (47,4 dBm) at any frequency exceeding 2,9 GHz up to and including 3,2 GHz;"
compliance_code_eu_224174,3A001.b.2.a.3.,product_trade_compliance.regime_eu_dual,"A peak saturated power output greater than 40 W (46 dBm) at any frequency exceeding 3,2 GHz up to and including 3,7 GHz; or"
compliance_code_eu_224175,3A001.b.2.a.4.,product_trade_compliance.regime_eu_dual,"A peak saturated power output greater than 20 W (43 dBm) at any frequency exceeding 3,7 GHz up to and including 6,8 GHz;"
compliance_code_eu_224176,3A001.b.2.b.,product_trade_compliance.regime_eu_dual,"Rated for operation at frequencies exceeding 6,8 GHz up to and including 16 GHz with a ""fractional bandwidth"" greater than 10 %, and having any of the following:"
compliance_code_eu_224177,3A001.b.2.b.1.,product_trade_compliance.regime_eu_dual,"A peak saturated power output greater than 10 W (40 dBm) at any frequency exceeding 6,8 GHz up to and including 8,5 GHz; or"
compliance_code_eu_224178,3A001.b.2.b.2.,product_trade_compliance.regime_eu_dual,"A peak saturated power output greater than 5 W (37 dBm) at any frequency exceeding 8,5 GHz up to and including 16 GHz;"
compliance_code_eu_224179,3A001.b.2.c.,product_trade_compliance.regime_eu_dual,"Rated for operation with a peak saturated power output greater than 3 W (34,77 dBm) at any frequency exceeding 16 GHz up to and including 31,8 GHz, and with a ""fractional bandwidth"" of greater than 10 %;"
compliance_code_eu_224180,3A001.b.2.d.,product_trade_compliance.regime_eu_dual,"Rated for operation with a peak saturated power output greater than 0,1 nW (– 70 dBm) at any frequency exceeding 31,8 GHz up to and including 37 GHz;"
compliance_code_eu_224181,3A001.b.2.e.,product_trade_compliance.regime_eu_dual,"Rated for operation with a peak saturated power output greater than 1 W (30 dBm) at any frequency exceeding 37 GHz up to and including 43,5 GHz, and with a ""fractional bandwidth"" of greater than 10 %;"
compliance_code_eu_224182,3A001.b.2.f.,product_trade_compliance.regime_eu_dual,"Rated for operation with a peak saturated power output greater than 31,62 mW (15 dBm) at any frequency exceeding 43,5 GHz up to and including 75 GHz, and with a ""fractional bandwidth"" of greater than 10 %;"
compliance_code_eu_224183,3A001.b.2.g.,product_trade_compliance.regime_eu_dual,"Rated for operation with a peak saturated power output greater than 10 mW (10 dBm) at any frequency exceeding 75 GHz up to and including 90 GHz, and with a ""fractional bandwidth"" of greater than 5 %; or"
compliance_code_eu_224184,3A001.b.2.h.,product_trade_compliance.regime_eu_dual,"Rated for operation with a peak saturated power output greater than 0,1 nW (– 70 dBm) at any frequency exceeding 90 GHz;"
compliance_code_eu_224185,3A001.b.3.,product_trade_compliance.regime_eu_dual,Discrete microwave transistors that are any of the following:
compliance_code_eu_224186,3A001.b.3.a.,product_trade_compliance.regime_eu_dual,"Rated for operation at frequencies exceeding 2,7 GHz up to and including 6,8 GHz and having any of the following:"
compliance_code_eu_224187,3A001.b.3.a.1.,product_trade_compliance.regime_eu_dual,"A peak saturated power output greater than 400 W (56 dBm) at any frequency exceeding 2,7 GHz up to and including 2,9 GHz;"
compliance_code_eu_224188,3A001.b.3.a.2.,product_trade_compliance.regime_eu_dual,"A peak saturated power output greater than 205 W (53,12 dBm) at any frequency exceeding 2,9 GHz up to and including 3,2 GHz;"
compliance_code_eu_224189,3A001.b.3.a.3.,product_trade_compliance.regime_eu_dual,"A peak saturated power output greater than 115 W (50,61 dBm) at any frequency exceeding 3,2 GHz up to and including 3,7 GHz; or"
compliance_code_eu_224190,3A001.b.3.a.4.,product_trade_compliance.regime_eu_dual,"A peak saturated power output greater than 60 W (47,78 dBm) at any frequency exceeding 3,7 GHz up to and including 6,8 GHz;"
compliance_code_eu_224191,3A001.b.3.b.,product_trade_compliance.regime_eu_dual,"Rated for operation at frequencies exceeding 6,8 GHz up to and including 31,8 GHz and having any of the following:"
compliance_code_eu_224192,3A001.b.3.b.1.,product_trade_compliance.regime_eu_dual,"A peak saturated power output greater than 50 W (47 dBm) at any frequency exceeding 6,8 GHz up to and including 8,5 GHz;"
compliance_code_eu_224193,3A001.b.3.b.2.,product_trade_compliance.regime_eu_dual,"A peak saturated power output greater than 15 W (41,76 dBm) at any frequency exceeding 8,5 GHz up to and including 12 GHz;"
compliance_code_eu_224194,3A001.b.3.b.3.,product_trade_compliance.regime_eu_dual,A peak saturated power output greater than 40 W (46 dBm) at any frequency exceeding 12 GHz up to and including 16 GHz; or
compliance_code_eu_224195,3A001.b.3.b.4.,product_trade_compliance.regime_eu_dual,"A peak saturated power output greater than 7 W (38,45 dBm) at any frequency exceeding 16 GHz up to and including 31,8 GHz;"
compliance_code_eu_224196,3A001.b.3.c.,product_trade_compliance.regime_eu_dual,"Rated for operation with a peak saturated power output greater than 0,5 W (27 dBm) at any frequency exceeding 31,8 GHz up to and including 37 GHz;"
compliance_code_eu_224197,3A001.b.3.d.,product_trade_compliance.regime_eu_dual,"Rated for operation with a peak saturated power output greater than 1 W (30 dBm) at any frequency exceeding 37 GHz up to and including 43,5 GHz;"
compliance_code_eu_224198,3A001.b.3.e.,product_trade_compliance.regime_eu_dual,"Rated for operation with a peak saturated power output greater than 0,1 nW (– 70 dBm) at any frequency exceeding 43,5 GHz; or"
compliance_code_eu_224199,3A001.b.3.f.,product_trade_compliance.regime_eu_dual,"Other than those specified in 3A001.b.3.a. to 3A001.b.3.e and rated for operation with a peak saturated power output greater than 5 W (37,0 dBm) at all frequencies exceeding 8,5 GHz up to and including 31,8 GHz;"
compliance_code_eu_224200,3A001.b.4.,product_trade_compliance.regime_eu_dual,"Microwave solid state amplifiers and microwave assemblies/modules containing microwave solid state amplifiers, that are any of the following:"
compliance_code_eu_224201,3A001.b.4.a.,product_trade_compliance.regime_eu_dual,"Rated for operation at frequencies exceeding 2,7 GHz up to and including 6,8 GHz with a ""fractional bandwidth"" greater than 15 %, and having any of the following:"
compliance_code_eu_224202,3A001.b.4.a.1.,product_trade_compliance.regime_eu_dual,"A peak saturated power output greater than 500 W (57 dBm) at any frequency exceeding 2,7 GHz up to and including 2,9 GHz;"
compliance_code_eu_224203,3A001.b.4.a.2.,product_trade_compliance.regime_eu_dual,"A peak saturated power output greater than 270 W (54,3 dBm) at any frequency exceeding 2,9 GHz up to and including 3,2 GHz;"
compliance_code_eu_224204,3A001.b.4.a.3.,product_trade_compliance.regime_eu_dual,"A peak saturated power output greater than 200 W (53 dBm) at any frequency exceeding 3,2 GHz up to and including 3,7 GHz; or"
compliance_code_eu_224205,3A001.b.4.a.4.,product_trade_compliance.regime_eu_dual,"A peak saturated power output greater than 90 W (49,54 dBm) at any frequency exceeding 3,7 GHz up to and including 6,8 GHz;"
compliance_code_eu_224206,3A001.b.4.b.,product_trade_compliance.regime_eu_dual,"Rated for operation at frequencies exceeding 6,8 GHz up to and including 31,8 GHz with a ""fractional bandwidth"" greater than 10 %, and having any of the following:"
compliance_code_eu_224207,3A001.b.4.b.1.,product_trade_compliance.regime_eu_dual,"A peak saturated power output greater than 70 W (48,45 dBm) at any frequency exceeding 6,8 GHz up to and including 8,5 GHz;"
compliance_code_eu_224208,3A001.b.4.b.2.,product_trade_compliance.regime_eu_dual,"A peak saturated power output greater than 50 W (47 dBm) at any frequency exceeding 8,5 GHz up to and including 12 GHz;"
compliance_code_eu_224209,3A001.b.4.b.3.,product_trade_compliance.regime_eu_dual,"A peak saturated power output greater than 30 W (44,77 dBm) at any frequency exceeding 12 GHz up to and including 16 GHz; or"
compliance_code_eu_224210,3A001.b.4.b.4.,product_trade_compliance.regime_eu_dual,"A peak saturated power output greater than 20 W (43 dBm) at any frequency exceeding 16 GHz up to and including 31,8 GHz;"
compliance_code_eu_224211,3A001.b.4.c.,product_trade_compliance.regime_eu_dual,"Rated for operation with a peak saturated power output greater than 0,5 W (27 dBm) at any frequency exceeding 31,8 GHz up to and including 37 GHz;"
compliance_code_eu_224212,3A001.b.4.d.,product_trade_compliance.regime_eu_dual,"Rated for operation with a peak saturated power output greater than 2 W (33 dBm) at any frequency exceeding 37 GHz up to and including 43,5 GHz, and with a ""fractional bandwidth"" of greater than 10 %;"
compliance_code_eu_224213,3A001.b.4.e.,product_trade_compliance.regime_eu_dual,"Rated for operation at frequencies exceeding 43,5 GHz and having any of the following:"
compliance_code_eu_224214,3A001.b.4.e.1.,product_trade_compliance.regime_eu_dual,"A peak saturated power output greater than 0,2 W (23 dBm) at any frequency exceeding 43,5 GHz up to and including 75 GHz, and with a ""fractional bandwidth"" of greater than 10 %;"
compliance_code_eu_224215,3A001.b.4.e.2.,product_trade_compliance.regime_eu_dual,"A peak saturated power output greater than 20 mW (13 dBm) at any frequency exceeding 75 GHz up to and including 90 GHz, and with a ""fractional bandwidth"" of greater than 5 %; or"
compliance_code_eu_224216,3A001.b.4.e.3.,product_trade_compliance.regime_eu_dual,"A peak saturated power output greater than 0,1 nW (– 70 dBm) at any frequency exceeding 90 GHz; or"
compliance_code_eu_224217,3A001.b.4.f.,product_trade_compliance.regime_eu_dual,Not used
compliance_code_eu_224218,3A001.b.5.,product_trade_compliance.regime_eu_dual,"Electronically or magnetically tunable band-pass or band-stop filters, having more than 5 tunable resonators capable of tuning across a 1,5:1 frequency band (fmax/fmin) in less than 10 μs and having any of the following:"
compliance_code_eu_224219,3A001.b.5.a.,product_trade_compliance.regime_eu_dual,"A band-pass bandwidth of more than 0,5 % of centre frequency; or"
compliance_code_eu_224220,3A001.b.5.b.,product_trade_compliance.regime_eu_dual,"A band-stop bandwidth of less than 0,5 % of centre frequency;"
compliance_code_eu_224221,3A001.b.6.,product_trade_compliance.regime_eu_dual,Not used;
compliance_code_eu_224222,3A001.b.7.,product_trade_compliance.regime_eu_dual,Converters and harmonic mixers that are any of the following:
compliance_code_eu_224223,3A001.b.7.a.,product_trade_compliance.regime_eu_dual,"Designed to extend the frequency range of ""signal analysers"" beyond 110 GHz;"
compliance_code_eu_224224,3A001.b.7.b.,product_trade_compliance.regime_eu_dual,Designed to extend the operating range of signal generators as follows:
compliance_code_eu_224225,3A001.b.7.b.1.,product_trade_compliance.regime_eu_dual,Beyond 110 GHz;
compliance_code_eu_224226,3A001.b.7.b.2.,product_trade_compliance.regime_eu_dual,"To an output power greater than 100 mW (20 dBm) anywhere within the frequency range exceeding 43,5 GHz but not exceeding 110 GHz;"
compliance_code_eu_224227,3A001.b.7.c.,product_trade_compliance.regime_eu_dual,Designed to extend the operating range of network analysers as follows:
compliance_code_eu_224228,3A001.b.7.c.1.,product_trade_compliance.regime_eu_dual,Beyond 110 GHz;
compliance_code_eu_224229,3A001.b.7.c.2.,product_trade_compliance.regime_eu_dual,"To an output power greater than 100 mW (20 dBm) anywhere within the frequency range exceeding 43,5 GHz but not exceeding 110 GHz;"
compliance_code_eu_224230,3A001.b.7.c.3.,product_trade_compliance.regime_eu_dual,Not used;
compliance_code_eu_224231,3A001.b.7.d.,product_trade_compliance.regime_eu_dual,Designed to extend the frequency range of microwave test receivers beyond 110 GHz;
compliance_code_eu_224232,3A001.b.8.,product_trade_compliance.regime_eu_dual,"Microwave power amplifiers containing ""vacuum electronic devices"" specified in 3A001.b.1. and having all of the following: a. Operating frequencies above 3 GHz; b. An average output power to mass ratio exceeding 80 W/kg; and c. A volume of less than 400 cm^3;"
compliance_code_eu_224233,3A001.b.9.,product_trade_compliance.regime_eu_dual,"Microwave power modules (MPM) consisting of, at least, a travelling wave ""vacuum electronic device"", a ""monolithic microwave integrated circuit"" (""MMIC"") and an integrated electronic power conditioner and having all of the following: a. A ‘turn-on time’ from off to fully operational in less than 10 seconds; b. A volume less than the maximum rated power in Watts multiplied by 10 cm^3/W; and c. An ""instantaneous bandwidth"" greater than 1 octave (fmax > 2fmin) and having any of the following: 1. For frequencies equal to or less than 18 GHz, an RF output power greater than 100 W; or 2. A frequency greater than 18 GHz;"
compliance_code_eu_224234,3A001.b.10.,product_trade_compliance.regime_eu_dual,"Oscillators or oscillator assemblies, specified to operate with a single sideband (SSB) phase noise, in dBc/Hz, less (better) than -(126 + 20log10F - 20log10f) anywhere within the range of 10 Hz ≤ F ≤ 10 kHz;"
compliance_code_eu_224235,3A001.b.11.,product_trade_compliance.regime_eu_dual,"‘Frequency synthesiser’""electronic assemblies"" having a ""frequency switching time"" as specified by any of the following:"
compliance_code_eu_224236,3A001.b.11.a.,product_trade_compliance.regime_eu_dual,Less than 143 ps;
compliance_code_eu_224237,3A001.b.11.b.,product_trade_compliance.regime_eu_dual,"Less than 100 μs for any frequency change exceeding 2,2 GHz within the synthesised frequency range exceeding 4,8 GHz but not exceeding 31,8 GHz;"
compliance_code_eu_224238,3A001.b.11.c.,product_trade_compliance.regime_eu_dual,Not used;
compliance_code_eu_224239,3A001.b.11.d.,product_trade_compliance.regime_eu_dual,"Less than 500 μs for any frequency change exceeding 550 MHz within the synthesised frequency range exceeding 31,8 GHz but not exceeding 37 GHz;"
compliance_code_eu_224240,3A001.b.11.e.,product_trade_compliance.regime_eu_dual,"Less than 100 μs for any frequency change exceeding 2,2 GHz within the synthesised frequency range exceeding 37 GHz but not exceeding 75 GHz;"
compliance_code_eu_224241,3A001.b.11.f.,product_trade_compliance.regime_eu_dual,"Less than 100 μs for any frequency change exceeding 5,0 GHz within the synthesised frequency range exceeding 75 GHz but not exceeding 90 GHz; or"
compliance_code_eu_224242,3A001.b.11.g.,product_trade_compliance.regime_eu_dual,Less than 1 ms within the synthesised frequency range exceeding 90 GHz;
compliance_code_eu_224243,3A001.b.12.,product_trade_compliance.regime_eu_dual,"‘Transmit/receive modules’, ‘transmit/receive MMICs’, ‘transmit modules’, and ‘transmit MMICs’, rated for operation at frequencies above 2,7 GHz and having all of the following: a. A peak saturated power output (in watts), Psat, greater than 505,62 divided by the maximum operating frequency (in GHz) squared [Psat>505,62 W*GHz^2/fGHz^2] for any channel; b. A ""fractional bandwidth"" of 5 % or greater for any channel; c. Any planar side with length d (in cm) equal to or less than 15 divided by the lowest operating frequency in GHz [d ≤ 15cm*GHz*N/fGHz] where N is the number of transmit or transmit/receive channels; and d. An electronically variable phase shifter per channel."
compliance_code_eu_224244,3A001.c.,product_trade_compliance.regime_eu_dual,Acoustic wave devices as follows and specially designed components therefor:
compliance_code_eu_224245,3A001.c.1.,product_trade_compliance.regime_eu_dual,"Surface acoustic wave and surface skimming (shallow bulk) acoustic wave devices, having any of the following:"
compliance_code_eu_224246,3A001.c.1.a.,product_trade_compliance.regime_eu_dual,A carrier frequency exceeding 6 GHz;
compliance_code_eu_224247,3A001.c.1.b.,product_trade_compliance.regime_eu_dual,"A carrier frequency exceeding 1 GHz, but not exceeding 6 GHz and having any of the following:"
compliance_code_eu_224248,3A001.c.1.b.1.,product_trade_compliance.regime_eu_dual,A ‘frequency side-lobe rejection’ exceeding 65 dB;
compliance_code_eu_224249,3A001.c.1.b.2.,product_trade_compliance.regime_eu_dual,A product of the maximum delay time and the bandwidth (time in μs and bandwidth in MHz) of more than 100;
compliance_code_eu_224250,3A001.c.1.b.3.,product_trade_compliance.regime_eu_dual,A bandwidth greater than 250 MHz; or
compliance_code_eu_224251,3A001.c.1.b.4.,product_trade_compliance.regime_eu_dual,A dispersive delay of more than 10 μs; or
compliance_code_eu_224252,3A001.c.1.c.,product_trade_compliance.regime_eu_dual,A carrier frequency of 1 GHz or less and having any of the following:
compliance_code_eu_224253,3A001.c.1.c.1.,product_trade_compliance.regime_eu_dual,A product of the maximum delay time and the bandwidth (time in μs and bandwidth in MHz) of more than 100;
compliance_code_eu_224254,3A001.c.1.c.2.,product_trade_compliance.regime_eu_dual,A dispersive delay of more than 10 μs; or
compliance_code_eu_224255,3A001.c.1.c.3.,product_trade_compliance.regime_eu_dual,A ‘frequency side-lobe rejection’ exceeding 65 dB and a bandwidth greater than 100 MHz;
compliance_code_eu_224256,3A001.c.2.,product_trade_compliance.regime_eu_dual,Bulk (volume) acoustic wave devices which permit the direct processing of signals at frequencies exceeding 6 GHz;
compliance_code_eu_224257,3A001.c.3.,product_trade_compliance.regime_eu_dual,"Acoustic-optic ""signal processing"" devices employing interaction between acoustic waves (bulk wave or surface wave) and light waves which permit the direct processing of signals or images, including spectral analysis, correlation or convolution;"
compliance_code_eu_224258,3A001.d.,product_trade_compliance.regime_eu_dual,"Electronic devices and circuits containing components, manufactured from ""superconductive"" materials, specially designed for operation at temperatures below the ""critical temperature"" of at least one of the ""superconductive"" constituents and having any of the following:"
compliance_code_eu_224259,3A001.d.1.,product_trade_compliance.regime_eu_dual,"Current switching for digital circuits using ""superconductive"" gates with a product of delay time per gate (in seconds) and power dissipation per gate (in watts) of less than 10^-14 J; or"
compliance_code_eu_224260,3A001.d.2.,product_trade_compliance.regime_eu_dual,Frequency selection at all frequencies using resonant circuits with Q-values exceeding 10 000;
compliance_code_eu_224261,3A001.e.,product_trade_compliance.regime_eu_dual,High energy devices as follows:
compliance_code_eu_224262,3A001.e.1.,product_trade_compliance.regime_eu_dual,‘Cells’ as follows:
compliance_code_eu_224263,3A001.e.1.a.,product_trade_compliance.regime_eu_dual,‘Primary cells’ having any of the following at 20 °C;
compliance_code_eu_224264,3A001.e.1.a.1.,product_trade_compliance.regime_eu_dual,‘Energy density’ exceeding 550 Wh/kg and a ‘continuous power density’ exceeding 50 W/kg; or
compliance_code_eu_224265,3A001.e.1.a.2.,product_trade_compliance.regime_eu_dual,‘Energy density’ exceeding 50 Wh/kg and a ‘continuous power density’ exceeding 350 W/kg; or
compliance_code_eu_224266,3A001.e.1.b.,product_trade_compliance.regime_eu_dual,‘Secondary cells’ having an ‘energy density’ exceeding 350 Wh/kg at 20 °C;
compliance_code_eu_224267,3A001.e.2.,product_trade_compliance.regime_eu_dual,High energy storage capacitors as follows:
compliance_code_eu_224268,3A001.e.2.a.,product_trade_compliance.regime_eu_dual,Capacitors with a repetition rate of less than 10 Hz (single shot capacitors) and having all of the following: 1. A voltage rating equal to or more than 5 kV; 2. An energy density equal to or more than 250 J/kg; and 3. A total energy equal to or more than 25 kJ;
compliance_code_eu_224269,3A001.e.2.b.,product_trade_compliance.regime_eu_dual,Capacitors with a repetition rate of 10 Hz or more (repetition rated capacitors) and having all of the following: 1. A voltage rating equal to or more than 5 kV; 2. An energy density equal to or more than 50 J/kg; 3. A total energy equal to or more than 100 J; and 4. A charge/discharge cycle life equal to or more than 10 000;
compliance_code_eu_224270,3A001.e.3.,product_trade_compliance.regime_eu_dual,"""Superconductive"" electromagnets and solenoids, specially designed to be fully charged or discharged in less than one second and having all of the following: a. Energy delivered during the discharge exceeding 10 kJ in the first second; b. Inner diameter of the current carrying windings of more than 250 mm; and c. Rated for a magnetic induction of more than 8 T or ""overall current density"" in the winding of more than 300 A/mm^2;"
compliance_code_eu_224271,3A001.e.4.,product_trade_compliance.regime_eu_dual,"Solar cells, cell-interconnect-coverglass (CIC) assemblies, solar panels, and solar arrays, which are ""space-qualified"", having a minimum average efficiency exceeding 20 % at an operating temperature of 301 K (28 °C) under simulated ‘AM0’ illumination with an irradiance of 1 367 watts per square metre (W/m^2);"
compliance_code_eu_224272,3A001.f.,product_trade_compliance.regime_eu_dual,"Rotary input type absolute position encoders having an ""accuracy"" equal to or less (better) than 1,0 second of arc and specially designed encoder rings, discs or scales therefor;"
compliance_code_eu_224273,3A001.g.,product_trade_compliance.regime_eu_dual,"Solid-state pulsed power switching thyristor devices and ‘thyristor modules’, using either electrically, optically, or electron radiation controlled switch methods and having any of the following:"
compliance_code_eu_224274,3A001.g.1.,product_trade_compliance.regime_eu_dual,A maximum turn-on current rate of rise (di/dt) greater than 30 000 A/μs and off-state voltage greater than 1 100 V; or
compliance_code_eu_224275,3A001.g.2.,product_trade_compliance.regime_eu_dual,A maximum turn-on current rate of rise (di/dt) greater than 2 000 A/μs and having all of the following: a. An off-state peak voltage equal to or greater than 3 000 V; and b. A peak (surge) current equal to or greater than 3 000 A.
compliance_code_eu_224276,3A001.h.,product_trade_compliance.regime_eu_dual,"Solid-state power semiconductor switches, diodes, or ‘modules’, having all of the following: 1. Rated for a maximum operating junction temperature greater than 488 K (215 °C); 2. Repetitive peak off-state voltage (blocking voltage) exceeding 300 V; and 3. Continuous current greater than 1 A."
compliance_code_eu_224277,3A001.i.,product_trade_compliance.regime_eu_dual,"Intensity, amplitude, or phase electro-optic modulators, designed for analogue signals and having any of the following:"
compliance_code_eu_224278,3A001.i.1.,product_trade_compliance.regime_eu_dual,"A maximum operating frequency of more than 10 GHz but less than 20 GHz, an optical insertion loss equal to or less than 3 dB and having any of the following:"
compliance_code_eu_224279,3A001.i.1.a.,product_trade_compliance.regime_eu_dual,"A ‘half-wave voltage’ (‘Vπ’) less than 2,7 V when measured at a frequency of 1 GHz or below; or"
compliance_code_eu_224280,3A001.i.1.b.,product_trade_compliance.regime_eu_dual,A ‘Vπ’ of less than 4 V when measured at a frequency of more than 1 GHz; or
compliance_code_eu_224281,3A001.i.2.,product_trade_compliance.regime_eu_dual,"A maximum operating frequency equal to or greater than 20 GHz, an optical insertion loss equal to or less than 3 dB and having any of the following:"
compliance_code_eu_224282,3A001.i.2.a.,product_trade_compliance.regime_eu_dual,"A ‘Vπ’ less than 3,3 V when measured at a frequency of 1 GHz or below; or"
compliance_code_eu_224283,3A001.i.2.b.,product_trade_compliance.regime_eu_dual,A ‘Vπ’ less than 5 V when measured at a frequency of more than 1 GHz.
compliance_code_eu_224284,3A002,product_trade_compliance.regime_eu_dual,"General purpose ""electronic assemblies"", modules and equipment, as follows:"
compliance_code_eu_224285,3A002.a.,product_trade_compliance.regime_eu_dual,Recording equipment and oscilloscopes as follows:
compliance_code_eu_224286,3A002.a.1.,product_trade_compliance.regime_eu_dual,Not used;
compliance_code_eu_224287,3A002.a.2.,product_trade_compliance.regime_eu_dual,Not used;
compliance_code_eu_224288,3A002.a.3.,product_trade_compliance.regime_eu_dual,Not used;
compliance_code_eu_224289,3A002.a.4.,product_trade_compliance.regime_eu_dual,Not used;
compliance_code_eu_224290,3A002.a.5.,product_trade_compliance.regime_eu_dual,Not used;
compliance_code_eu_224291,3A002.a.6.,product_trade_compliance.regime_eu_dual,"Digital data recorders having all of the following: a. A sustained ‘continuous throughput’ of more than 6,4 Gbit/s to disk or solid-state drive memory; and b. ""Signal processing"" of the radio frequency signal data while it is being recorded;"
compliance_code_eu_224292,3A002.a.7.,product_trade_compliance.regime_eu_dual,Real-time oscilloscopes having a vertical root-mean-square (rms) noise voltage of less than 2 % of full-scale at the vertical scale setting that provides the lowest noise value for any input 3dB bandwidth of 60 GHz or greater per channel;
compliance_code_eu_224293,3A002.b.,product_trade_compliance.regime_eu_dual,Not used;
compliance_code_eu_224294,3A002.c.,product_trade_compliance.regime_eu_dual,"""Signal analysers"" as follows:"
compliance_code_eu_224295,3A002.c.1.,product_trade_compliance.regime_eu_dual,"""Signal analysers"" having a 3 dB resolution bandwidth (RBW) exceeding 40 MHz anywhere within the frequency range exceeding 31,8 GHz but not exceeding 37 GHz;"
compliance_code_eu_224296,3A002.c.2.,product_trade_compliance.regime_eu_dual,"""Signal analysers"" having a Displayed Average Noise Level (DANL) less (better) than -160 dBm/Hz anywhere within the frequency range exceeding 43,5 GHz but not exceeding 110 GHz;"
compliance_code_eu_224297,3A002.c.3.,product_trade_compliance.regime_eu_dual,"""Signal analysers"" having a frequency exceeding 110 GHz;"
compliance_code_eu_224298,3A002.c.4.,product_trade_compliance.regime_eu_dual,"""Signal analysers"" having all of the following: a. ""Real-time bandwidth"" exceeding 520 MHz; and b. Having any of the following: 1. 100 % probability of discovery with less than a 3 dB reduction from full amplitude due to gaps or windowing effects of signals having a duration of 8 μs or less; or 2. A ‘frequency mask trigger’ function with 100 % probability of trigger (capture) for signals having a duration of 8 μs or less;"
compliance_code_eu_224299,3A002.c.5.,product_trade_compliance.regime_eu_dual,Not used;
compliance_code_eu_224300,3A002.d.,product_trade_compliance.regime_eu_dual,Signal generators having any of the following:
compliance_code_eu_224301,3A002.d.1.,product_trade_compliance.regime_eu_dual,"Specified to generate pulse-modulated signals having all of the following, anywhere within the frequency range exceeding 31,8 GHz but not exceeding 37 GHz:"
compliance_code_eu_224302,3A002.d.1.a.,product_trade_compliance.regime_eu_dual,‘Pulse duration’ of less than 25 ns; and
compliance_code_eu_224303,3A002.d.1.b.,product_trade_compliance.regime_eu_dual,On/off ratio equal to or exceeding 65 dB;
compliance_code_eu_224304,3A002.d.2.,product_trade_compliance.regime_eu_dual,"An output power exceeding 100 mW (20 dBm) anywhere within the frequency range exceeding 43,5 GHz but not exceeding 120 GHz;"
compliance_code_eu_224305,3A002.d.3.,product_trade_compliance.regime_eu_dual,"A ""frequency switching time"" as specified by any of the following:"
compliance_code_eu_224306,3A002.d.3.a.,product_trade_compliance.regime_eu_dual,Not used;
compliance_code_eu_224307,3A002.d.3.b.,product_trade_compliance.regime_eu_dual,"Less than 100 μs for any frequency change exceeding 2,2 GHz within the frequency range exceeding 4,8 GHz but not exceeding 31,8 GHz;"
compliance_code_eu_224308,3A002.d.3.c.,product_trade_compliance.regime_eu_dual,Not used;
compliance_code_eu_224309,3A002.d.3.d.,product_trade_compliance.regime_eu_dual,"Less than 500 μs for any frequency change exceeding 550 MHz within the frequency range exceeding 31,8 GHz but not exceeding 37 GHz;"
compliance_code_eu_224310,3A002.d.3.e.,product_trade_compliance.regime_eu_dual,"Less than 100 μs for any frequency change exceeding 2,2 GHz within the frequency range exceeding 37 GHz but not exceeding 75 GHz; or"
compliance_code_eu_224311,3A002.d.3.f.,product_trade_compliance.regime_eu_dual,Not used;
compliance_code_eu_224312,3A002.d.3.g.,product_trade_compliance.regime_eu_dual,"Less than 100 μs for any frequency change exceeding 5,0 GHz within the frequency range exceeding 75 GHz but not exceeding 110 GHz;"
compliance_code_eu_224313,3A002.d.4.,product_trade_compliance.regime_eu_dual,"A single sideband (SSB) phase noise, in dBc/Hz, specified as being any of the following:"
compliance_code_eu_224314,3A002.d.4.a.,product_trade_compliance.regime_eu_dual,"Less (better) than -(126 + 20log10F - 20log10f) anywhere within the range of 10 Hz ≤ F ≤ 10 kHz anywhere within the frequency range exceeding 3,2 GHz but not exceeding 110 GHz; or"
compliance_code_eu_224315,3A002.d.4.b.,product_trade_compliance.regime_eu_dual,"Less (better) than -(206 - 20log10f) anywhere within the range of 10 kHz< F≤ 100 kHz anywhere within the frequency range exceeding 3,2 GHz but not exceeding 110 GHz;"
compliance_code_eu_224316,3A002.d.5.,product_trade_compliance.regime_eu_dual,An ‘RF modulation bandwidth’ of digital baseband signals as specified by any of the following:
compliance_code_eu_224317,3A002.d.5.a.,product_trade_compliance.regime_eu_dual,"Exceeding 2,2 GHz within the frequency range exceeding 4,8 GHz but not exceeding 31,8 GHz;"
compliance_code_eu_224318,3A002.d.5.b.,product_trade_compliance.regime_eu_dual,"Exceeding 550 MHz within the frequency range exceeding 31,8 GHz but not exceeding 37 GHz;"
compliance_code_eu_224319,3A002.d.5.c.,product_trade_compliance.regime_eu_dual,"Exceeding 2,2 GHz within the frequency range exceeding 37 GHz but not exceeding 75 GHz; or"
compliance_code_eu_224320,3A002.d.5.d.,product_trade_compliance.regime_eu_dual,"Exceeding 5,0 GHz within the frequency range exceeding 75 GHz but not exceeding 110 GHz; or"
compliance_code_eu_224321,3A002.d.6.,product_trade_compliance.regime_eu_dual,A maximum frequency exceeding 110 GHz;
compliance_code_eu_224322,3A002.e.,product_trade_compliance.regime_eu_dual,Network analysers having any of the following:
compliance_code_eu_224323,3A002.e.1.,product_trade_compliance.regime_eu_dual,"An output power exceeding 100 mW (20 dBm) anywhere within the operating frequency range exceeding 43,5 GHz but not exceeding 110 GHz;"
compliance_code_eu_224324,3A002.e.2.,product_trade_compliance.regime_eu_dual,Not used;
compliance_code_eu_224325,3A002.e.3.,product_trade_compliance.regime_eu_dual,‘Nonlinear vector measurement functionality’ at frequencies exceeding 50 GHz but not exceeding 110 GHz; or
compliance_code_eu_224326,3A002.e.4.,product_trade_compliance.regime_eu_dual,A maximum operating frequency exceeding 110 GHz;
compliance_code_eu_224327,3A002.f.,product_trade_compliance.regime_eu_dual,Microwave test receivers having all of the following: 1. A maximum operating frequency exceeding 110 GHz; and 2. Being capable of measuring amplitude and phase simultaneously;
compliance_code_eu_224328,3A002.g.,product_trade_compliance.regime_eu_dual,Atomic frequency standards being any of the following:
compliance_code_eu_224329,3A002.g.1.,product_trade_compliance.regime_eu_dual,"""Space-qualified"";"
compliance_code_eu_224330,3A002.g.2.,product_trade_compliance.regime_eu_dual,Non-rubidium and having a long-term stability less (better) than 1 × 10^-11/month; or
compliance_code_eu_224331,3A002.g.3.,product_trade_compliance.regime_eu_dual,"Non-""space-qualified"" and having all of the following: a. Being a rubidium standard; b. Long-term stability less (better) than 1 × 10^-11/month; and c. Total power consumption of less than 1 W;"
compliance_code_eu_224332,3A002.h.,product_trade_compliance.regime_eu_dual,"""Electronic assemblies"", modules, or equipment, specified to perform all of the following: 1. Analogue-to-digital conversions meeting any of the following: a. A resolution of 8 bit or more, but less than 10 bit, with a ""sample rate"" greater than 1,3 Giga Samples Per Second (GSPS); b. A resolution of 10 bit or more, but less than 12 bit, with a ""sample rate"" greater than 1,0 GSPS; c. A resolution of 12 bit or more, but less than 14 bit, with a ""sample rate"" greater than 1,0 GSPS; d. A resolution of 14 bit or more but less than 16 bit, with a ""sample rate"" greater than 400 Mega Samples Per Second (MSPS); or e. A resolution of 16 bit or more with a ""sample rate"" greater than 180 MSPS; and 2. Any of the following: a. Output of digitised data; b. Storage of digitised data; or c. Processing of digitised data;"
compliance_code_eu_224333,3A003,product_trade_compliance.regime_eu_dual,"Spray cooling thermal management systems employing closed loop fluid handling and reconditioning equipment in a sealed enclosure where a dielectric fluid is sprayed onto electronic components using specially designed spray nozzles that are designed to maintain electronic components within their operating temperature range, and specially designed components therefor."
compliance_code_eu_224334,3A101,product_trade_compliance.regime_eu_dual,"Electronic equipment, devices and components, other than those specified in 3A001, as follows:"
compliance_code_eu_224335,3A101.a.,product_trade_compliance.regime_eu_dual,"Analogue-to-digital converters, usable in ""missiles"", designed to meet military specifications for ruggedized equipment;"
compliance_code_eu_224336,3A101.b.,product_trade_compliance.regime_eu_dual,"Accelerators capable of delivering electromagnetic radiation produced by bremsstrahlung from accelerated electrons of 2 MeV or greater, and systems containing those accelerators."
compliance_code_eu_224337,3A102,product_trade_compliance.regime_eu_dual,‘Thermal batteries’ designed or modified for ‘missiles’.
compliance_code_eu_224338,3A201,product_trade_compliance.regime_eu_dual,"Electronic components, other than those specified in 3A001, as follows;"
compliance_code_eu_224339,3A201.a.,product_trade_compliance.regime_eu_dual,Capacitors having either of the following sets of characteristics:
compliance_code_eu_224340,3A201.a.1.,product_trade_compliance.regime_eu_dual,"a. Voltage rating greater than 1,4 kV; b. Energy storage greater than 10 J; c. Capacitance greater than 0,5 μF; and d. Series inductance less than 50 nH; or"
compliance_code_eu_224341,3A201.a.2.,product_trade_compliance.regime_eu_dual,"a. Voltage rating greater than 750 V; b. Capacitance greater than 0,25 μF; and c. Series inductance less than 10 nH;"
compliance_code_eu_224342,3A201.b.,product_trade_compliance.regime_eu_dual,Superconducting solenoidal electromagnets having all of the following characteristics: 1. Capable of creating magnetic fields greater than 2 T; 2. A ratio of length to inner diameter greater than 2; 3. Inner diameter greater than 300 mm; and 4. Magnetic field uniform to better than 1 % over the central 50 % of the inner volume;
compliance_code_eu_224343,3A201.c.,product_trade_compliance.regime_eu_dual,Flash X-ray generators or pulsed electron accelerators having either of the following sets of characteristics:
compliance_code_eu_224344,3A201.c.1.,product_trade_compliance.regime_eu_dual,"a. An accelerator peak electron energy of 500 keV or greater but less than 25 MeV; and b. With a ‘figure of merit’ (K) of 0,25 or greater; or"
compliance_code_eu_224345,3A201.c.2.,product_trade_compliance.regime_eu_dual,a. An accelerator peak electron energy of 25 MeV or greater; and b. A ‘peak power’ greater than 50 MW.
compliance_code_eu_224346,3A225,product_trade_compliance.regime_eu_dual,"Frequency changers or generators, other than those specified in 0B001.b.13., usable as a variable or fixed frequency motor drive, having all of the following characteristics: a. Multiphase output providing a power of 40 VA or greater; b. Operating at a frequency of 600 Hz or more; and c. Frequency control better (less) than 0,2 %."
compliance_code_eu_224347,3A226,product_trade_compliance.regime_eu_dual,"High-power direct current power supplies, other than those specified in 0B001.j.6., having both of the following characteristics: a. Capable of continuously producing, over a time period of 8 hours, 100 V or greater with current output of 500 A or greater; and b. Current or voltage stability better than 0,1 % over a time period of 8 hours."
compliance_code_eu_224348,3A227,product_trade_compliance.regime_eu_dual,"High-voltage direct current power supplies, other than those specified in 0B001.j.5., having both of the following characteristics: a. Capable of continuously producing, over a time period of 8 hours, 20 kV or greater with current output of 1 A or greater; and b. Current or voltage stability better than 0,1 % over a time period of 8 hours."
compliance_code_eu_224349,3A228,product_trade_compliance.regime_eu_dual,"Switching devices, as follows:"
compliance_code_eu_224350,3A228.a.,product_trade_compliance.regime_eu_dual,"Cold-cathode tubes, whether gas filled or not, operating similarly to a spark gap, having all of the following characteristics: 1. Containing three or more electrodes; 2. Anode peak voltage rating of 2,5 kV or more; 3. Anode peak current rating of 100 A or more; and 4. Anode delay time of 10 μs or less;"
compliance_code_eu_224351,3A228.b.,product_trade_compliance.regime_eu_dual,Triggered spark-gaps having both of the following characteristics: 1. An anode delay time of 15 μs or less; and 2. Rated for a peak current of 500 A or more;
compliance_code_eu_224352,3A228.c.,product_trade_compliance.regime_eu_dual,"Modules or assemblies with a fast switching function, other than those specified in 3A001.g. or 3A001.h., having all of the following characteristics: 1. Anode peak voltage rating greater than 2 kV; 2. Anode peak current rating of 500 A or more; and 3. Turn-on time of 1 μs or less."
compliance_code_eu_224353,3A229,product_trade_compliance.regime_eu_dual,High-current pulse generators as follows:
compliance_code_eu_224354,3A229.a.,product_trade_compliance.regime_eu_dual,"Detonator firing sets (initiator systems, firesets), including electronically-charged, explosively-driven and optically-driven firing sets, other than those specified in 1A007.a., designed to drive multiple controlled detonators specified in 1A007.b.;"
compliance_code_eu_224355,3A229.b.,product_trade_compliance.regime_eu_dual,"Modular electrical pulse generators (pulsers) having all of the following characteristics: 1. Designed for portable, mobile, or ruggedized-use; 2. Capable of delivering their energy in less than 15 μs into loads of less than 40 ohms; 3. Having an output greater than 100 A; 4. No dimension greater than 30 cm; 5. Weight less than 30 kg; and 6. Specified for use over an extended temperature range 223 K (– 50 °C) to 373 K (100 °C) or specified as suitable for aerospace applications."
compliance_code_eu_224356,3A229.c.,product_trade_compliance.regime_eu_dual,Micro-firing units having all of the following characteristics: 1. No dimension greater than 35 mm; 2. Voltage rating of equal to or greater than 1 kV; and 3. Capacitance of equal to or greater than 100 nF.
compliance_code_eu_224357,3A230,product_trade_compliance.regime_eu_dual,"High-speed pulse generators, and ‘pulse heads’ therefor, having both of the following characteristics: a. Output voltage greater than 6 V into a resistive load of less than 55 ohms; and b. ‘Pulse transition time’ less than 500 ps."
compliance_code_eu_224358,3A231,product_trade_compliance.regime_eu_dual,"Neutron generator systems, including tubes, having both of the following characteristics: a. Designed for operation without an external vacuum system; and b. Utilising any of the following: 1. Electrostatic acceleration to induce a tritium-deuterium nuclear reaction; or 2. Electrostatic acceleration to induce a deuterium-deuterium nuclear reaction and capable of an output of 3 × 10^9 neutrons/s or greater."
compliance_code_eu_224359,3A232,product_trade_compliance.regime_eu_dual,"Multipoint initiation systems, other than those specified in 1A007, as follows:"
compliance_code_eu_224360,3A232.a.,product_trade_compliance.regime_eu_dual,Not used;
compliance_code_eu_224361,3A232.b.,product_trade_compliance.regime_eu_dual,"Arrangements using single or multiple detonators designed to nearly simultaneously initiate an explosive surface over an area greater than 5 000 mm^2 from a single firing signal with an initiation timing spread over the surface of less than 2,5 μs."
compliance_code_eu_224362,3A233,product_trade_compliance.regime_eu_dual,"Mass spectrometers, other than those specified in 0B002.g., capable of measuring ions of 230 u or greater and having a resolution of better than 2 parts in 230, as follows, and ion sources therefor:"
compliance_code_eu_224363,3A233.a.,product_trade_compliance.regime_eu_dual,Inductively coupled plasma mass spectrometers (ICP/MS);
compliance_code_eu_224364,3A233.b.,product_trade_compliance.regime_eu_dual,Glow discharge mass spectrometers (GDMS);
compliance_code_eu_224365,3A233.c.,product_trade_compliance.regime_eu_dual,Thermal ionisation mass spectrometers (TIMS);
compliance_code_eu_224366,3A233.d.,product_trade_compliance.regime_eu_dual,Electron bombardment mass spectrometers having both of the following features: 1. A molecular beam inlet system that injects a collimated beam of analyte molecules into a region of the ion source where the molecules are ionised by an electron beam; and 2. One or more ‘cold traps’ that can be cooled to a temperature of 193 K (– 80 °C);
compliance_code_eu_224367,3A233.e.,product_trade_compliance.regime_eu_dual,Not used;
compliance_code_eu_224368,3A233.f.,product_trade_compliance.regime_eu_dual,Mass spectrometers equipped with a microfluorination ion source designed for actinides or actinide fluorides.
compliance_code_eu_224369,3A234,product_trade_compliance.regime_eu_dual,Striplines to provide low inductance path to detonators with the following characteristics: a. Voltage rating greater than 2 kV; and b. Inductance of less than 20 nH.
compliance_code_eu_224370,3B,product_trade_compliance.regime_eu_dual,"Test, Inspection and Production Equipment"
compliance_code_eu_224371,3B001,product_trade_compliance.regime_eu_dual,"Equipment for the manufacturing of semiconductor devices or materials, as follows and specially designed components and accessories therefor:"
compliance_code_eu_224372,3B001.a.,product_trade_compliance.regime_eu_dual,Equipment designed for epitaxial growth as follows:
compliance_code_eu_224373,3B001.a.1.,product_trade_compliance.regime_eu_dual,"Equipment designed or modified to produce a layer of any material other than silicon with a thickness uniform to less than ± 2,5 % across a distance of 75 mm or more;"
compliance_code_eu_224374,3B001.a.2.,product_trade_compliance.regime_eu_dual,"Metal Organic Chemical Vapour Deposition (MOCVD) reactors designed for compound semiconductor epitaxial growth of material having two or more of the following elements: aluminium, gallium, indium, arsenic, phosphorus, antimony, oxygen or nitrogen;"
compliance_code_eu_224375,3B001.a.3.,product_trade_compliance.regime_eu_dual,Molecular beam epitaxial growth equipment using gas or solid sources;
compliance_code_eu_224376,3B001.b.,product_trade_compliance.regime_eu_dual,Equipment designed for ion implantation and having any of the following:
compliance_code_eu_224377,3B001.b.1.,product_trade_compliance.regime_eu_dual,Not used;
compliance_code_eu_224378,3B001.b.2.,product_trade_compliance.regime_eu_dual,"Being designed and optimised to operate at a beam energy of 20 keV or more and a beam current of 10 mA or more for hydrogen, deuterium or helium implant;"
compliance_code_eu_224379,3B001.b.3.,product_trade_compliance.regime_eu_dual,Direct write capability;
compliance_code_eu_224380,3B001.b.4.,product_trade_compliance.regime_eu_dual,"A beam energy of 65 keV or more and a beam current of 45 mA or more for high energy oxygen implant into a heated semiconductor material ""substrate""; or"
compliance_code_eu_224381,3B001.b.5.,product_trade_compliance.regime_eu_dual,"Being designed and optimised to operate at a beam energy of 20 keV or more and a beam current of 10 mA or more for silicon implant into a semiconductor material ""substrate"" heated to 600 °C or greater;"
compliance_code_eu_224382,3B001.c.,product_trade_compliance.regime_eu_dual,Not used;
compliance_code_eu_224383,3B001.d.,product_trade_compliance.regime_eu_dual,Not used;
compliance_code_eu_224384,3B001.e.,product_trade_compliance.regime_eu_dual,"Automatic loading multi-chamber central wafer handling systems having all of the following: 1. Interfaces for wafer input and output, to which more than two functionally different ‘semiconductor process tools’ specified in 3B001.a.1., 3B001.a.2., 3B001.a.3. or 3B001.b. are designed to be connected; and 2. Designed to form an integrated system in a vacuum environment for ‘sequential multiple wafer processing’;"
compliance_code_eu_224385,3B001.f.,product_trade_compliance.regime_eu_dual,Lithography equipment as follows:
compliance_code_eu_224386,3B001.f.1.,product_trade_compliance.regime_eu_dual,Align and expose step and repeat (direct step on wafer) or step and scan (scanner) equipment for wafer processing using photo-optical or X-ray methods and having any of the following:
compliance_code_eu_224387,3B001.f.1.a.,product_trade_compliance.regime_eu_dual,A light source wavelength shorter than 193 nm; or
compliance_code_eu_224388,3B001.f.1.b.,product_trade_compliance.regime_eu_dual,Capable of producing a pattern with a ‘Minimum Resolvable Feature size’ (MRF) of 45 nm or less;
compliance_code_eu_224389,3B001.f.2.,product_trade_compliance.regime_eu_dual,Imprint lithography equipment capable of producing features of 45 nm or less;
compliance_code_eu_224390,3B001.f.3.,product_trade_compliance.regime_eu_dual,"Equipment specially designed for mask making having all of the following: a. A deflected focussed electron beam, ion beam or ""laser"" beam; and b. Having any of the following: 1. A full-width half-maximum (FWHM) spot size smaller than 65 nm and an image placement less than 17 nm (mean + 3 sigma); or 2. Not used; 3. A second-layer overlay error of less than 23 nm (mean + 3 sigma) on the mask; 4. Equipment designed for device processing using direct writing methods, having all of the following: a. A deflected focused electron beam; and b.Having any of the following: 1. A minimum beam size equal to or smaller than 15 nm; or 2. An overlay error less than 27 nm (mean + 3 sigma);"
compliance_code_eu_224391,3B001.g.,product_trade_compliance.regime_eu_dual,"Masks and reticles, designed for integrated circuits specified in 3A001;"
compliance_code_eu_224392,3B001.h.,product_trade_compliance.regime_eu_dual,Multi-layer masks with a phase shift layer not specified in 3B001.g. and designed to be used by lithography equipment having a light source wavelength less than 245 nm;
compliance_code_eu_224393,3B001.i.,product_trade_compliance.regime_eu_dual,Imprint lithography templates designed for integrated circuits specified in 3A001.
compliance_code_eu_224394,3B001.j.,product_trade_compliance.regime_eu_dual,"Mask ""substrate blanks"" with multilayer reflector structure consisting of molybdenum and silicon, and having all of the following: 1. Specially designed for ‘Extreme Ultraviolet’ (‘EUV’) lithography; and 2. Compliant with SEMI Standard P37."
compliance_code_eu_224395,3B002,product_trade_compliance.regime_eu_dual,Test equipment specially designed for testing finished or unfinished semiconductor devices as follows and specially designed components and accessories therefor:
compliance_code_eu_224396,3B002.a.,product_trade_compliance.regime_eu_dual,For testing S-parameters of items specified in 3A001.b.3.;
compliance_code_eu_224397,3B002.b.,product_trade_compliance.regime_eu_dual,Not used;
compliance_code_eu_224398,3B002.c.,product_trade_compliance.regime_eu_dual,For testing items specified in 3A001.b.2.
compliance_code_eu_224399,3C,product_trade_compliance.regime_eu_dual,Materials
compliance_code_eu_224400,3C001,product_trade_compliance.regime_eu_dual,"Hetero-epitaxial materials consisting of a ""substrate"" having stacked epitaxially grown multiple layers of any of the following:"
compliance_code_eu_224401,3C001.a.,product_trade_compliance.regime_eu_dual,Silicon (Si);
compliance_code_eu_224402,3C001.b.,product_trade_compliance.regime_eu_dual,Germanium (Ge);
compliance_code_eu_224403,3C001.c.,product_trade_compliance.regime_eu_dual,Silicon carbide (SiC);
compliance_code_eu_224404,3C001.d.,product_trade_compliance.regime_eu_dual,"""III/V compounds"" of gallium or indium;"
compliance_code_eu_224405,3C001.e.,product_trade_compliance.regime_eu_dual,Gallium Oxide (Ga2O3); or
compliance_code_eu_224406,3C001.f.,product_trade_compliance.regime_eu_dual,Diamond.
compliance_code_eu_224407,3C002,product_trade_compliance.regime_eu_dual,"Resist materials as follows and ""substrates"" coated with the following resists:"
compliance_code_eu_224408,3C002.a.,product_trade_compliance.regime_eu_dual,Resists designed for semiconductor lithography as follows:
compliance_code_eu_224409,3C002.a.1.,product_trade_compliance.regime_eu_dual,Positive resists adjusted (optimised) for use at wavelengths less than 193 nm but equal to or greater than 15 nm;
compliance_code_eu_224410,3C002.a.2.,product_trade_compliance.regime_eu_dual,Resists adjusted (optimised) for use at wavelengths less than 15 nm but greater than 1 nm;
compliance_code_eu_224411,3C002.b.,product_trade_compliance.regime_eu_dual,"All resists designed for use with electron beams or ion beams, with a sensitivity of 0,01 μcoulomb/mm2 or better;"
compliance_code_eu_224412,3C002.c.,product_trade_compliance.regime_eu_dual,Not used;
compliance_code_eu_224413,3C002.d.,product_trade_compliance.regime_eu_dual,All resists optimised for surface imaging technologies;
compliance_code_eu_224414,3C002.e.,product_trade_compliance.regime_eu_dual,All resists designed or optimised for use with imprint lithography equipment specified in 3B001.f.2. that use either a thermal or photo-curable process.
compliance_code_eu_224415,3C003,product_trade_compliance.regime_eu_dual,Organo-inorganic compounds as follows:
compliance_code_eu_224416,3C003.a.,product_trade_compliance.regime_eu_dual,"Organo-metallic compounds of aluminium, gallium or indium, having a purity (metal basis) greater (better) than 99,999%;"
compliance_code_eu_224417,3C003.b.,product_trade_compliance.regime_eu_dual,"Organo-arsenic, organo-antimony and organo-phosphorus compounds, having a purity (inorganic element basis) greater (better) than 99,999%."
compliance_code_eu_224418,3C004,product_trade_compliance.regime_eu_dual,"Hydrides of phosphorus, arsenic or antimony, having a purity greater (better) than 99,999 %, even diluted in inert gases or hydrogen."
compliance_code_eu_224419,3C005,product_trade_compliance.regime_eu_dual,High resistivity materials as follows:
compliance_code_eu_224420,3C005.a.,product_trade_compliance.regime_eu_dual,"Silicon carbide (SiC), gallium nitride (GaN), aluminium nitride (AlN), aluminium gallium nitride (AlGaN), gallium oxide (Ga2O3) or diamond semiconductor ""substrates"", or ingots, boules, or other preforms of those materials, having resistivities greater than 10 000 ohm-cm at 20 °C;"
compliance_code_eu_224421,3C005.b.,product_trade_compliance.regime_eu_dual,"Polycrystalline ""substrates"" or polycrystalline ceramic ""substrates"", having resistivities greater than 10 000 ohm-cm at 20 °C and having at least one non-epitaxial single-crystal layer of silicon (Si), silicon carbide (SiC), gallium nitride (GaN), aluminium nitride (AlN), aluminium gallium nitride (AlGaN), gallium oxide (Ga2O3) or diamond on the surface of the ""substrate""."
compliance_code_eu_224422,3C006,product_trade_compliance.regime_eu_dual,"Materials, not specified in 3C001, consisting of a ""substrate"" specified in 3C005 with at least one epitaxial layer of silicon carbide (SiC), gallium nitride (GaN), aluminium nitride (AlN), aluminium gallium nitride (AlGaN), gallium oxide (Ga2O3) or diamond."
compliance_code_eu_224423,3D,product_trade_compliance.regime_eu_dual,Software
compliance_code_eu_224424,3D001,product_trade_compliance.regime_eu_dual,"""Software"" specially designed for the ""development"" or ""production"" of equipment specified in 3A001.b. to 3A002.h. or 3B."
compliance_code_eu_224425,3D002,product_trade_compliance.regime_eu_dual,"""Software"" specially designed for the ""use"" of equipment specified in 3B001.a. to f., 3B002 or 3A225"
compliance_code_eu_224426,3D003,product_trade_compliance.regime_eu_dual,"‘Computational lithography’""software"" specially designed for the ""development"" of patterns on EUV-lithography masks or reticles."
compliance_code_eu_224427,3D004,product_trade_compliance.regime_eu_dual,"""Software"" specially designed for the ""development"" of equipment specified in 3A003."
compliance_code_eu_224428,3D005,product_trade_compliance.regime_eu_dual,"""Software"" specially designed to restore normal operation of a microcomputer, ""microprocessor microcircuit"" or ""microcomputer microcircuit"" within 1 ms after an Electromagnetic Pulse (EMP) or Electrostatic Discharge (ESD) disruption, without loss of continuation of operation."
compliance_code_eu_224429,3D006,product_trade_compliance.regime_eu_dual,"‘Electronic Computer-Aided Design’ (‘ECAD’) ""software"" specially designed for the ""development"" of integrated circuits having any ""Gate-All-Around Field-Effect Transistor"" (""GAAFET"") structure, and having any of the following:"
compliance_code_eu_224430,3D006.a,product_trade_compliance.regime_eu_dual,Specially designed for implementing ‘Register Transfer Level’ (‘RTL’) to ‘Geometrical Database Standard II’ (‘GDSII’) or equivalent standard; or
compliance_code_eu_224431,3D006.b,product_trade_compliance.regime_eu_dual,Specially designed for optimisation of power or timing rules.
compliance_code_eu_224432,3D101,product_trade_compliance.regime_eu_dual,"""Software"" specially designed or modified for the ""use"" of equipment specified in 3A101.b."
compliance_code_eu_224433,3D225,product_trade_compliance.regime_eu_dual,"""Software"" specially designed to enhance or release the performance of frequency changers or generators to meet the characteristics of 3A225."
compliance_code_eu_224434,3E,product_trade_compliance.regime_eu_dual,Technology
compliance_code_eu_224435,3E001,product_trade_compliance.regime_eu_dual,"""Technology"" according to the General Technology Note for the ""development"" or ""production"" of equipment or materials specified in 3A, 3B or 3C;"
compliance_code_eu_224436,3E002,product_trade_compliance.regime_eu_dual,"""Technology"" according to the General Technology Note, other than that specified in 3E001, for the ""development"" or ""production"" of a ""microprocessor microcircuit"", ""microcomputer microcircuit"" or microcontroller microcircuit core, having an arithmetic logic unit with an access width of 32 bits or more and any of the following features or characteristics:"
compliance_code_eu_224437,3E002.a.,product_trade_compliance.regime_eu_dual,A ‘vector processor unit’ designed to perform more than two calculations on ‘floating-point’ vectors (one-dimensional arrays of 32-bit or larger numbers) simultaneously;
compliance_code_eu_224438,3E002.b.,product_trade_compliance.regime_eu_dual,Designed to perform more than four 64-bit or larger ‘floating-point’ operation results per cycle; or
compliance_code_eu_224439,3E002.c.,product_trade_compliance.regime_eu_dual,"Designed to perform more than eight 16-bit ‘fixed-point’ multiply-accumulate results per cycle (e.g., digital manipulation of analogue information that has been previously converted into digital form, also known as digital ""signal processing"")."
compliance_code_eu_224440,3E003,product_trade_compliance.regime_eu_dual,"Other ""technology"" for the ""development"" or ""production"" of the following:"
compliance_code_eu_224441,3E003.a.,product_trade_compliance.regime_eu_dual,Vacuum microelectronic devices;
compliance_code_eu_224442,3E003.b.,product_trade_compliance.regime_eu_dual,"Hetero-structure semiconductor electronic devices such as high electron mobility transistors (HEMT), hetero-bipolar transistors (HBT), quantum well and super lattice devices;"
compliance_code_eu_224443,3E003.c.,product_trade_compliance.regime_eu_dual,"""Superconductive"" electronic devices;"
compliance_code_eu_224444,3E003.d.,product_trade_compliance.regime_eu_dual,Substrates of diamond for electronic components;
compliance_code_eu_224445,3E003.e.,product_trade_compliance.regime_eu_dual,Substrates of silicon-on-insulator (SOI) for integrated circuits in which the insulator is silicon dioxide;
compliance_code_eu_224446,3E003.f.,product_trade_compliance.regime_eu_dual,Substrates of silicon carbide for electronic components;
compliance_code_eu_224447,3E003.g.,product_trade_compliance.regime_eu_dual,"""Vacuum electronic devices"" operating at frequencies of 31,8 GHz or higher;"
compliance_code_eu_224448,3E003.h.,product_trade_compliance.regime_eu_dual,Substrates of gallium oxide for electronic components.
compliance_code_eu_224449,3E004,product_trade_compliance.regime_eu_dual,"""Technology""""required"" for the slicing, grinding and polishing of 300 mm diameter silicon wafers to achieve a ‘Site Front least sQuares Range’ (‘SFQR’) less than or equal to 20 nm at any site of 26 mm × 8 mm on the front surface of the wafer and an edge exclusion less than or equal to 2 mm."
compliance_code_eu_224450,3E101,product_trade_compliance.regime_eu_dual,"""Technology"" according to the General Technology Note for the ""use"" of equipment or ""software"" specified in 3A001.a.1. or 2., 3A101, 3A102 or 3D101."
compliance_code_eu_224451,3E102,product_trade_compliance.regime_eu_dual,"""Technology"" according to the General Technology Note for the ""development"" of ""software"" specified in 3D101."
compliance_code_eu_224452,3E201,product_trade_compliance.regime_eu_dual,"""Technology"" according to the General Technology Note for the ""use"" of equipment specified in 3A001.e.2., 3A001.e.3., 3A001.g., 3A201, 3A225 to 3A234."
compliance_code_eu_224453,3E225,product_trade_compliance.regime_eu_dual,"""Technology"", in the form of codes or keys, to enhance or release the performance of frequency changers or generators to meet the characteristics of 3A225."
compliance_code_eu_224454,4,product_trade_compliance.regime_eu_dual,CATEGORY 4 - COMPUTERS
compliance_code_eu_224455,4A,product_trade_compliance.regime_eu_dual,"Systems, Equipment and Components"
compliance_code_eu_224456,4A001,product_trade_compliance.regime_eu_dual,"Electronic computers and related equipment, having any of the following and ""electronic assemblies"" and specially designed components therefor:"
compliance_code_eu_224457,4A001.a.,product_trade_compliance.regime_eu_dual,Specially designed to have any of the following:
compliance_code_eu_224458,4A001.a.1.,product_trade_compliance.regime_eu_dual,Rated for operation at an ambient temperature below 228 K (– 45 °C) or above 358 K (85 °C); or
compliance_code_eu_224459,4A001.a.2.,product_trade_compliance.regime_eu_dual,Radiation hardened to exceed any of the following specifications:
compliance_code_eu_224460,4A001.a.2.a.,product_trade_compliance.regime_eu_dual,a. Total Dose 5 × 10^3 Gy (silicon);
compliance_code_eu_224461,4A001.a.2.b.,product_trade_compliance.regime_eu_dual,b. Dose Rate Upset 5 × 10^6 Gy (silicon)/s; or
compliance_code_eu_224462,4A001.a.2.c.,product_trade_compliance.regime_eu_dual,c . Single Event Upset 1 × 10^–8 Error/bit/day;
compliance_code_eu_224463,4A001.b.,product_trade_compliance.regime_eu_dual,Not used.
compliance_code_eu_224464,4A003,product_trade_compliance.regime_eu_dual,"""Digital computers"", ""electronic assemblies"", and related equipment therefor, as follows and specially designed components therefor:"
compliance_code_eu_224465,4A003.a.,product_trade_compliance.regime_eu_dual,Not used;
compliance_code_eu_224466,4A003.b.,product_trade_compliance.regime_eu_dual,"""Digital computers"" having an ""Adjusted Peak Performance"" (""APP"") exceeding 70 Weighted TeraFLOPS (WT);"
compliance_code_eu_224467,4A003.c.,product_trade_compliance.regime_eu_dual,"""Electronic assemblies"" specially designed or modified for enhancing performance by aggregation of processors so that the ""APP"" of the aggregation exceeds the limit specified in 4A003.b.;"
compliance_code_eu_224468,4A003.d.,product_trade_compliance.regime_eu_dual,Not used;
compliance_code_eu_224469,4A003.e.,product_trade_compliance.regime_eu_dual,Not used;
compliance_code_eu_224470,4A003.f.,product_trade_compliance.regime_eu_dual,Not used;
compliance_code_eu_224471,4A003.g.,product_trade_compliance.regime_eu_dual,"Equipment specially designed for aggregating the performance of ""digital computers"" by providing external interconnections which allows communications at unidirectional data rates exceeding 2,0 Gbyte/s per link."
compliance_code_eu_224472,4A004,product_trade_compliance.regime_eu_dual,"Computers as follows and specially designed related equipment, ""electronic assemblies"" and components therefor:"
compliance_code_eu_224473,4A004.a.,product_trade_compliance.regime_eu_dual,‘Systolic array computers’;
compliance_code_eu_224474,4A004.b.,product_trade_compliance.regime_eu_dual,‘Neural computers’;
compliance_code_eu_224475,4A004.c.,product_trade_compliance.regime_eu_dual,‘Optical computers’.
compliance_code_eu_224476,4A005,product_trade_compliance.regime_eu_dual,"Systems, equipment, and components therefor, specially designed or modified for the generation, command and control, or delivery of ""intrusion software""."
compliance_code_eu_224477,4A101,product_trade_compliance.regime_eu_dual,"Analogue computers, ""digital computers"" or digital differential analysers, other than those specified in 4A001.a.1., which are ruggedized and designed or modified for use in space launch vehicles specified in 9A004 or sounding rockets specified in 9A104."
compliance_code_eu_224478,4A102,product_trade_compliance.regime_eu_dual,"Hybrid computers specially designed for modelling, simulation or design integration of space launch vehicles specified in 9A004 or sounding rockets specified in 9A104."
compliance_code_eu_224479,4B,product_trade_compliance.regime_eu_dual,"Test, Inspection and Production Equipment"
compliance_code_eu_224480,4C,product_trade_compliance.regime_eu_dual,Materials
compliance_code_eu_224481,4D,product_trade_compliance.regime_eu_dual,Software
compliance_code_eu_224482,4D001,product_trade_compliance.regime_eu_dual,"""Software"" as follows:"
compliance_code_eu_224483,4D001.a.,product_trade_compliance.regime_eu_dual,"""Software"" specially designed or modified for the ""development"" or ""production"" of equipment or ""software"" specified in 4A001 to 4A004, or 4D."
compliance_code_eu_224484,4D001.b.,product_trade_compliance.regime_eu_dual,"""Software"", other than that specified in 4D001.a., specially designed or modified for the ""development"" or ""production"" of equipment as follows:"
compliance_code_eu_224485,4D001.b.1.,product_trade_compliance.regime_eu_dual,"""Digital computers"" having an ""Adjusted Peak Performance"" (""APP"") exceeding 24 Weighted TeraFLOPS (WT);"
compliance_code_eu_224486,4D001.b.2.,product_trade_compliance.regime_eu_dual,"""Electronic assemblies"" specially designed or modified for enhancing performance by aggregation of processors so that the ""APP"" of the aggregation exceeds the limit in 4D001.b.1."
compliance_code_eu_224487,4D002,product_trade_compliance.regime_eu_dual,Not used
compliance_code_eu_224488,4D003,product_trade_compliance.regime_eu_dual,Not used
compliance_code_eu_224489,4D004,product_trade_compliance.regime_eu_dual,"""Software"" specially designed or modified for the generation, command and control, or delivery of ""intrusion software""."
compliance_code_eu_224490,4E,product_trade_compliance.regime_eu_dual,Technology
compliance_code_eu_224491,4E001.a.,product_trade_compliance.regime_eu_dual,"""Technology"" according to the General Technology Note, for the ""development"", ""production"" or ""use"" of equipment or ""software"" specified in 4A or 4D."
compliance_code_eu_224492,4E001.b.,product_trade_compliance.regime_eu_dual,"""Technology"", according to the General Technology Note, other than that specified in 4E001.a., for the ""development"" or ""production"" of equipment as follows:"
compliance_code_eu_224493,4E001.b.1.,product_trade_compliance.regime_eu_dual,"""Digital computers"" having an ""Adjusted Peak Performance"" (""APP"") exceeding 24 Weighted TeraFLOPS (WT);"
compliance_code_eu_224494,4E001.b.2.,product_trade_compliance.regime_eu_dual,"""Electronic assemblies"" specially designed or modified for enhancing performance by aggregation of processors so that the ""APP"" of the aggregation exceeds the limit in 4E001.b.1."
compliance_code_eu_224495,4E001.c.,product_trade_compliance.regime_eu_dual,"""Technology"" for the ""development"" of ""intrusion software""."
compliance_code_eu_224496,5,product_trade_compliance.regime_eu_dual,"CATEGORY 5 - TELECOMMUNICATIONS AND ""INFORMATION SECURITY"""
compliance_code_eu_224497,5.1,product_trade_compliance.regime_eu_dual,Part 1 - TELECOMMUNICATIONS
compliance_code_eu_224498,5A1,product_trade_compliance.regime_eu_dual,"Systems, Equipment and Components"
compliance_code_eu_224499,5A001,product_trade_compliance.regime_eu_dual,"Telecommunications systems, equipment, components and accessories as follows:"
compliance_code_eu_224500,5A001.a.,product_trade_compliance.regime_eu_dual,"Any type of telecommunications equipment having any of the following characteristics, functions or features:"
compliance_code_eu_224501,5A001.a.1.,product_trade_compliance.regime_eu_dual,"Specially designed to withstand transitory electronic effects or electromagnetic pulse effects, both arising from a nuclear explosion;"
compliance_code_eu_224502,5A001.a.2.,product_trade_compliance.regime_eu_dual,"Specially hardened to withstand gamma, neutron or ion radiation;"
compliance_code_eu_224503,5A001.a.3.,product_trade_compliance.regime_eu_dual,Specially designed to operate below 218 K (– 55 °C); or
compliance_code_eu_224504,5A001.a.4.,product_trade_compliance.regime_eu_dual,Specially designed to operate above 397 K (124 °C);
compliance_code_eu_224505,5A001.b.,product_trade_compliance.regime_eu_dual,"Telecommunication systems and equipment, and specially designed components and accessories therefor, having any of the following characteristics, functions or features:"
compliance_code_eu_224506,5A001.b.1.,product_trade_compliance.regime_eu_dual,Being underwater untethered communications systems having any of the following:
compliance_code_eu_224507,5A001.b.1.a.,product_trade_compliance.regime_eu_dual,An acoustic carrier frequency outside the range from 20 kHz to 60 kHz;
compliance_code_eu_224508,5A001.b.1.b.,product_trade_compliance.regime_eu_dual,Using an electromagnetic carrier frequency below 30 kHz;
compliance_code_eu_224509,5A001.b.1.c.,product_trade_compliance.regime_eu_dual,Using electronic beam steering techniques; or
compliance_code_eu_224510,5A001.b.1.d.,product_trade_compliance.regime_eu_dual,"Using ""lasers"" or light-emitting diodes (LEDs) with an output wavelength greater than 400 nm and less than 700 nm, in a ""local area network"";"
compliance_code_eu_224511,5A001.b.2.,product_trade_compliance.regime_eu_dual,"Being radio equipment operating in the 1,5 MHz to 87,5 MHz band and having all of the following: a. Automatically predicting and selecting frequencies and ""total digital transfer rates"" per channel to optimise the transmission; and b. Incorporating a linear power amplifier configuration having a capability to support multiple signals simultaneously at an output power of 1 kW or more in the frequency range of 1,5 MHz or more but less than 30 MHz, or 250 W or more in the frequency range of 30 MHz or more but not exceeding 87,5 MHz, over an ""instantaneous bandwidth"" of one octave or more and with an output harmonic and distortion content of less(better) than -80 dB;"
compliance_code_eu_224512,5A001.b.3.,product_trade_compliance.regime_eu_dual,"Being radio equipment employing ""spread spectrum"" techniques, including ""frequency hopping"" techniques, other than those specified in 5A001.b.4. and having any of the following:"
compliance_code_eu_224513,5A001.b.3.a.,product_trade_compliance.regime_eu_dual,User programmable spreading codes; or
compliance_code_eu_224514,5A001.b.3.b.,product_trade_compliance.regime_eu_dual,A total transmitted bandwidth which is 100 or more times the bandwidth of any one information channel and in excess of 50 kHz;
compliance_code_eu_224515,5A001.b.4.,product_trade_compliance.regime_eu_dual,"Being radio equipment employing ultra-wideband modulation techniques, having user programmable channelising codes, scrambling codes or network identification codes and having any of the following:"
compliance_code_eu_224516,5A001.b.4.a.,product_trade_compliance.regime_eu_dual,A bandwidth exceeding 500 MHz; or
compliance_code_eu_224517,5A001.b.4.b.,product_trade_compliance.regime_eu_dual,"A ""fractional bandwidth"" of 20 % or more;"
compliance_code_eu_224518,5A001.b.5.,product_trade_compliance.regime_eu_dual,Being digitally controlled radio receivers having all of the following: a. More than 1 000 channels; b. A ‘channel switching time’ of less than 1 ms; c. Automatic searching or scanning of a part of the electromagnetic spectrum; and d. Identification of the received signals or the type of transmitter; or
compliance_code_eu_224519,5A001.b.6.,product_trade_compliance.regime_eu_dual,"Employing functions of digital ""signal processing"" to provide ‘voice coding’ output at rates of less than 700 bit/s."
compliance_code_eu_224520,5A001.c.,product_trade_compliance.regime_eu_dual,Optical fibres of more than 500 m in length and specified by the manufacturer as being capable of withstanding a ‘proof test’ tensile stress of 2 × 10^9 N/m^2 or more;
compliance_code_eu_224521,5A001.d.,product_trade_compliance.regime_eu_dual,‘Electronically steerable phased array antennae’ as follows:
compliance_code_eu_224522,5A001.d.1.,product_trade_compliance.regime_eu_dual,"Rated for operation above 31,8 GHz, but not exceeding 57 GHz, and having an Effective Radiated Power (ERP) equal to or greater than + 20 dBm (22,15 dBm Effective Isotropic Radiated Power (EIRP));"
compliance_code_eu_224523,5A001.d.2.,product_trade_compliance.regime_eu_dual,"Rated for operation above 57 GHz, but not exceeding 66 GHz, and having an ERP equal to or greater than + 24 dBm (26,15 dBm EIRP);"
compliance_code_eu_224524,5A001.d.3.,product_trade_compliance.regime_eu_dual,"Rated for operation above 66 GHz, but not exceeding 90 GHz, and having an ERP equal to or greater than + 20 dBm (22,15 dBm EIRP);"
compliance_code_eu_224525,5A001.d.4.,product_trade_compliance.regime_eu_dual,Rated for operation above 90 GHz;
compliance_code_eu_224526,5A001.e.,product_trade_compliance.regime_eu_dual,"Radio direction finding equipment operating at frequencies above 30 MHz and having all of the following, and specially designed components therefor: 1. ""Instantaneous bandwidth"" of 10 MHz or more; and 2. Capable of finding a Line Of Bearing (LOB) to non-cooperating radio transmitters with a signal duration of less than 1 ms;"
compliance_code_eu_224527,5A001.f.,product_trade_compliance.regime_eu_dual,"Mobile telecommunications interception or jamming equipment, and monitoring equipment therefor, as follows, and specially designed components therefor:"
compliance_code_eu_224528,5A001.f.1.,product_trade_compliance.regime_eu_dual,"Interception equipment designed for the extraction of voice or data, transmitted over the air interface;"
compliance_code_eu_224529,5A001.f.2.,product_trade_compliance.regime_eu_dual,"Interception equipment not specified in 5A001.f.1., designed for the extraction of client device or subscriber identifiers (e.g., IMSI, TIMSI or IMEI), signalling, or other metadata transmitted over the air interface;"
compliance_code_eu_224530,5A001.f.3.,product_trade_compliance.regime_eu_dual,"Jamming equipment specially designed or modified to intentionally and selectively interfere with, deny, inhibit, degrade or seduce mobile telecommunication services and performing any of the following:"
compliance_code_eu_224531,5A001.f.3.a.,product_trade_compliance.regime_eu_dual,Simulate the functions of Radio Access Network (RAN) equipment;
compliance_code_eu_224532,5A001.f.3.b.,product_trade_compliance.regime_eu_dual,"Detect and exploit specific characteristics of the mobile telecommunications protocol employed (e.g., GSM); or"
compliance_code_eu_224533,5A001.f.3.c.,product_trade_compliance.regime_eu_dual,Exploit specific characteristics of the mobile telecommunications protocol employed (e.g. GSM);
compliance_code_eu_224534,5A001.f.4.,product_trade_compliance.regime_eu_dual,"RF monitoring equipment designed or modified to identify the operation of items specified in 5A001.f.1., 5A001.f.2. or 5A001.f.3.;"
compliance_code_eu_224535,5A001.g.,product_trade_compliance.regime_eu_dual,"Passive Coherent Location (PCL) systems or equipment, specially designed for detecting and tracking moving objects by measuring reflections of ambient radio frequency emissions, supplied by non-radar transmitters;"
compliance_code_eu_224536,5A001.h.,product_trade_compliance.regime_eu_dual,"Counter Improvised Explosive Device (IED) equipment and related equipment, as follows:"
compliance_code_eu_224537,5A001.h.1.,product_trade_compliance.regime_eu_dual,"Radio Frequency (RF) transmitting equipment, not specified in 5A001.f., designed or modified for prematurely activating or preventing the initiation of Improvised Explosive Devices (IEDs);"
compliance_code_eu_224538,5A001.h.2.,product_trade_compliance.regime_eu_dual,Equipment using techniques designed to enable radio communications in the same frequency channels on which co-located equipment specified in 5A001.h.1. is transmitting;
compliance_code_eu_224539,5A001.i.,product_trade_compliance.regime_eu_dual,Not used;
compliance_code_eu_224540,5A001.j.,product_trade_compliance.regime_eu_dual,"Internet Protocol (IP) network communications surveillance systems or equipment, and specially designed components therefor, having all of the following: 1. Performing all of the following on a carrier class Internet Protocol (IP) network (e.g., national grade IP backbone): a. Analysis at the application layer (e.g., Layer 7 of Open Systems Interconnection (OSI) model (ISO/IEC 7498-1)); b. Extraction of selected metadata and application content (e.g., voice, video, messages, attachments); and c. Indexing of extracted data; and 2. Being specially designed to carry out all of the following: a. Execution of searches on the basis of ""hard selectors""; and b. Mapping of the relational network of an individual or of a group of people."
compliance_code_eu_224541,5A101,product_trade_compliance.regime_eu_dual,"Telemetry and telecontrol equipment, including ground equipment, designed or modified for ‘missiles’."
compliance_code_eu_224542,5B1,product_trade_compliance.regime_eu_dual,"Test, Inspection and Production Equipment"
compliance_code_eu_224543,5B001,product_trade_compliance.regime_eu_dual,"Telecommunications test, inspection and production equipment, components and accessories, as follows:"
compliance_code_eu_224544,5B001.a.,product_trade_compliance.regime_eu_dual,"Equipment and specially designed components or accessories therefor, specially designed for the ""development"" or ""production"" of equipment, functions or features, specified in 5A001;"
compliance_code_eu_224545,5B001.b.,product_trade_compliance.regime_eu_dual,"Equipment and specially designed components or accessories therefor, specially designed for the ""development"" of any of the following telecommunication transmission or switching equipment:"
compliance_code_eu_224546,5B001.b.1.,product_trade_compliance.regime_eu_dual,Not used;
compliance_code_eu_224547,5B001.b.2.,product_trade_compliance.regime_eu_dual,"Equipment employing a ""laser"" and having any of the following:"
compliance_code_eu_224548,5B001.b.2.a.,product_trade_compliance.regime_eu_dual,A transmission wavelength exceeding 1 750 nm; or
compliance_code_eu_224549,5B001.b.2.b.,product_trade_compliance.regime_eu_dual,Not used;
compliance_code_eu_224550,5B001.b.2.c.,product_trade_compliance.regime_eu_dual,Not used;
compliance_code_eu_224551,5B001.b.2.d.,product_trade_compliance.regime_eu_dual,"Employing analogue techniques and having a bandwidth exceeding 2,5 GHz; or"
compliance_code_eu_224552,5B001.b.3.,product_trade_compliance.regime_eu_dual,Not used;
compliance_code_eu_224553,5B001.b.4.,product_trade_compliance.regime_eu_dual,Radio equipment employing Quadrature-Amplitude-Modulation (QAM) techniques above level 1 024;
compliance_code_eu_224554,5B001.b.5.,product_trade_compliance.regime_eu_dual,Not used.
compliance_code_eu_224555,5C1,product_trade_compliance.regime_eu_dual,Materials
compliance_code_eu_224556,5D1,product_trade_compliance.regime_eu_dual,Software
compliance_code_eu_224557,5D001,product_trade_compliance.regime_eu_dual,"""Software"" as follows:"
compliance_code_eu_224558,5D001.a.,product_trade_compliance.regime_eu_dual,"""Software"" specially designed or modified for the ""development"", ""production"" or ""use"" of equipment, functions or features, specified in 5A001;"
compliance_code_eu_224559,5D001.b.,product_trade_compliance.regime_eu_dual,Not used;
compliance_code_eu_224560,5D001.c.,product_trade_compliance.regime_eu_dual,"Specific ""software"" specially designed or modified to provide characteristics, functions or features of equipment, specified in 5A001 or 5B001;"
compliance_code_eu_224561,5D001.d.,product_trade_compliance.regime_eu_dual,"""Software"" specially designed or modified for the ""development"" of any of the following telecommunication transmission or switching equipment:"
compliance_code_eu_224562,5D001.d.1.,product_trade_compliance.regime_eu_dual,Not used;
compliance_code_eu_224563,5D001.d.2.,product_trade_compliance.regime_eu_dual,"Equipment employing a ""laser"" and having any of the following:"
compliance_code_eu_224564,5D001.d.2.a.,product_trade_compliance.regime_eu_dual,A transmission wavelength exceeding 1 750 nm; or
compliance_code_eu_224565,5D001.d.2.b.,product_trade_compliance.regime_eu_dual,"Employing analogue techniques and having a bandwidth exceeding 2,5 GHz; or"
compliance_code_eu_224566,5D001.d.3.,product_trade_compliance.regime_eu_dual,Not used;
compliance_code_eu_224567,5D001.d.4.,product_trade_compliance.regime_eu_dual,Radio equipment employing Quadrature-Amplitude-Modulation (QAM) techniques above level 1 024.
compliance_code_eu_224568,5D001.e.,product_trade_compliance.regime_eu_dual,"""Software"", other than that specified in 5D001.a. or 5D001.c., specially designed or modified for monitoring or analysis for law enforcement purposes, providing all of the following: 1. Execution of searches on the basis of ""hard selectors"" of either the content of communication or metadata acquired from a communications service provider using a ""handover interface""; and 2. Mapping of the relational network or tracking the movement or location of targeted individuals based on the results of searches on content of communication or metadata or searches as described in 5D001.e.1."
compliance_code_eu_224569,5D101,product_trade_compliance.regime_eu_dual,"""Software"" specially designed or modified for the ""use"" of equipment specified in 5A101."
compliance_code_eu_224570,5E1,product_trade_compliance.regime_eu_dual,Technology
compliance_code_eu_224571,5E001,product_trade_compliance.regime_eu_dual,"""Technology"" as follows:"
compliance_code_eu_224572,5E001.a.,product_trade_compliance.regime_eu_dual,"""Technology"" according to the General Technology Note for the ""development"", ""production"" or ""use"" (excluding operation) of equipment, functions or features specified in 5A001 or ""software"" specified in 5D001.a. or 5D001.e.;"
compliance_code_eu_224573,5E001.b.,product_trade_compliance.regime_eu_dual,"Specific ""technology"" as follows:"
compliance_code_eu_224574,5E001.b.1.,product_trade_compliance.regime_eu_dual,"""Technology""""required"" for the ""development"" or ""production"" of telecommunications equipment specially designed to be used on board satellites;"
compliance_code_eu_224575,5E001.b.2.,product_trade_compliance.regime_eu_dual,"""Technology"" for the ""development"" or ""use"" of ""laser"" communication techniques with the capability of automatically acquiring and tracking signals and maintaining communications through exoatmosphere or sub-surface (water) media;"
compliance_code_eu_224576,5E001.b.3.,product_trade_compliance.regime_eu_dual,"""Technology"" for the ""development"" of digital cellular radio base station receiving equipment whose reception capabilities that allow multi-band, multi-channel, multi-mode, multi-coding algorithm or multi-protocol operation can be modified by changes in ""software"";"
compliance_code_eu_224577,5E001.b.4.,product_trade_compliance.regime_eu_dual,"""Technology"" for the ""development"" of ""spread spectrum"" techniques, including ""frequency hopping"" techniques;"
compliance_code_eu_224578,5E001.c.,product_trade_compliance.regime_eu_dual,"""Technology"" according to the General Technology Note for the ""development"" or ""production"" of any of the following:"
compliance_code_eu_224579,5E001.c.1.,product_trade_compliance.regime_eu_dual,Not used;
compliance_code_eu_224580,5E001.c.2.,product_trade_compliance.regime_eu_dual,"Equipment employing a ""laser"" and having any of the following:"
compliance_code_eu_224581,5E001.c.2.a.,product_trade_compliance.regime_eu_dual,A transmission wavelength exceeding 1 750 nm; or
compliance_code_eu_224582,5E001.c.2.b.,product_trade_compliance.regime_eu_dual,Not used;
compliance_code_eu_224583,5E001.c.2.c.,product_trade_compliance.regime_eu_dual,Not used;
compliance_code_eu_224584,5E001.c.2.d.,product_trade_compliance.regime_eu_dual,Employing wavelength division multiplexing techniques of optical carriers at less than 100 GHz spacing; or
compliance_code_eu_224585,5E001.c.2.e.,product_trade_compliance.regime_eu_dual,"Employing analogue techniques and having a bandwidth exceeding 2,5 GHz;"
compliance_code_eu_224586,5E001.c.3.,product_trade_compliance.regime_eu_dual,"Equipment employing ""optical switching"" and having a switching time less than 1 ms;"
compliance_code_eu_224587,5E001.c.4.,product_trade_compliance.regime_eu_dual,Radio equipment having any of the following:
compliance_code_eu_224588,5E001.c.4.a.,product_trade_compliance.regime_eu_dual,Quadrature-Amplitude-Modulation (QAM) techniques above level 1 024;
compliance_code_eu_224589,5E001.c.4.b.,product_trade_compliance.regime_eu_dual,"Operating at input or output frequencies exceeding 31,8 GHz; or"
compliance_code_eu_224590,5E001.c.4.c.,product_trade_compliance.regime_eu_dual,"Operating in the 1,5 MHz to 87,5 MHz band and incorporating adaptive techniques providing more than 15 dB suppression of an interfering signal; or"
compliance_code_eu_224591,5E001.c.5.,product_trade_compliance.regime_eu_dual,Not used;
compliance_code_eu_224592,5E001.c.6.,product_trade_compliance.regime_eu_dual,"Mobile equipment having all of the following: a. Operating at an optical wavelength greater than or equal to 200 nm and less than or equal to 400 nm; and b. Operating as a ""local area network"";"
compliance_code_eu_224593,5E001.d.,product_trade_compliance.regime_eu_dual,"""Technology"" according to the General Technology Note for the ""development"" or ""production"" of ""Monolithic Microwave Integrated Circuit"" (""MMIC"") amplifiers specially designed for telecommunications and that are any of the following:"
compliance_code_eu_224594,5E001.d.1.,product_trade_compliance.regime_eu_dual,"Rated for operation at frequencies exceeding 2,7 GHz up to and including 6,8 GHz with a ""fractional bandwidth"" greater than 15 %, and having any of the following:"
compliance_code_eu_224595,5E001.d.1.a.,product_trade_compliance.regime_eu_dual,"A peak saturated power output greater than 75 W (48,75 dBm) at any frequency exceeding 2,7 GHz up to and including 2,9 GHz;"
compliance_code_eu_224596,5E001.d.1.b.,product_trade_compliance.regime_eu_dual,"A peak saturated power output greater than 55 W (47,4 dBm) at any frequency exceeding 2,9 GHz up to and including 3,2 GHz;"
compliance_code_eu_224597,5E001.d.1.c.,product_trade_compliance.regime_eu_dual,"A peak saturated power output greater than 40 W (46 dBm) at any frequency exceeding 3,2 GHz up to and including 3,7 GHz; or"
compliance_code_eu_224598,5E001.d.1.d.,product_trade_compliance.regime_eu_dual,"A peak saturated power output greater than 20 W (43 dBm) at any frequency exceeding 3,7 GHz up to and including 6,8 GHz;"
compliance_code_eu_224599,5E001.d.2.,product_trade_compliance.regime_eu_dual,"Rated for operation at frequencies exceeding 6,8 GHz up to and including 16 GHz with a ""fractional bandwidth"" greater than 10 %, and having any of the following:"
compliance_code_eu_224600,5E001.d.2.a.,product_trade_compliance.regime_eu_dual,"A peak saturated power output greater than 10W (40 dBm) at any frequency exceeding 6,8 GHz up to and including 8,5 GHz; or"
compliance_code_eu_224601,5E001.d.2.b.,product_trade_compliance.regime_eu_dual,"A peak saturated power output greater than 5W (37 dBm) at any frequency exceeding 8,5 GHz up to and including 16 GHz;"
compliance_code_eu_224602,5E001.d.3.,product_trade_compliance.regime_eu_dual,"Rated for operation with a peak saturated power output greater than 3 W (34,77 dBm) at any frequency exceeding 16 GHz up to and including 31,8 GHz, and with a ""fractional bandwidth"" of greater than 10 %;"
compliance_code_eu_224603,5E001.d.4.,product_trade_compliance.regime_eu_dual,"Rated for operation with a peak saturated power output greater than 0,1 nW (– 70 dBm) at any frequency exceeding 31,8 GHz up to and including 37 GHz;"
compliance_code_eu_224604,5E001.d.5.,product_trade_compliance.regime_eu_dual,"Rated for operation with a peak saturated power output greater than 1 W (30 dBm) at any frequency exceeding 37 GHz up to and including 43,5 GHz, and with a ""fractional bandwidth"" of greater than 10 %;"
compliance_code_eu_224605,5E001.d.6.,product_trade_compliance.regime_eu_dual,"Rated for operation with a peak saturated power output greater than 31,62 mW (15 dBm) at any frequency exceeding 43,5 GHz up to and including 75 GHz, and with a ""fractional bandwidth"" of greater than 10 %;"
compliance_code_eu_224606,5E001.d.7.,product_trade_compliance.regime_eu_dual,"Rated for operation with a peak saturated power output greater than 10 mW (10 dBm) at any frequency exceeding 75 GHz up to and including 90 GHz, and with a ""fractional bandwidth"" of greater than 5 %; or"
compliance_code_eu_224607,5E001.d.8.,product_trade_compliance.regime_eu_dual,"Rated for operation with a peak saturated power output greater than 0,1 nW (– 70 dBm) at any frequency exceeding 90 GHz;"
compliance_code_eu_224608,5E001.e.,product_trade_compliance.regime_eu_dual,"""Technology"" according to the General Technology Note for the ""development"" or ""production"" of electronic devices and circuits, specially designed for telecommunications and containing components manufactured from ""superconductive"" materials, specially designed for operation at temperatures below the ""critical temperature"" of at least one of the ""superconductive"" constituents and having any of the following:"
compliance_code_eu_224609,5E001.e.1.,product_trade_compliance.regime_eu_dual,"Current switching for digital circuits using ""superconductive"" gates with a product of delay time per gate (in seconds) and power dissipation per gate (in watts) of less than 10–14 J; or"
compliance_code_eu_224610,5E001.e.2.,product_trade_compliance.regime_eu_dual,Frequency selection at all frequencies using resonant circuits with Q-values exceeding 10 000.
compliance_code_eu_224611,5E101,product_trade_compliance.regime_eu_dual,"""Technology"" according to the General Technology Note for the ""development"", ""production"" or ""use"" of equipment specified in 5A101."
compliance_code_eu_224613,5A2,product_trade_compliance.regime_eu_dual,"Systems, Equipment and Components"
compliance_code_eu_224614,5A002,product_trade_compliance.regime_eu_dual,"""Information security"" systems, equipment and components, as follows:"
compliance_code_eu_224615,5A002.a.,product_trade_compliance.regime_eu_dual,"Designed or modified to use ""cryptography for data confidentiality"" having a ""described security algorithm"", as follows:"
compliance_code_eu_224616,5A002.a.1.,product_trade_compliance.regime_eu_dual,"Items having ""information security"" as a primary function;"
compliance_code_eu_224617,5A002.a.2.,product_trade_compliance.regime_eu_dual,"Digital communication or networking systems, equipment or components, not specified in 5A002.a.1.;"
compliance_code_eu_224618,5A002.a.3.,product_trade_compliance.regime_eu_dual,"Computers, other items having information storage or processing as a primary function, and components therefor, not specified in 5A002.a.1. or 5A002.a.2.;"
compliance_code_eu_224619,5A002.a.4.,product_trade_compliance.regime_eu_dual,"Items, not specified in 5A002.a.1. to 5A002.a.3., where the ‘cryptography for data confidentiality’ having a ‘described security algorithm’ meets all of the following: a. It supports a non-primary function of the item; and b. It is performed by incorporated equipment or ""software"" that would, as a standalone item, be specified in Category 5, Part 2."
compliance_code_eu_224620,5A002.b.,product_trade_compliance.regime_eu_dual,Being a ‘cryptographic activation token’;
compliance_code_eu_224621,5A002.c.,product_trade_compliance.regime_eu_dual,"Designed or modified to use or perform ""quantum cryptography"";"
compliance_code_eu_224622,5A002.d.,product_trade_compliance.regime_eu_dual,"Designed or modified to use cryptographic techniques to generate channelising codes, scrambling codes or network identification codes, for systems using ultra-wideband modulation techniques and having any of the following:"
compliance_code_eu_224623,5A002.d.1.,product_trade_compliance.regime_eu_dual,A bandwidth exceeding 500 MHz; or
compliance_code_eu_224624,5A002.d.2.,product_trade_compliance.regime_eu_dual,"A ""fractional bandwidth"" of 20 % or more;"
compliance_code_eu_224625,5A002.e.,product_trade_compliance.regime_eu_dual,"Designed or modified to use cryptographic techniques to generate the spreading code for ""spread spectrum"" systems, other than those specified in 5A002.d., including the hopping code for ""frequency hopping"" systems."
compliance_code_eu_224626,5A003,product_trade_compliance.regime_eu_dual,"Systems, equipment and components, for non-cryptographic ""information security"", as follows:"
compliance_code_eu_224627,5A003.a.,product_trade_compliance.regime_eu_dual,"Communications cable systems designed or modified to use mechanical, electrical or electronic means to detect surreptitious intrusion;"
compliance_code_eu_224628,5A003.b.,product_trade_compliance.regime_eu_dual,"Specially designed or modified to reduce the compromising emanations of information-bearing signals beyond what is necessary for health, safety or electromagnetic interference standards."
compliance_code_eu_224629,5A004,product_trade_compliance.regime_eu_dual,"Systems, equipment and components for defeating, weakening or bypassing ""information security"", as follows:"
compliance_code_eu_224630,5A004.a.,product_trade_compliance.regime_eu_dual,Designed or modified to perform ‘cryptanalytic functions’.
compliance_code_eu_224631,5A004.b.,product_trade_compliance.regime_eu_dual,"Items, not specified in 4A005 or 5A004.a., designed to perform all of the following: 1. ‘Extract raw data’ from a computing or communications device; and 2. Circumvent ""authentication"" or authorisation controls of the device, in order to perform the function described in 5A004.b.1."
compliance_code_eu_224632,5B2,product_trade_compliance.regime_eu_dual,"Test, Inspection and Production Equipment"
compliance_code_eu_224633,5B002,product_trade_compliance.regime_eu_dual,"""Information security"" test, inspection and ""production"" equipment, as follows:"
compliance_code_eu_224634,5B002.a.,product_trade_compliance.regime_eu_dual,"Equipment specially designed for the ""development"" or ""production"" of equipment specified in 5A002, 5A003, 5A004 or 5B002.b.;"
compliance_code_eu_224635,5B002.b.,product_trade_compliance.regime_eu_dual,"Measuring equipment specially designed to evaluate and validate the ""information security"" functions of the equipment specified in 5A002, 5A003 or 5A004, or of ""software"" specified in 5D002.a. or 5D002.c."
compliance_code_eu_224636,5C2,product_trade_compliance.regime_eu_dual,Materials
compliance_code_eu_224637,5D2,product_trade_compliance.regime_eu_dual,Software
compliance_code_eu_224638,5D002,product_trade_compliance.regime_eu_dual,"""Software"" as follows:"
compliance_code_eu_224639,5D002.a.,product_trade_compliance.regime_eu_dual,"""Software"" specially designed or modified for the ""development"", ""production"" or ""use"" of any of the following:"
compliance_code_eu_224640,5D002.a.1.,product_trade_compliance.regime_eu_dual,"Equipment specified in 5A002 or ""software"" specified in 5D002.c.1.;"
compliance_code_eu_224641,5D002.a.2.,product_trade_compliance.regime_eu_dual,"Equipment specified in 5A003 or ""software"" specified in 5D002.c.2.; or"
compliance_code_eu_224642,5D002.a.3.,product_trade_compliance.regime_eu_dual,"Equipment or ""software"", as follows:"
compliance_code_eu_224643,5D002.a.3.a.,product_trade_compliance.regime_eu_dual,"Equipment specified in 5A004.a. or ""software"" specified in 5D002.c.3.a.;"
compliance_code_eu_224644,5D002.a.3.b.,product_trade_compliance.regime_eu_dual,"Equipment specified in 5A004.b. or ""software"" specified in 5D002.c.3.b."
compliance_code_eu_224645,5D002.b.,product_trade_compliance.regime_eu_dual,"""Software"" having the characteristics of a ‘cryptographic activation token’ specified in 5A002.b.;"
compliance_code_eu_224646,5D002.c.,product_trade_compliance.regime_eu_dual,"""Software"" having the characteristics of, or performing or simulating the functions of, any of the following:"
compliance_code_eu_224647,5D002.c.1.,product_trade_compliance.regime_eu_dual,"Equipment specified in 5A002.a., 5A002.c., 5A002.d. or 5A002.e.;"
compliance_code_eu_224648,5D002.c.2.,product_trade_compliance.regime_eu_dual,Equipment specified in 5A003; or
compliance_code_eu_224649,5D002.c.3.,product_trade_compliance.regime_eu_dual,"Equipment, as follows:"
compliance_code_eu_224650,5D002.c.3.a.,product_trade_compliance.regime_eu_dual,Equipment specified in 5A004.a.;
compliance_code_eu_224651,5D002.c.3.b.,product_trade_compliance.regime_eu_dual,Equipment specified in 5A004.b.
compliance_code_eu_224652,5D002.d.,product_trade_compliance.regime_eu_dual,Not used.
compliance_code_eu_224653,5E2,product_trade_compliance.regime_eu_dual,Technology
compliance_code_eu_224654,5E002,product_trade_compliance.regime_eu_dual,"""Technology"" as follows:"
compliance_code_eu_224655,5E002.a.,product_trade_compliance.regime_eu_dual,"""Technology"" according to the General Technology Note for the ""development"", ""production"" or ""use"" of equipment specified in 5A002, 5A003, 5A004 or 5B002, or of ""software"" specified in 5D002.a. or 5D002.c."
compliance_code_eu_224656,5E002.b.,product_trade_compliance.regime_eu_dual,"""Technology"" having the characteristics of a ‘cryptographic activation token’ specified in 5A002.b."
compliance_code_eu_224657,6,product_trade_compliance.regime_eu_dual,CATEGORY 6 - SENSORS AND LASERS
compliance_code_eu_224658,6A,product_trade_compliance.regime_eu_dual,"Systems, Equipment and Components"
compliance_code_eu_224659,6A001,product_trade_compliance.regime_eu_dual,"Acoustic systems, equipment and components, as follows:"
compliance_code_eu_224660,6A001.a.,product_trade_compliance.regime_eu_dual,"Marine acoustic systems, equipment and specially designed components therefor, as follows:"
compliance_code_eu_224661,6A001.a.1.,product_trade_compliance.regime_eu_dual,"Active (transmitting or transmitting-and-receiving) systems, equipment and specially designed components therefor, as follows:"
compliance_code_eu_224662,6A001.a.1.a.,product_trade_compliance.regime_eu_dual,Acoustic seabed survey equipment as follows:
compliance_code_eu_224663,6A001.a.1.a.1.,product_trade_compliance.regime_eu_dual,"Surface vessel survey equipment designed for seabed topographic mapping and having all of the following: a. Designed to take measurements at an angle exceeding 20o from the vertical; b. Designed to measure seabed topography at seabed depths exceeding 600 m; c. ‘Sounding resolution’ less than 2; and d. ‘Enhancement’ of the depth ""accuracy"" through compensation for all the following: 1. Motion of the acoustic sensor; 2. In-water propagation from sensor to the seabed and back; and 3. Sound speed at the sensor;"
compliance_code_eu_224664,6A001.a.1.a.2.,product_trade_compliance.regime_eu_dual,Underwater survey equipment designed for seabed topographic mapping and having any of the following:
compliance_code_eu_224665,6A001.a.1.a.2.a.,product_trade_compliance.regime_eu_dual,Having all of the following: 1. Designed or modified to operate at depths exceeding 300 m; and 2. ‘Sounding rate’ greater than 3 800 m/s; or
compliance_code_eu_224666,6A001.a.1.a.2.b.,product_trade_compliance.regime_eu_dual,"Survey equipment, not specified in 6A001.a.1.a.2.a., having all of the following: 1. Designed or modified to operate at depths exceeding 100 m; 2. Designed to take measurements at an angle exceeding 20o from the vertical; 3. Having any of the following: a. Operating frequency below 350 kHz; or b. Designed to measure seabed topography at a range exceeding 200 m from the acoustic sensor; and 4. ‘Enhancement’ of the depth ""accuracy"" through compensation of all of the following: a. Motion of the acoustic sensor; b. In-water propagation from sensor to the seabed and back; and c. Sound speed at the sensor;"
compliance_code_eu_224667,6A001.a.1.a.3.,product_trade_compliance.regime_eu_dual,"Side Scan Sonar (SSS) or Synthetic Aperture Sonar (SAS), designed for seabed imaging and having all of the following, and specially designed transmitting and receiving acoustic arrays therefor: a. Designed or modified to operate at depths exceeding 500 m; b. An ‘area coverage rate’ of greater than 570 m^2/s while operating at the maximum range that it can operate with an ‘along track resolution’ of less than 15 cm; and c. An ‘across track resolution’ of less than 15 cm;"
compliance_code_eu_224668,6A001.a.1.b.,product_trade_compliance.regime_eu_dual,"Systems or transmitting and receiving arrays, designed for object detection or location, having any of the following:"
compliance_code_eu_224669,6A001.a.1.b.1.,product_trade_compliance.regime_eu_dual,A transmitting frequency below 10 kHz;
compliance_code_eu_224670,6A001.a.1.b.2.,product_trade_compliance.regime_eu_dual,Sound pressure level exceeding 224 dB (reference 1 μPa at 1 m) for equipment with an operating frequency in the band from 10 kHz to 24 kHz inclusive;
compliance_code_eu_224671,6A001.a.1.b.3.,product_trade_compliance.regime_eu_dual,Sound pressure level exceeding 235 dB (reference 1 μPa at 1 m) for equipment with an operating frequency in the band between 24 kHz and 30 kHz;
compliance_code_eu_224672,6A001.a.1.b.4.,product_trade_compliance.regime_eu_dual,Forming beams of less than 1o on any axis and having an operating frequency of less than 100 kHz;
compliance_code_eu_224673,6A001.a.1.b.5.,product_trade_compliance.regime_eu_dual,Designed to operate with an unambiguous display range exceeding 5 120 m; or
compliance_code_eu_224674,6A001.a.1.b.6.,product_trade_compliance.regime_eu_dual,Designed to withstand pressure during normal operation at depths exceeding 1 000 m and having transducers with any of the following:
compliance_code_eu_224675,6A001.a.1.b.6.a.,product_trade_compliance.regime_eu_dual,Dynamic compensation for pressure; or
compliance_code_eu_224676,6A001.a.1.b.6.b.,product_trade_compliance.regime_eu_dual,Incorporating other than lead zirconate titanate as the transduction element;
compliance_code_eu_224677,6A001.a.1.c.,product_trade_compliance.regime_eu_dual,"Acoustic projectors (including transducers), incorporating piezoelectric, magnetostrictive, electrostrictive, electrodynamic or hydraulic elements operating individually or in a designed combination and having any of the following:"
compliance_code_eu_224678,6A001.a.1.c.1.,product_trade_compliance.regime_eu_dual,Operating at frequencies below 10 kHz and having any of the following:
compliance_code_eu_224679,6A001.a.1.c.1.a.,product_trade_compliance.regime_eu_dual,"Not designed for continuous operation at 100 % duty cycle and having a radiated ‘free-field Source Level (SLRMS)’ exceeding (10log(f) + 169,77) dB (reference 1 μPa at 1 m) where f is the frequency in Hertz of maximum Transmitting Voltage Response (TVR) below 10kHz; or"
compliance_code_eu_224680,6A001.a.1.c.1.b.,product_trade_compliance.regime_eu_dual,"Designed for continuous operation at 100 % duty cycle and having a continuously radiated ‘free-field Source Level (SLRMS)’ at 100 % duty cycle exceeding (10log(f) + 159,77) dB (reference 1 μPa at 1 m) where f is the frequency in Hertz of maximum Transmitting Voltage Response (TVR) below 10kHz; or"
compliance_code_eu_224681,6A001.a.1.c.2.,product_trade_compliance.regime_eu_dual,Not used;
compliance_code_eu_224682,6A001.a.1.c.3.,product_trade_compliance.regime_eu_dual,Side-lobe suppression exceeding 22 dB;
compliance_code_eu_224683,6A001.a.1.d.,product_trade_compliance.regime_eu_dual,"Acoustic systems and equipment, designed to determine the position of surface vessels or submersible vehicles and having all the following, and specially designed components therefor: 1. Detection range exceeding 1 000 m; and 2. Determined position error of less than 10 m rms (root mean square) when measured at a range of 1 000 m;"
compliance_code_eu_224684,6A001.a.1.e.,product_trade_compliance.regime_eu_dual,"Active individual sonars, specially designed or modified to detect, locate and automatically classify swimmers or divers, having all of the following, and specially designed transmitting and receiving acoustic arrays therefor: 1. Detection range exceeding 530 m; 2. Determined position error of less than 15 m rms (root mean square) when measured at a range of 530 m; and 3. Transmitted pulse signal bandwidth exceeding 3 kHz;"
compliance_code_eu_224685,6A001.a.2.,product_trade_compliance.regime_eu_dual,"Passive systems, equipment and specially designed components therefor, as follows:"
compliance_code_eu_224686,6A001.a.2.a.,product_trade_compliance.regime_eu_dual,Hydrophones having any of the following:
compliance_code_eu_224687,6A001.a.2.a.1.,product_trade_compliance.regime_eu_dual,Incorporating continuous flexible sensing elements;
compliance_code_eu_224688,6A001.a.2.a.2.,product_trade_compliance.regime_eu_dual,Incorporating flexible assemblies of discrete sensing elements with either a diameter or length less than 20 mm and with a separation between elements of less than 20 mm;
compliance_code_eu_224689,6A001.a.2.a.3.,product_trade_compliance.regime_eu_dual,Having any of the following sensing elements:
compliance_code_eu_224690,6A001.a.2.a.3.a.,product_trade_compliance.regime_eu_dual,Optical fibres;
compliance_code_eu_224691,6A001.a.2.a.3.b.,product_trade_compliance.regime_eu_dual,‘Piezoelectric polymer films’ other than polyvinylidene-fluoride (PVDF) and its co-polymers {P(VDF-TrFE) and P(VDF-TFE)};
compliance_code_eu_224692,6A001.a.2.a.3.c.,product_trade_compliance.regime_eu_dual,‘Flexible piezoelectric composites’;
compliance_code_eu_224693,6A001.a.2.a.3.d.,product_trade_compliance.regime_eu_dual,"Lead-magnesium-niobate/lead-titanate (i.e., Pb(Mg1/3Nb2/3)O3-PbTiO3, or PMN-PT) piezoelectric single crystals grown from solid solution; or"
compliance_code_eu_224694,6A001.a.2.a.3.e.,product_trade_compliance.regime_eu_dual,"Lead-indium-niobate/lead-magnesium niobate/lead-titanate (i.e., Pb(In1/2Nb1/2)O3-Pb(Mg1/3Nb2/3)O3-PbTiO3, or PIN-PMN-PT) piezoelectric single crystals grown from solid solution;"
compliance_code_eu_224695,6A001.a.2.a.4.,product_trade_compliance.regime_eu_dual,A ‘hydrophone sensitivity’ greater (better) than -180 dB at any depth with no acceleration compensation;
compliance_code_eu_224696,6A001.a.2.a.5.,product_trade_compliance.regime_eu_dual,Designed to operate at depths exceeding 35 m with acceleration compensation; or
compliance_code_eu_224697,6A001.a.2.a.6.,product_trade_compliance.regime_eu_dual,Designed for operation at depths exceeding 1 000 m and having a ‘hydrophone sensitivity’ greater (better) than – 230 dB below 4 kHz;
compliance_code_eu_224698,6A001.a.2.b.,product_trade_compliance.regime_eu_dual,Towed acoustic hydrophone arrays having any of the following:
compliance_code_eu_224699,6A001.a.2.b.1.,product_trade_compliance.regime_eu_dual,"Hydrophone group spacing of less than 12,5 m or ‘able to be modified’ to have hydrophone group spacing of less than 12,5 m;"
compliance_code_eu_224700,6A001.a.2.b.2.,product_trade_compliance.regime_eu_dual,Designed or ‘able to be modified’ to operate at depths exceeding 35 m;
compliance_code_eu_224701,6A001.a.2.b.3.,product_trade_compliance.regime_eu_dual,Heading sensors specified in 6A001.a.2.d.;
compliance_code_eu_224702,6A001.a.2.b.4.,product_trade_compliance.regime_eu_dual,Longitudinally reinforced array hoses;
compliance_code_eu_224703,6A001.a.2.b.5.,product_trade_compliance.regime_eu_dual,An assembled array of less than 40 mm in diameter;
compliance_code_eu_224704,6A001.a.2.b.6.,product_trade_compliance.regime_eu_dual,Not used;
compliance_code_eu_224705,6A001.a.2.b.7.,product_trade_compliance.regime_eu_dual,Hydrophone characteristics specified in 6A001.a.2.a.; or
compliance_code_eu_224706,6A001.a.2.b.8.,product_trade_compliance.regime_eu_dual,Accelerometer-based hydro-acoustic sensors specified in 6A001.a.2.g.;
compliance_code_eu_224707,6A001.a.2.c.,product_trade_compliance.regime_eu_dual,"Processing equipment, specially designed for towed acoustic hydrophone arrays, having ""user-accessible programmability"" and time or frequency domain processing and correlation, including spectral analysis, digital filtering and beamforming using Fast Fourier or other transforms or processes;"
compliance_code_eu_224708,6A001.a.2.d.,product_trade_compliance.regime_eu_dual,"Heading sensors having all of the following: 1. An ""accuracy"" of less (better) than 0,5o; and 2. Designed to operate at depths exceeding 35 m or having an adjustable or removable depth sensing device in order to operate at depths exceeding 35 m;"
compliance_code_eu_224709,6A001.a.2.e.,product_trade_compliance.regime_eu_dual,"Bottom or bay-cable hydrophone arrays, having any of the following:"
compliance_code_eu_224710,6A001.a.2.e.1.,product_trade_compliance.regime_eu_dual,Incorporating hydrophones specified in 6A001.a.2.a.;
compliance_code_eu_224711,6A001.a.2.e.2.,product_trade_compliance.regime_eu_dual,Incorporating multiplexed hydrophone group signal modules having all of the following characteristics: a. Designed to operate at depths exceeding 35 m or having an adjustable or removable depth sensing device in order to operate at depths exceeding 35 m; and b. Capable of being operationally interchanged with towed acoustic hydrophone array modules; or
compliance_code_eu_224712,6A001.a.2.e.3.,product_trade_compliance.regime_eu_dual,Incorporating accelerometer-based hydro-acoustic sensors specified in 6A001.a.2.g.;
compliance_code_eu_224713,6A001.a.2.f.,product_trade_compliance.regime_eu_dual,"Processing equipment, specially designed for bottom or bay cable systems, having ""user-accessible programmability"" and time or frequency domain processing and correlation, including spectral analysis, digital filtering and beamforming using Fast Fourier or other transforms or processes;"
compliance_code_eu_224714,6A001.a.2.g.,product_trade_compliance.regime_eu_dual,Accelerometer-based hydro-acoustic sensors having all of the following: 1. Composed of three accelerometers arranged along three distinct axes; 2. Having an overall ‘acceleration sensitivity’ greater (better) than 48 dB (reference 1 000 mV rms per 1g); 3. Designed to operate at depths greater than 35 meters; and 4. Operating frequency below 20 kHz.
compliance_code_eu_224715,6A001.b.,product_trade_compliance.regime_eu_dual,"Correlation-velocity and Doppler-velocity sonar log equipment, designed to measure the horizontal speed of the equipment carrier relative to the sea bed, as follows:"
compliance_code_eu_224716,6A001.b.1.,product_trade_compliance.regime_eu_dual,Correlation-velocity sonar log equipment having any of the following characteristics:
compliance_code_eu_224717,6A001.b.1.a.,product_trade_compliance.regime_eu_dual,Designed to operate at distances between the carrier and the sea bed exceeding 500 m; or
compliance_code_eu_224718,6A001.b.1.b.,product_trade_compliance.regime_eu_dual,"Having speed ""accuracy"" less (better) than 1 % of speed;"
compliance_code_eu_224719,6A001.b.2.,product_trade_compliance.regime_eu_dual,"Doppler-velocity sonar log equipment having speed ""accuracy"" less (better) than 1 % of speed."
compliance_code_eu_224720,6A001.c.,product_trade_compliance.regime_eu_dual,Not used.
compliance_code_eu_224721,6A002,product_trade_compliance.regime_eu_dual,"Optical sensors or equipment and components therefor, as follows:"
compliance_code_eu_224722,6A002.a.,product_trade_compliance.regime_eu_dual,Optical detectors as follows:
compliance_code_eu_224723,6A002.a.1.,product_trade_compliance.regime_eu_dual,"""Space-qualified"" solid-state detectors as follows:"
compliance_code_eu_224724,6A002.a.1.a.,product_trade_compliance.regime_eu_dual,"""Space-qualified"" solid-state detectors having all of the following: 1. A peak response in the wavelength range exceeding 10 nm but not exceeding 300 nm; and 2. A response of less than 0,1 % relative to the peak response at a wavelength exceeding 400 nm;"
compliance_code_eu_224725,6A002.a.1.b.,product_trade_compliance.regime_eu_dual,"""Space-qualified"" solid-state detectors having all of the following: 1. A peak response in the wavelength range exceeding 900 nm but not exceeding 1 200 nm; and 2. A response ""time constant"" of 95 ns or less;"
compliance_code_eu_224726,6A002.a.1.c.,product_trade_compliance.regime_eu_dual,"""Space-qualified"" solid-state detectors having a peak response in the wavelength range exceeding 1 200 nm but not exceeding 30 000 nm;"
compliance_code_eu_224727,6A002.a.1.d.,product_trade_compliance.regime_eu_dual,"""Space-qualified""""focal plane arrays"" having more than 2 048 elements per array and having a peak response in the wavelength range exceeding 300 nm but not exceeding 900 nm;"
compliance_code_eu_224728,6A002.a.2.,product_trade_compliance.regime_eu_dual,"Image intensifier tubes and specially designed components therefor, as follows:"
compliance_code_eu_224729,6A002.a.2.a.,product_trade_compliance.regime_eu_dual,"Image intensifier tubes having all of the following: 1. A peak response in the wavelength range exceeding 400 nm but not exceeding 1 050 nm; 2. Electron image amplification using any of the following: a. A microchannel plate with a hole pitch (centre-to-centre spacing) of 12 μm or less; or b. An electron sensing device with a non-binned pixel pitch of 500 µm or less, specially designed or modified to achieve ""charge multiplication"" other than by a microchannel plate; and  3. Any of the following photocathodes: a. Multialkali photocathodes (e.g., S-20 and S-25) having a luminous sensitivity exceeding 350 μA/lm; b. GaAs or GaInAs photocathodes; or c. Other ""III/V compound"" semiconductor photocathodes having a maximum ""radiant sensitivity"" exceeding 10 mA/W;"
compliance_code_eu_224730,6A002.a.2.b.,product_trade_compliance.regime_eu_dual,"Image intensifier tubes having all of the following: 1. A peak response in the wavelength range exceeding 1 050 nm but not exceeding 1 800 nm; 2. Electron image amplification using any of the following: a. A microchannel plate with a hole pitch (centre-to-centre spacing) of 12 μm or less; or b. An electron sensing device with a non-binned pixel pitch of 500 µm or less, specially designed or modified to achieve ""charge multiplication"" other than by a microchannel plate; and 3. ""III/V compound"" semiconductor (e.g., GaAs or GaInAs) photocathodes and transferred electron photocathodes, having a maximum ""radiant sensitivity"" exceeding 15 mA/W;"
compliance_code_eu_224731,6A002.a.2.c.,product_trade_compliance.regime_eu_dual,Specially designed components as follows:
compliance_code_eu_224732,6A002.a.2.c.1.,product_trade_compliance.regime_eu_dual,Microchannel plates having a hole pitch (centre-to-centre spacing) of 12 μm or less;
compliance_code_eu_224733,6A002.a.2.c.2.,product_trade_compliance.regime_eu_dual,"An electron sensing device with a non-binned pixel pitch of 500 μm or less, specially designed or modified to achieve ""charge multiplication"" other than by a microchannel plate;"
compliance_code_eu_224734,6A002.a.2.c.3.,product_trade_compliance.regime_eu_dual,"""III/V compound"" semiconductor (e.g., GaAs or GaInAs) photocathodes and transferred electron photocathodes;"
compliance_code_eu_224735,6A002.a.3.,product_trade_compliance.regime_eu_dual,"Non-""space-qualified"" ""focal plane arrays"" as follows:"
compliance_code_eu_224736,6A002.a.3.a.,product_trade_compliance.regime_eu_dual,"Non-""space-qualified""""focal plane arrays"" having all of the following: 1. Individual elements with a peak response within the wavelength range exceeding 900 nm but not exceeding 1 050 nm; and 2. Any of the following: a. A response ""time constant"" of less than 0,5 ns; or b. Specially designed or modified to achieve ""charge multiplication"" and having a maximum ""radiant sensitivity"" exceeding 10 mA/W;"
compliance_code_eu_224737,6A002.a.3.b.,product_trade_compliance.regime_eu_dual,"Non-""space-qualified""""focal plane arrays"" having all of the following: 1. Individual elements with a peak response in the wavelength range exceeding 1 050 nm but not exceeding 1 200 nm; and 2. Any of the following: a. A response ""time constant"" of 95 ns or less; or b. Specially designed or modified to achieve ""charge multiplication"" and having a maximum ""radiant sensitivity"" exceeding 10 mA/W;"
compliance_code_eu_224738,6A002.a.3.c.,product_trade_compliance.regime_eu_dual,"Non-""space-qualified"" non-linear (2-dimensional) ""focal plane arrays"" having individual elements with a peak response in the wavelength range exceeding 1 200 nm but not exceeding 30 000 nm;"
compliance_code_eu_224739,6A002.a.3.d.,product_trade_compliance.regime_eu_dual,"Non-""space-qualified"" linear (1-dimensional) ""focal plane arrays"" having all of the following: 1. Individual elements with a peak response in the wavelength range exceeding 1 200 nm but not exceeding 3 000 nm; and 2. Any of the following: a. A ratio of ‘scan direction’ dimension of the detector element to the ‘cross-scan direction’ dimension of the detector element of less than 3,8; or b. Signal processing in the detector elements;"
compliance_code_eu_224740,6A002.a.3.e.,product_trade_compliance.regime_eu_dual,"Non-""space-qualified"" linear (1-dimensional) ""focal plane arrays"" having individual elements with a peak response in the wavelength range exceeding 3 000 nm but not exceeding 30 000 nm;"
compliance_code_eu_224741,6A002.a.3.f.,product_trade_compliance.regime_eu_dual,"Non-""space-qualified"" non-linear (2-dimensional) infrared ""focal plane arrays"" based on ‘microbolometer’ material having individual elements with an unfiltered response in the wavelength range equal to or exceeding 8 000 nm but not exceeding 14 000 nm;"
compliance_code_eu_224742,6A002.a.3.g.,product_trade_compliance.regime_eu_dual,"Non-""space-qualified""""focal plane arrays"" having all of the following: 1. Individual detector elements with a peak response in the wavelength range exceeding 400 nm but not exceeding 900 nm; 2. Specially designed or modified to achieve ‘charge multiplication’ and having a maximum ""radiant sensitivity"" exceeding 10 mA/W for wavelengths exceeding 760 nm; and 3. Greater than 32 elements;"
compliance_code_eu_224743,6A002.b.,product_trade_compliance.regime_eu_dual,"""Monospectral imaging sensors"" and ""multispectral imaging sensors"", designed for remote sensing applications and having any of the following:"
compliance_code_eu_224744,6A002.b.1.,product_trade_compliance.regime_eu_dual,An Instantaneous-Field-Of-View (IFOV) of less than 200 μrad (microradians); or
compliance_code_eu_224745,6A002.b.2.,product_trade_compliance.regime_eu_dual,"Specified for operation in the wavelength range exceeding 400 nm but not exceeding 30 000 nm and having all the following; a. Providing output imaging data in digital format; and b. Having any of the following characteristics: 1. ""Space-qualified""; or 2. Designed for airborne operation, using other than silicon detectors, and having an IFOV of less than 2,5 mrad (milliradians);"
compliance_code_eu_224746,6A002.c.,product_trade_compliance.regime_eu_dual,‘Direct view’ imaging equipment incorporating any of the following:
compliance_code_eu_224747,6A002.c.1.,product_trade_compliance.regime_eu_dual,Image intensifier tubes specified in 6A002.a.2.a. or 6A002.a.2.b.;
compliance_code_eu_224748,6A002.c.2.,product_trade_compliance.regime_eu_dual,"""Focal plane arrays"" specified in 6A002.a.3.; or"
compliance_code_eu_224749,6A002.c.3.,product_trade_compliance.regime_eu_dual,Solid state detectors specified in 6A002.a.1.;
compliance_code_eu_224750,6A002.d.,product_trade_compliance.regime_eu_dual,"Special support components for optical sensors, as follows:"
compliance_code_eu_224751,6A002.d.1.,product_trade_compliance.regime_eu_dual,"""Space-qualified"" cryocoolers;"
compliance_code_eu_224752,6A002.d.2.,product_trade_compliance.regime_eu_dual,"Non-""space-qualified"" cryocoolers having a cooling source temperature below 218 K (– 55 °C), as follows:"
compliance_code_eu_224753,6A002.d.2.a.,product_trade_compliance.regime_eu_dual,"Closed cycle type with a specified Mean-Time-To-Failure (MTTF) or Mean-Time-Between-Failures (MTBF), exceeding 2 500 hours;"
compliance_code_eu_224754,6A002.d.2.b.,product_trade_compliance.regime_eu_dual,Joule-Thomson (JT) self-regulating minicoolers having bore (outside) diameters of less than 8 mm;
compliance_code_eu_224755,6A002.d.3.,product_trade_compliance.regime_eu_dual,"Optical sensing fibres specially fabricated either compositionally or structurally, or modified by coating, to be acoustically, thermally, inertially, electromagnetically or nuclear radiation sensitive;"
compliance_code_eu_224756,6A002.e.,product_trade_compliance.regime_eu_dual,Not used.
compliance_code_eu_224757,6A002.f.,product_trade_compliance.regime_eu_dual,"‘Read-out integrated circuits’ (‘ROIC’) specially designed for ""focal plane arrays"" specified in 6A002.a.3."
compliance_code_eu_224758,6A003,product_trade_compliance.regime_eu_dual,"Cameras, systems or equipment, and components therefor, as follows:"
compliance_code_eu_224759,6A003.a.,product_trade_compliance.regime_eu_dual,"Instrumentation cameras and specially designed components therefor, as follows:"
compliance_code_eu_224760,6A003.a.1.,product_trade_compliance.regime_eu_dual,Not used;
compliance_code_eu_224761,6A003.a.2.,product_trade_compliance.regime_eu_dual,Not used;
compliance_code_eu_224762,6A003.a.3,product_trade_compliance.regime_eu_dual,Electronic streak cameras having temporal resolution less (better) than 50 ns;
compliance_code_eu_224763,6A003.a.4.,product_trade_compliance.regime_eu_dual,Electronic framing cameras having a speed exceeding 1 000 000 frames/s;
compliance_code_eu_224764,6A003.a.5.,product_trade_compliance.regime_eu_dual,Electronic cameras having all of the following: a. An electronic shutter speed (gating capability) of less than 1 μs per full frame; and b. A read out time allowing a framing rate of more than 125 full frames per second;
compliance_code_eu_224765,6A003.a.6.,product_trade_compliance.regime_eu_dual,"Plug-ins having all of the following characteristics: a. Specially designed for instrumentation cameras which have modular structures and which are specified in 6A003.a.; and b. Enabling these cameras to meet the characteristics specified in 6A003.a.3., 6A003.a.4., or 6A003.a.5., according to the manufacturer`s specifications;"
compliance_code_eu_224766,6A003.b.,product_trade_compliance.regime_eu_dual,Imaging cameras as follows:
compliance_code_eu_224767,6A003.b.1.,product_trade_compliance.regime_eu_dual,"Video cameras incorporating solid state sensors, having a peak response in the wavelength range exceeding 10 nm, but not exceeding 30 000 nm and having all of the following: a. Having any of the following: 1. More than 4 × 10^6""active pixels"" per solid state array for monochrome (black and white) cameras; 2. More than 4 × 10^6""active pixels"" per solid state array for colour cameras incorporating three solid state arrays; or 3. More than 12 × 10^6""active pixels"" for solid state array colour cameras incorporating one solid state array; and b. Having any of the following: 1. Optical mirrors specified in 6A004.a.; 2. Optical control equipment specified in 6A004.d.; or 3. The capability for annotating internally generated ‘camera tracking data’;"
compliance_code_eu_224768,6A003.b.2.,product_trade_compliance.regime_eu_dual,"Scanning cameras and scanning camera systems, having all of the following: a. A peak response in the wavelength range exceeding 10 nm, but not exceeding 30 000 nm; b. Linear detector arrays with more than 8 192 elements per array; and c. Mechanical scanning in one direction;"
compliance_code_eu_224769,6A003.b.3.,product_trade_compliance.regime_eu_dual,Imaging cameras incorporating image intensifier tubes specified in 6A002.a.2.a. or 6A002.a.2.b.;
compliance_code_eu_224770,6A003.b.4.,product_trade_compliance.regime_eu_dual,"Imaging cameras incorporating ""focal plane arrays"" having any of the following:"
compliance_code_eu_224771,6A003.b.4.a.,product_trade_compliance.regime_eu_dual,"Incorporating ""focal plane arrays"" specified in 6A002.a.3.a. to 6A002.a.3.e.;"
compliance_code_eu_224772,6A003.b.4.b.,product_trade_compliance.regime_eu_dual,"Incorporating ""focal plane arrays"" specified in 6A002.a.3.f.; or"
compliance_code_eu_224773,6A003.b.4.c.,product_trade_compliance.regime_eu_dual,"Incorporating ""focal plane arrays"" specified in 6A002.a.3.g.;"
compliance_code_eu_224774,6A003.b.5.,product_trade_compliance.regime_eu_dual,Imaging cameras incorporating solid-state detectors specified in 6A002.a.1.
compliance_code_eu_224775,6A004,product_trade_compliance.regime_eu_dual,"Optical equipment and components, as follows:"
compliance_code_eu_224776,6A004.a.,product_trade_compliance.regime_eu_dual,Optical mirrors (reflectors) as follows:
compliance_code_eu_224777,6A004.a.1.,product_trade_compliance.regime_eu_dual,"‘Deformable mirrors’ having an active optical aperture greater than 10 mm and having any of the following, and specially designed components therefor,"
compliance_code_eu_224778,6A004.a.1.a.,product_trade_compliance.regime_eu_dual,Having all the following: 1. A mechanical resonant frequency of 750 Hz or more; and 2. More than 200 actuators; or
compliance_code_eu_224779,6A004.a.1.b.,product_trade_compliance.regime_eu_dual,A Laser Induced Damage Threshold (LIDT) being any of the following:
compliance_code_eu_224780,6A004.a.1.b.1.,product_trade_compliance.regime_eu_dual,"Greater than 1 kW/ cm^2 using a ""CW laser""; or"
compliance_code_eu_224781,6A004.a.1.b.2.,product_trade_compliance.regime_eu_dual,"Greater than 2 J/ cm^2 using 20 ns ""laser"" pulses at 20 Hz repetition rate;"
compliance_code_eu_224782,6A004.a.2.,product_trade_compliance.regime_eu_dual,"Lightweight monolithic mirrors having an average ""equivalent density"" of less than 30 kg/m^2 and a total mass exceeding 10 kg;"
compliance_code_eu_224783,6A004.a.3.,product_trade_compliance.regime_eu_dual,"Lightweight ""composite"" or foam mirror structures having an average ""equivalent density"" of less than 30 kg/m^2 and a total mass exceeding 2 kg;"
compliance_code_eu_224784,6A004.a.4.,product_trade_compliance.regime_eu_dual,Mirrors specially designed for beam steering mirror stages specified in 6A004.d.2.a. with a flatness of λ/10 or better (λ is equal to 633 nm)and having any of the following:
compliance_code_eu_224785,6A004.a.4.a.,product_trade_compliance.regime_eu_dual,Diameter or major axis length greater than or equal to 100 mm; or
compliance_code_eu_224786,6A004.a.4.b.,product_trade_compliance.regime_eu_dual,"Having all of the following: 1. Diameter or major axis length greater than 50 mm but less than 100 mm; and 2. A Laser Induced Damage Threshold (LIDT) being any of the following: a. Greater than 10 kW/cm^2 using a ""CW laser""; or b. Greater than 20 J/cm^2 using 20 ns ""laser"" pulses at 20 Hz repetition rate;"
compliance_code_eu_224787,6A004.b.,product_trade_compliance.regime_eu_dual,Optical components made from zinc selenide (ZnSe) or zinc sulphide (ZnS) with transmission in the wavelength range exceeding 3 000 nm but not exceeding 25 000 nm and having any of the following:
compliance_code_eu_224788,6A004.b.1.,product_trade_compliance.regime_eu_dual,Exceeding 100 cm^3 in volume; or
compliance_code_eu_224789,6A004.b.2.,product_trade_compliance.regime_eu_dual,Exceeding 80 mm in diameter or length of major axis and 20 mm in thickness (depth);
compliance_code_eu_224790,6A004.c.,product_trade_compliance.regime_eu_dual,"""Space-qualified"" components for optical systems, as follows:"
compliance_code_eu_224791,6A004.c.1.,product_trade_compliance.regime_eu_dual,"Components lightweighted to less than 20 % ""equivalent density"" compared with a solid blank of the same aperture and thickness;"
compliance_code_eu_224792,6A004.c.2.,product_trade_compliance.regime_eu_dual,"Raw substrates, processed substrates having surface coatings (single-layer or multi-layer, metallic or dielectric, conducting, semiconducting or insulating) or having protective films;"
compliance_code_eu_224793,6A004.c.3.,product_trade_compliance.regime_eu_dual,Segments or assemblies of mirrors designed to be assembled in space into an optical system with a collecting aperture equivalent to or larger than a single optic 1 m in diameter;
compliance_code_eu_224794,6A004.c.4.,product_trade_compliance.regime_eu_dual,"Components manufactured from ""composite"" materials having a coefficient of linear thermal expansion, in any coordinate direction, equal to or less than 5 × 10^–6/K;"
compliance_code_eu_224795,6A004.d.,product_trade_compliance.regime_eu_dual,Optical control equipment as follows:
compliance_code_eu_224796,6A004.d.1.,product_trade_compliance.regime_eu_dual,"Equipment specially designed to maintain the surface figure or orientation of the ""space-qualified"" components specified in 6A004.c.1. or 6A004.c.3.;"
compliance_code_eu_224797,6A004.d.2.,product_trade_compliance.regime_eu_dual,"Steering, tracking, stabilisation and resonator alignment equipment as follows:"
compliance_code_eu_224798,6A004.d.2.a.,product_trade_compliance.regime_eu_dual,"Beam steering mirror stages designed to carry mirrors having diameter or major axis length greater than 50 mm and having all of the following, and specially designed electronic control equipment therefor:"
compliance_code_eu_224799,6A004.d.2.a.1.,product_trade_compliance.regime_eu_dual,A maximum angular travel of ± 26 mrad or more;
compliance_code_eu_224800,6A004.d.2.a.2.,product_trade_compliance.regime_eu_dual,A mechanical resonant frequency of 500 Hz or more; and
compliance_code_eu_224801,6A004.d.2.a.3.,product_trade_compliance.regime_eu_dual,"An angular ""accuracy"" of 10 μrad (microradians) or less (better);"
compliance_code_eu_224802,6A004.d.2.b.,product_trade_compliance.regime_eu_dual,"Resonator alignment equipment having bandwidths equal to or more than 100 Hz and an ""accuracy"" of 10 μrad or less (better);"
compliance_code_eu_224803,6A004.d.3.,product_trade_compliance.regime_eu_dual,"Gimbals having all of the following: a. A maximum slew exceeding 5o; b. A bandwidth of 100 Hz or more; c. Angular pointing errors of 200 μrad (microradians) or less; and d. Having any of the following: 1. Exceeding 0,15 m but not exceeding 1 m in diameter or major axis length and capable of angular accelerations exceeding 2 rad (radians)/s2; or 2. Exceeding 1 m in diameter or major axis length and capable of angular accelerations exceeding 0,5 rad (radians)/s^2;"
compliance_code_eu_224804,6A004.d.4.,product_trade_compliance.regime_eu_dual,Not used
compliance_code_eu_224805,6A004.e.,product_trade_compliance.regime_eu_dual,‘Aspheric optical elements’ having all of the following: 1. Largest dimension of the optical-aperture greater than 400 mm; 2. Surface roughness less than 1 nm (rms) for sampling lengths equal to or greater than 1 mm; and 3. Coefficient of linear thermal expansion`s absolute magnitude less than 3 × 10^–6/K at 25 °C.
compliance_code_eu_224806,6A004.f.,product_trade_compliance.regime_eu_dual,Dynamic wavefront measuring equipment having all of the following: 1. ‘Frame rates’ equal to or more than 1 kHz; and 2. A wavefront accuracy equal to or less (better) than λ/20 at the designed wavelength.
compliance_code_eu_224807,6A005,product_trade_compliance.regime_eu_dual,"""Lasers"", other than those specified in 0B001.g.5. or 0B001.h.6., components and optical equipment, as follows:"
compliance_code_eu_224808,6A005.a.,product_trade_compliance.regime_eu_dual,"Non-""tunable"" continuous wave ""(CW) lasers"" having any of the following:"
compliance_code_eu_224809,6A005.a.1.,product_trade_compliance.regime_eu_dual,Output wavelength less than 150 nm and output power exceeding 1 W;
compliance_code_eu_224810,6A005.a.2.,product_trade_compliance.regime_eu_dual,Output wavelength of 150 nm or more but not exceeding 510 nm and output power exceeding 30 W;
compliance_code_eu_224811,6A005.a.3.,product_trade_compliance.regime_eu_dual,Output wavelength exceeding 510 nm but not exceeding 540 nm and any of the following:
compliance_code_eu_224812,6A005.a.3.a.,product_trade_compliance.regime_eu_dual,‘Single transverse mode’ output and output power exceeding 50 W; or
compliance_code_eu_224813,6A005.a.3.b.,product_trade_compliance.regime_eu_dual,‘Multiple transverse mode’ output and output power exceeding 150 W;
compliance_code_eu_224814,6A005.a.4.,product_trade_compliance.regime_eu_dual,Output wavelength exceeding 540 nm but not exceeding 800 nm and output power exceeding 30 W;
compliance_code_eu_224815,6A005.a.5.,product_trade_compliance.regime_eu_dual,Output wavelength exceeding 800 nm but not exceeding 975 nm and any of the following:
compliance_code_eu_224816,6A005.a.5.a.,product_trade_compliance.regime_eu_dual,‘Single transverse mode’ output and output power exceeding 50 W; or
compliance_code_eu_224817,6A005.a.5.b.,product_trade_compliance.regime_eu_dual,‘Multiple transverse mode’ output and output power exceeding 80 W;
compliance_code_eu_224818,6A005.a.6.,product_trade_compliance.regime_eu_dual,Output wavelength exceeding 975 nm but not exceeding 1 150 nm and any of the following:
compliance_code_eu_224819,6A005.a.6.a.,product_trade_compliance.regime_eu_dual,‘Single transverse mode’ output and any of the following:
compliance_code_eu_224820,6A005.a.6.a.1.,product_trade_compliance.regime_eu_dual,Output power exceeding 1 000 W; or
compliance_code_eu_224821,6A005.a.6.a.2.,product_trade_compliance.regime_eu_dual,Having all of the following: a. Output power exceeding 500 W; and b. Spectral bandwidth less than 40 GHz; or
compliance_code_eu_224822,6A005.a.6.b.,product_trade_compliance.regime_eu_dual,‘Multiple transverse mode’ output and any of the following:
compliance_code_eu_224823,6A005.a.6.b.1.,product_trade_compliance.regime_eu_dual,‘Wall-plug efficiency’ exceeding 18 % and output power exceeding 1 000 W; or
compliance_code_eu_224824,6A005.a.6.b.2.,product_trade_compliance.regime_eu_dual,Output power exceeding 2 kW;
compliance_code_eu_224825,6A005.a.7.,product_trade_compliance.regime_eu_dual,Output wavelength exceeding 1 150 nm but not exceeding 1 555 nm and any of the following:
compliance_code_eu_224826,6A005.a.7.a.,product_trade_compliance.regime_eu_dual,‘Single transverse mode’ and output power exceeding 50 W; or
compliance_code_eu_224827,6A005.a.7.b.,product_trade_compliance.regime_eu_dual,‘Multiple transverse mode’ and output power exceeding 80 W;
compliance_code_eu_224828,6A005.a.8.,product_trade_compliance.regime_eu_dual,Output wavelength exceeding 1 555 nm but not exceeding 1 850 nm and output power exceeding 1 W;
compliance_code_eu_224829,6A005.a.9.,product_trade_compliance.regime_eu_dual,"Output wavelength exceeding 1 850 nm but not exceeding 2 100 nm, and any of the following:"
compliance_code_eu_224830,6A005.a.9.a.,product_trade_compliance.regime_eu_dual,‘Single transverse mode’ and output power exceeding 1 W; or
compliance_code_eu_224831,6A005.a.9.b.,product_trade_compliance.regime_eu_dual,‘Multiple transverse mode’ output and output power exceeding 120 W; or
compliance_code_eu_224832,6A005.a.10.,product_trade_compliance.regime_eu_dual,Output wavelength exceeding 2 100 nm and output power exceeding 1 W;
compliance_code_eu_224833,6A005.b.,product_trade_compliance.regime_eu_dual,"Non-""tunable""""pulsed lasers"" having any of the following:"
compliance_code_eu_224834,6A005.b.1.,product_trade_compliance.regime_eu_dual,Output wavelength less than 150 nm and any of the following:
compliance_code_eu_224835,6A005.b.1.a.,product_trade_compliance.regime_eu_dual,"Output energy exceeding 50 mJ per pulse and ""peak power"" exceeding 1 W; or"
compliance_code_eu_224836,6A005.b.1.b.,product_trade_compliance.regime_eu_dual,"""Average output power"" exceeding 1 W;"
compliance_code_eu_224837,6A005.b.2.,product_trade_compliance.regime_eu_dual,Output wavelength of 150 nm or more but not exceeding 510 nm and any of the following:
compliance_code_eu_224838,6A005.b.2.a.,product_trade_compliance.regime_eu_dual,"Output energy exceeding 1,5 J per pulse and ""peak power"" exceeding 30 W; or"
compliance_code_eu_224839,6A005.b.2.b.,product_trade_compliance.regime_eu_dual,"""Average output power"" exceeding 30 W;"
compliance_code_eu_224840,6A005.b.3.,product_trade_compliance.regime_eu_dual,Output wavelength exceeding 510 nm but not exceeding 540 nm and any of the following:
compliance_code_eu_224841,6A005.b.3.a.,product_trade_compliance.regime_eu_dual,‘Single transverse mode’ output and any of the following:
compliance_code_eu_224842,6A005.b.3.a.1.,product_trade_compliance.regime_eu_dual,"Output energy exceeding 1,5 J per pulse and ""peak power"" exceeding 50 W; or"
compliance_code_eu_224843,6A005.b.3.a.2.,product_trade_compliance.regime_eu_dual,"""Average output power"" exceeding 80 W; or"
compliance_code_eu_224844,6A005.b.3.b.,product_trade_compliance.regime_eu_dual,‘Multiple transverse mode’ output and any of the following:
compliance_code_eu_224845,6A005.b.3.b.1.,product_trade_compliance.regime_eu_dual,"Output energy exceeding 1,5 J per pulse and ""peak power"" exceeding 150 W; or"
compliance_code_eu_224846,6A005.b.3.b.2.,product_trade_compliance.regime_eu_dual,"""Average output power"" exceeding 150 W;"
compliance_code_eu_224847,6A005.b.4.,product_trade_compliance.regime_eu_dual,Output wavelength exceeding 540 nm but not exceeding 800 nm and any of the following:
compliance_code_eu_224848,6A005.b.4.a.,product_trade_compliance.regime_eu_dual,"""Pulse duration"" less than 1 ps and any of the following:"
compliance_code_eu_224849,6A005.b.4.a.1.,product_trade_compliance.regime_eu_dual,"Output energy exceeding 0,005 J per pulse and ""peak power"" exceeding 5 GW; or"
compliance_code_eu_224850,6A005.b.4.a.2.,product_trade_compliance.regime_eu_dual,"""Average output power"" exceeding 20 W; or"
compliance_code_eu_224851,6A005.b.4.b.,product_trade_compliance.regime_eu_dual,"""Pulse duration"" equal to or exceeding 1 ps and any of the following:"
compliance_code_eu_224852,6A005.b.4.b.1.,product_trade_compliance.regime_eu_dual,"Output energy exceeding 1,5 J per pulse and ""peak power"" exceeding 30 W; or"
compliance_code_eu_224853,6A005.b.4.b.2.,product_trade_compliance.regime_eu_dual,"""Average output power"" exceeding 30 W;"
compliance_code_eu_224854,6A005.b.5.,product_trade_compliance.regime_eu_dual,Output wavelength exceeding 800 nm but not exceeding 975 nm and any of the following:
compliance_code_eu_224855,6A005.b.5.a.,product_trade_compliance.regime_eu_dual,"""Pulse duration"" less than 1 ps and any of the following:"
compliance_code_eu_224856,6A005.b.5.a.1.,product_trade_compliance.regime_eu_dual,"Output energy exceeding 0,005 J per pulse and ""peak power"" exceeding 5 GW; or"
compliance_code_eu_224857,6A005.b.5.a.2.,product_trade_compliance.regime_eu_dual,"‘Single transverse mode’ output and ""average output power"" exceeding 20 W;"
compliance_code_eu_224858,6A005.b.5.b.,product_trade_compliance.regime_eu_dual,"""Pulse duration"" equal to or exceeding 1 ps and not exceeding 1 μs and any of the following:"
compliance_code_eu_224859,6A005.b.5.b.1.,product_trade_compliance.regime_eu_dual,"Output energy exceeding 0,5 J per pulse and ""peak power"" exceeding 50 W;"
compliance_code_eu_224860,6A005.b.5.b.2.,product_trade_compliance.regime_eu_dual,"‘Single transverse mode’ output and ""average output power"" exceeding 20 W; or"
compliance_code_eu_224861,6A005.b.5.b.3.,product_trade_compliance.regime_eu_dual,"‘Multiple transverse mode’ output and ""average output power"" exceeding 50 W; or"
compliance_code_eu_224862,6A005.b.5.c.,product_trade_compliance.regime_eu_dual,"""Pulse duration"" exceeding 1 μs and any of the following:"
compliance_code_eu_224863,6A005.b.5.c.1.,product_trade_compliance.regime_eu_dual,"Output energy exceeding 2 J per pulse and ""peak power"" exceeding 50 W;"
compliance_code_eu_224864,6A005.b.5.c.2.,product_trade_compliance.regime_eu_dual,"‘Single transverse mode’ output and ""average output power"" exceeding 50 W; or"
compliance_code_eu_224865,6A005.b.5.c.3.,product_trade_compliance.regime_eu_dual,"‘Multiple transverse mode’ output and ""average output power"" exceeding 80 W;"
compliance_code_eu_224866,6A005.b.6.,product_trade_compliance.regime_eu_dual,Output wavelength exceeding 975 nm but not exceeding 1 150 nm and any of the following:
compliance_code_eu_224867,6A005.b.6.a.,product_trade_compliance.regime_eu_dual,"""Pulse duration"" of less than 1 ps, and any of the following:"
compliance_code_eu_224868,6A005.b.6.a.1.,product_trade_compliance.regime_eu_dual,"Output ""peak power"" exceeding 2 GW per pulse;"
compliance_code_eu_224869,6A005.b.6.a.2.,product_trade_compliance.regime_eu_dual,"""Average output power"" exceeding 30 W; or"
compliance_code_eu_224870,6A005.b.6.a.3.,product_trade_compliance.regime_eu_dual,"Output energy exceeding 0,002 J per pulse;"
compliance_code_eu_224871,6A005.b.6.b.,product_trade_compliance.regime_eu_dual,"""Pulse duration"" equal to or exceeding 1 ps and less than 1 ns and any of the following:"
compliance_code_eu_224872,6A005.b.6.b.1.,product_trade_compliance.regime_eu_dual,"Output ""peak power"" exceeding 5 GW per pulse;"
compliance_code_eu_224873,6A005.b.6.b.2.,product_trade_compliance.regime_eu_dual,"""Average output power"" exceeding 50 W; or"
compliance_code_eu_224874,6A005.b.6.b.3.,product_trade_compliance.regime_eu_dual,"Output energy exceeding 0,1 J per pulse;"
compliance_code_eu_224875,6A005.b.6.c.,product_trade_compliance.regime_eu_dual,"""Pulse duration"" equal to or exceeding 1 ns but not exceeding 1 μs, and any of the following:"
compliance_code_eu_224876,6A005.b.6.c.1.,product_trade_compliance.regime_eu_dual,‘Single transverse mode’ output and any of the following:
compliance_code_eu_224877,6A005.b.6.c.1.a.,product_trade_compliance.regime_eu_dual,"""Peak power"" exceeding 100 MW;"
compliance_code_eu_224878,6A005.b.6.c.1.b.,product_trade_compliance.regime_eu_dual,"""Average output power"" exceeding 20 W limited by design to a maximum pulse repetition frequency less than or equal to 1 kHz;"
compliance_code_eu_224879,6A005.b.6.c.1.c.,product_trade_compliance.regime_eu_dual,"‘Wall-plug efficiency’ exceeding 12 %, ""average output power"" exceeding 100 W and capable of operating at a pulse repetition frequency greater than 1 kHz;"
compliance_code_eu_224880,6A005.b.6.c.1.d.,product_trade_compliance.regime_eu_dual,"""Average output power"" exceeding 150 W and capable of operating at a pulse repetition frequency greater than 1 kHz; or"
compliance_code_eu_224881,6A005.b.6.c.1.e.,product_trade_compliance.regime_eu_dual,Output energy exceeding 2 J per pulse; or
compliance_code_eu_224882,6A005.b.6.c.2.,product_trade_compliance.regime_eu_dual,‘Multiple transverse mode’ output and any of the following:
compliance_code_eu_224883,6A005.b.6.c.2.a.,product_trade_compliance.regime_eu_dual,"""Peak power"" exceeding 400 MW;"
compliance_code_eu_224884,6A005.b.6.c.2.b.,product_trade_compliance.regime_eu_dual,"‘Wall-plug efficiency’ exceeding 18 % and ""average output power"" exceeding 500 W;"
compliance_code_eu_224885,6A005.b.6.c.2.c.,product_trade_compliance.regime_eu_dual,"""Average output power"" exceeding 2 kW; or"
compliance_code_eu_224886,6A005.b.6.c.2.d.,product_trade_compliance.regime_eu_dual,Output energy exceeding 4 J per pulse; or
compliance_code_eu_224887,6A005.b.6.d.,product_trade_compliance.regime_eu_dual,"""Pulse duration"" exceeding 1 μs and any of the following:"
compliance_code_eu_224888,6A005.b.6.d.1.,product_trade_compliance.regime_eu_dual,‘Single transverse mode’ output and any of the following:
compliance_code_eu_224889,6A005.b.6.d.1.a.,product_trade_compliance.regime_eu_dual,"""Peak power"" exceeding 500 kW;"
compliance_code_eu_224890,6A005.b.6.d.1.b.,product_trade_compliance.regime_eu_dual,"‘Wall-plug efficiency’ exceeding 12 % and ""average output power"" exceeding 100 W; or"
compliance_code_eu_224891,6A005.b.6.d.1.c.,product_trade_compliance.regime_eu_dual,"""Average output power"" exceeding 150 W; or"
compliance_code_eu_224892,6A005.b.6.d.2.,product_trade_compliance.regime_eu_dual,‘Multiple transverse mode’ output and any of the following:
compliance_code_eu_224893,6A005.b.6.d.2.a.,product_trade_compliance.regime_eu_dual,"""Peak power"" exceeding 1 MW;"
compliance_code_eu_224894,6A005.b.6.d.2.b.,product_trade_compliance.regime_eu_dual,"‘Wall-plug efficiency’ exceeding 18 % and ""average output power"" exceeding 500 W; or"
compliance_code_eu_224895,6A005.b.6.d.2.c.,product_trade_compliance.regime_eu_dual,"""Average output power"" exceeding 2 kW;"
compliance_code_eu_224896,6A005.b.7.,product_trade_compliance.regime_eu_dual,"Output wavelength exceeding 1 150 nm but not exceeding 1 555 nm, and any of the following:"
compliance_code_eu_224897,6A005.b.7.a.,product_trade_compliance.regime_eu_dual,"""Pulse duration"" not exceeding 1 μs and any of the following:"
compliance_code_eu_224898,6A005.b.7.a.1.,product_trade_compliance.regime_eu_dual,"Output energy exceeding 0,5 J per pulse and ""peak power"" exceeding 50 W;"
compliance_code_eu_224899,6A005.b.7.a.2.,product_trade_compliance.regime_eu_dual,"‘Single transverse mode’ output and ""average output power"" exceeding 20 W; or"
compliance_code_eu_224900,6A005.b.7.a.3.,product_trade_compliance.regime_eu_dual,"‘Multiple transverse mode’ output and ""average output power"" exceeding 50 W; or"
compliance_code_eu_224901,6A005.b.7.b.,product_trade_compliance.regime_eu_dual,"""Pulse duration"" exceeding 1 μs and any of the following:"
compliance_code_eu_224902,6A005.b.7.b.1.,product_trade_compliance.regime_eu_dual,"Output energy exceeding 2 J per pulse and ""peak power"" exceeding 50 W;"
compliance_code_eu_224903,6A005.b.7.b.2.,product_trade_compliance.regime_eu_dual,"‘Single transverse mode’ output and ""average output power"" exceeding 50 W; or"
compliance_code_eu_224904,6A005.b.7.b.3.,product_trade_compliance.regime_eu_dual,"‘Multiple transverse mode’ output and ""average output power"" exceeding 80 W;"
compliance_code_eu_224905,6A005.b.8.,product_trade_compliance.regime_eu_dual,"Output wavelength exceeding 1 555 nm but not exceeding 1 850 nm, and any of the following:"
compliance_code_eu_224906,6A005.b.8.a.,product_trade_compliance.regime_eu_dual,"Output energy exceeding 100 mJ per pulse and ""peak power"" exceeding 1 W; or"
compliance_code_eu_224907,6A005.b.8.b.,product_trade_compliance.regime_eu_dual,"""Average output power"" exceeding 1 W;"
compliance_code_eu_224908,6A005.b.9.,product_trade_compliance.regime_eu_dual,"Output wavelength exceeding 1 850 nm but not exceeding 2 100 nm, and any of the following"
compliance_code_eu_224909,6A005.b.9.a.,product_trade_compliance.regime_eu_dual,‘Single transverse mode’ and any of the following:
compliance_code_eu_224910,6A005.b.9.a.1.,product_trade_compliance.regime_eu_dual,"Output energy exceeding 100 mJ per pulse and ""peak power"" exceeding 1 W; or"
compliance_code_eu_224911,6A005.b.9.a.2.,product_trade_compliance.regime_eu_dual,"""Average output power"" exceeding 1 W; or"
compliance_code_eu_224912,6A005.b.9.b.,product_trade_compliance.regime_eu_dual,‘Multiple transverse mode’ and any of the following:
compliance_code_eu_224913,6A005.b.9.b.1.,product_trade_compliance.regime_eu_dual,"Output energy exceeding 100 mJ per pulse and ""peak power"" exceeding 10 kW; or"
compliance_code_eu_224914,6A005.b.9.b.2.,product_trade_compliance.regime_eu_dual,"""Average output power"" exceeding 120 W; or"
compliance_code_eu_224915,6A005.b.10.,product_trade_compliance.regime_eu_dual,Output wavelength exceeding 2 100 nm and any of the following:
compliance_code_eu_224916,6A005.b.10.a.,product_trade_compliance.regime_eu_dual,"Output energy exceeding 100 mJ per pulse and ""peak power"" exceeding 1 W; or"
compliance_code_eu_224917,6A005.b.10.b.,product_trade_compliance.regime_eu_dual,"""Average output power"" exceeding 1 W;"
compliance_code_eu_224918,6A005.c.,product_trade_compliance.regime_eu_dual,"""Tunable""""lasers"" having any of the following:"
compliance_code_eu_224919,6A005.c.1.,product_trade_compliance.regime_eu_dual,Output wavelength less than 600 nm and any of the following:
compliance_code_eu_224920,6A005.c.1.a.,product_trade_compliance.regime_eu_dual,"Output energy exceeding 50 mJ per pulse and ""peak power"" exceeding 1 W; or"
compliance_code_eu_224921,6A005.c.1.b.,product_trade_compliance.regime_eu_dual,Average or CW output power exceeding 1 W;
compliance_code_eu_224922,6A005.c.2.,product_trade_compliance.regime_eu_dual,"Output wavelength of 600 nm or more but not exceeding 1 400 nm, and any of the following:"
compliance_code_eu_224923,6A005.c.2.a.,product_trade_compliance.regime_eu_dual,"Output energy exceeding 1 J per pulse and ""peak power"" exceeding 20 W; or"
compliance_code_eu_224924,6A005.c.2.b.,product_trade_compliance.regime_eu_dual,Average or CW output power exceeding 20 W; or
compliance_code_eu_224925,6A005.c.3.,product_trade_compliance.regime_eu_dual,Output wavelength exceeding 1 400 nm and any of the following:
compliance_code_eu_224926,6A005.c.3.a.,product_trade_compliance.regime_eu_dual,"Output energy exceeding 50 mJ per pulse and ""peak power"" exceeding 1 W; or"
compliance_code_eu_224927,6A005.c.3.b.,product_trade_compliance.regime_eu_dual,Average or CW output power exceeding 1 W;
compliance_code_eu_224928,6A005.d.,product_trade_compliance.regime_eu_dual,"Other ""lasers"", not specified in 6A005.a., 6A005.b. or 6A005.c. as follows:"
compliance_code_eu_224929,6A005.d.1.,product_trade_compliance.regime_eu_dual,"Semiconductor ""lasers"" as follows:"
compliance_code_eu_224930,6A005.d.1.a.,product_trade_compliance.regime_eu_dual,"Individual single-transverse mode semiconductor ""lasers"" having any of the following:"
compliance_code_eu_224931,6A005.d.1.a.1.,product_trade_compliance.regime_eu_dual,"Wavelength equal to or less than 1 570 nm and average or CW output power, exceeding 2,0 W; or"
compliance_code_eu_224932,6A005.d.1.a.2.,product_trade_compliance.regime_eu_dual,"Wavelength greater than 1 570 nm and average or CW output power, exceeding 500 mW;"
compliance_code_eu_224933,6A005.d.1.b.,product_trade_compliance.regime_eu_dual,"Individual multiple-transverse mode semiconductor ""lasers"" having any of the following:"
compliance_code_eu_224934,6A005.d.1.b.1.,product_trade_compliance.regime_eu_dual,"Wavelength of less than 1 400 nm and average or CW output power, exceeding 25 W;"
compliance_code_eu_224935,6A005.d.1.b.2.,product_trade_compliance.regime_eu_dual,"Wavelength equal to or greater than 1 400 nm and less than 1 900 nm and average or CW output power, exceeding 2,5 W; or"
compliance_code_eu_224936,6A005.d.1.b.3.,product_trade_compliance.regime_eu_dual,"Wavelength equal to or greater than 1 900 nm and average or CW output power, exceeding 1 W;"
compliance_code_eu_224937,6A005.d.1.c.,product_trade_compliance.regime_eu_dual,"Individual semiconductor ""laser""‘bars’, having any of the following:"
compliance_code_eu_224938,6A005.d.1.c.1.,product_trade_compliance.regime_eu_dual,"Wavelength of less than 1 400 nm and average or CW output power, exceeding 100 W;"
compliance_code_eu_224939,6A005.d.1.c.2.,product_trade_compliance.regime_eu_dual,"Wavelength equal to or greater than 1 400 nm and less than 1 900 nm and average or CW output power, exceeding 25 W; or"
compliance_code_eu_224940,6A005.d.1.c.3.,product_trade_compliance.regime_eu_dual,"Wavelength equal to or greater than 1 900 nm and average or CW output power, exceeding 10 W;"
compliance_code_eu_224941,6A005.d.1.d.,product_trade_compliance.regime_eu_dual,"Semiconductor ""laser""‘stacked arrays’ (two-dimensional arrays) having any of the following:"
compliance_code_eu_224942,6A005.d.1.d.1.,product_trade_compliance.regime_eu_dual,Wavelength less than 1 400 nm and having any of the following:
compliance_code_eu_224943,6A005.d.1.d.1.a.,product_trade_compliance.regime_eu_dual,Average or CW total output power less than 3 kW and having average or CW output ‘power density’ greater than 500 W/cm^2;
compliance_code_eu_224944,6A005.d.1.d.1.b.,product_trade_compliance.regime_eu_dual,"Average or CW total output power equal to or exceeding 3 kW but less than or equal to 5 kW, and having average or CW output ‘power density’ greater than 350 W/cm^2;"
compliance_code_eu_224945,6A005.d.1.d.1.c.,product_trade_compliance.regime_eu_dual,Average or CW total output power exceeding 5 kW;
compliance_code_eu_224946,6A005.d.1.d.1.d.,product_trade_compliance.regime_eu_dual,Peak pulsed ‘power density’ exceeding 2 500 W/cm^2; or
compliance_code_eu_224947,6A005.d.1.d.1.e.,product_trade_compliance.regime_eu_dual,"Spatially coherent average or CW total output power, greater than 150 W;"
compliance_code_eu_224948,6A005.d.1.d.2.,product_trade_compliance.regime_eu_dual,"Wavelength greater than or equal to 1 400 nm but less than 1 900 nm, and having any of the following:"
compliance_code_eu_224949,6A005.d.1.d.2.a.,product_trade_compliance.regime_eu_dual,Average or CW total output power less than 250 W and average or CW output ‘power density’ greater than 150 W/cm^2;
compliance_code_eu_224950,6A005.d.1.d.2.b.,product_trade_compliance.regime_eu_dual,"Average or CW total output power equal to or exceeding 250 W but less than or equal to 500 W, and having average or CW output ‘power density’ greater than 50 W/cm^2;"
compliance_code_eu_224951,6A005.d.1.d.2.c.,product_trade_compliance.regime_eu_dual,Average or CW total output power exceeding 500 W;
compliance_code_eu_224952,6A005.d.1.d.2.d.,product_trade_compliance.regime_eu_dual,Peak pulsed ‘power density’ exceeding 500 W/cm^2; or
compliance_code_eu_224953,6A005.d.1.d.2.e.,product_trade_compliance.regime_eu_dual,"Spatially coherent average or CW total output power, exceeding 15 W;"
compliance_code_eu_224954,6A005.d.1.d.3.,product_trade_compliance.regime_eu_dual,Wavelength greater than or equal to 1 900 nm and having any of the following:
compliance_code_eu_224955,6A005.d.1.d.3.a.,product_trade_compliance.regime_eu_dual,Average or CW output ‘power density’ greater than 50 W/cm^2;
compliance_code_eu_224956,6A005.d.1.d.3.b.,product_trade_compliance.regime_eu_dual,Average or CW output power greater than 10 W; or
compliance_code_eu_224957,6A005.d.1.d.3.c.,product_trade_compliance.regime_eu_dual,"Spatially coherent average or CW total output power, exceeding 1,5 W; or"
compliance_code_eu_224958,6A005.d.1.d.4.,product_trade_compliance.regime_eu_dual,"At least one ""laser""‘bar’ specified in 6A005.d.1.c.;"
compliance_code_eu_224959,6A005.d.1.e.,product_trade_compliance.regime_eu_dual,"Semiconductor ""laser""‘stacked arrays’, other than those specified in 6A005.d.1.d., having all of the following: 1. Specially designed or modified to be combined with other ‘stacked arrays’ to form a larger ‘stacked array’; and 2. Integrated connections, common for both electronics and cooling;"
compliance_code_eu_224960,6A005.d.2.,product_trade_compliance.regime_eu_dual,"Carbon monoxide (CO) ""lasers"" having any of the following:"
compliance_code_eu_224961,6A005.d.2.a.,product_trade_compliance.regime_eu_dual,"Output energy exceeding 2 J per pulse and ""peak power"" exceeding 5 kW; or"
compliance_code_eu_224962,6A005.d.2.b.,product_trade_compliance.regime_eu_dual,Average or CW output power exceeding 5 kW;
compliance_code_eu_224963,6A005.d.3.,product_trade_compliance.regime_eu_dual,"Carbon dioxide (CO2) ""lasers"" having any of the following:"
compliance_code_eu_224964,6A005.d.3.a.,product_trade_compliance.regime_eu_dual,CW output power exceeding 15 kW;
compliance_code_eu_224965,6A005.d.3.b.,product_trade_compliance.regime_eu_dual,"Pulsed output with a ""pulse duration"" exceeding 10 μs and any of the following:"
compliance_code_eu_224966,6A005.d.3.b.1.,product_trade_compliance.regime_eu_dual,"""Average output power"" exceeding 10 kW; or"
compliance_code_eu_224967,6A005.d.3.b.2.,product_trade_compliance.regime_eu_dual,"""Peak power"" exceeding 100 kW; or"
compliance_code_eu_224968,6A005.d.3.c.,product_trade_compliance.regime_eu_dual,"Pulsed output with a ""pulse duration"" equal to or less than 10 μs and any of the following:"
compliance_code_eu_224969,6A005.d.3.c.1.,product_trade_compliance.regime_eu_dual,Pulse energy exceeding 5 J per pulse; or
compliance_code_eu_224970,6A005.d.3.c.2.,product_trade_compliance.regime_eu_dual,"""Average output power"" exceeding 2,5 kW;"
compliance_code_eu_224971,6A005.d.4.,product_trade_compliance.regime_eu_dual,"Excimer ""lasers"" having any of the following:"
compliance_code_eu_224972,6A005.d.4.a.,product_trade_compliance.regime_eu_dual,Output wavelength not exceeding 150 nm and any of the following:
compliance_code_eu_224973,6A005.d.4.a.1.,product_trade_compliance.regime_eu_dual,Output energy exceeding 50 mJ per pulse; or
compliance_code_eu_224974,6A005.d.4.a.2.,product_trade_compliance.regime_eu_dual,"""Average output power"" exceeding 1 W;"
compliance_code_eu_224975,6A005.d.4.b.,product_trade_compliance.regime_eu_dual,Output wavelength exceeding 150 nm but not exceeding 190 nm and any of the following:
compliance_code_eu_224976,6A005.d.4.b.1.,product_trade_compliance.regime_eu_dual,"Output energy exceeding 1,5 J per pulse; or"
compliance_code_eu_224977,6A005.d.4.b.2.,product_trade_compliance.regime_eu_dual,"""Average output power"" exceeding 120 W;"
compliance_code_eu_224978,6A005.d.4.c.,product_trade_compliance.regime_eu_dual,Output wavelength exceeding 190 nm but not exceeding 360 nm and any of the following:
compliance_code_eu_224979,6A005.d.4.c.1.,product_trade_compliance.regime_eu_dual,Output energy exceeding 10 J per pulse; or
compliance_code_eu_224980,6A005.d.4.c.2.,product_trade_compliance.regime_eu_dual,"""Average output power"" exceeding 500 W; or"
compliance_code_eu_224981,6A005.d.4.d.,product_trade_compliance.regime_eu_dual,Output wavelength exceeding 360 nm and any of the following:
compliance_code_eu_224982,6A005.d.4.d.1.,product_trade_compliance.regime_eu_dual,"Output energy exceeding 1,5 J per pulse; or"
compliance_code_eu_224983,6A005.d.4.d.2.,product_trade_compliance.regime_eu_dual,"""Average output power"" exceeding 30 W;"
compliance_code_eu_224984,6A005.d.5.,product_trade_compliance.regime_eu_dual,"""Chemical lasers"" as follows:"
compliance_code_eu_224985,6A005.d.5.a.,product_trade_compliance.regime_eu_dual,"Hydrogen Fluoride (HF) ""lasers"";"
compliance_code_eu_224986,6A005.d.5.b.,product_trade_compliance.regime_eu_dual,"Deuterium Fluoride (DF) ""lasers"";"
compliance_code_eu_224987,6A005.d.5.c.,product_trade_compliance.regime_eu_dual,‘Transfer lasers’ as follows:
compliance_code_eu_224988,6A005.d.5.c.1.,product_trade_compliance.regime_eu_dual,"Oxygen Iodine (O2-I) ""lasers"";"
compliance_code_eu_224989,6A005.d.5.c.2.,product_trade_compliance.regime_eu_dual,"Deuterium Fluoride-Carbon dioxide (DF-CO2) ""lasers"";"
compliance_code_eu_224990,6A005.d.6.,product_trade_compliance.regime_eu_dual,"‘Non-repetitive pulsed’ Nd: glass ""lasers"" having any of the following:"
compliance_code_eu_224991,6A005.d.6.a.,product_trade_compliance.regime_eu_dual,"""Pulse duration"" not exceeding 1 μs and output energy exceeding 50 J per pulse; or"
compliance_code_eu_224992,6A005.d.6.b.,product_trade_compliance.regime_eu_dual,"""Pulse duration"" exceeding 1 μs and output energy exceeding 100 J per pulse;"
compliance_code_eu_224993,6A005.e.,product_trade_compliance.regime_eu_dual,Components as follows:
compliance_code_eu_224994,6A005.e.1.,product_trade_compliance.regime_eu_dual,Mirrors cooled either by ‘active cooling’ or by heat pipe cooling;
compliance_code_eu_224995,6A005.e.2.,product_trade_compliance.regime_eu_dual,"Optical mirrors or transmissive or partially transmissive optical or electro-optical components, other than fused tapered fibre combiners and Multi-Layer Dielectric gratings (MLDs), specially designed for use with specified ""lasers"";"
compliance_code_eu_224996,6A005.e.3.,product_trade_compliance.regime_eu_dual,"Fibre ""laser"" components as follows:"
compliance_code_eu_224997,6A005.e.3.a.,product_trade_compliance.regime_eu_dual,"Multimode to multimode fused tapered fibre combiners having all of the following: 1. An insertion loss better (less) than or equal to 0,3 dB maintained at a rated total average or CW output power (excluding output power transmitted through the single mode core if present) exceeding 1 000 W; and 2. Number of input fibres equal to or greater than 3;"
compliance_code_eu_224998,6A005.e.3.b.,product_trade_compliance.regime_eu_dual,"Single mode to multimode fused tapered fibre combiners having all of the following: 1. An insertion loss better (less) than 0,5 dB maintained at a rated total average or CW output power exceeding 4 600 W; 2. Number of input fibres equal to or greater than 3; and 3. Having any of the following: a. A Beam Parameter Product (BPP) measured at the output not exceeding 1,5 mm mrad for a number of input fibres less than or equal to 5; or b. A BPP measured at the output not exceeding 2,5 mm mrad for a number of input fibres greater than 5;"
compliance_code_eu_224999,6A005.e.3.c.,product_trade_compliance.regime_eu_dual,"MLDs having all of the following: 1. Designed for spectral or coherent beam combination of 5 or more fibre ""lasers""; and 2. CW ""Laser"" Induced Damage Threshold (LIDT) greater than or equal to 10 kW/cm^2."
compliance_code_eu_225000,6A005.f.,product_trade_compliance.regime_eu_dual,Optical equipment as follows:
compliance_code_eu_225001,6A005.f.1.,product_trade_compliance.regime_eu_dual,Not used;
compliance_code_eu_225002,6A005.f.2.,product_trade_compliance.regime_eu_dual,"""Laser"" diagnostic equipment specially designed for dynamic measurement of ""SHPL"" system angular beam steering errors and having an angular ""accuracy"" of 10 μrad (microradians) or less (better);"
compliance_code_eu_225003,6A005.f.3.,product_trade_compliance.regime_eu_dual,"Optical equipment and components, specially designed for coherent beam combination in a phased-array ""SHPL"" system and having any of the following:"
compliance_code_eu_225004,6A005.f.3.a.,product_trade_compliance.regime_eu_dual,"An ""accuracy"" of 0,1 μm or less (better), for wavelengths greater than 1 μm; or"
compliance_code_eu_225005,6A005.f.3.b.,product_trade_compliance.regime_eu_dual,"An ""accuracy"" of λ/10 or less (better) at the designed wavelength, for wavelengths equal to or less than 1 μm;"
compliance_code_eu_225006,6A005.f.4.,product_trade_compliance.regime_eu_dual,"Projection telescopes specially designed for use with ""SHPL"" systems;"
compliance_code_eu_225007,6A005.g.,product_trade_compliance.regime_eu_dual,"‘Laser acoustic detection equipment’ having all of the following: 1. CW ""laser"" output power equal to or exceeding 20 mW; 2. ""Laser"" frequency stability equal to or less (better) than 10 MHz; 3. ""Laser"" wavelengths equal to or exceeding 1 000 nm but not exceeding 2 000 nm; 4. Optical system resolution less (better) than 1 nm; and 5. Optical Signal to Noise ratio equal to or exceeding 10^3."
compliance_code_eu_225008,6A006,product_trade_compliance.regime_eu_dual,"""Magnetometers"", ""magnetic gradiometers"", ""intrinsic magnetic gradiometers"", underwater electric field sensors, ""compensation systems"", and specially designed components therefor, as follows:"
compliance_code_eu_225009,6A006.a.,product_trade_compliance.regime_eu_dual,"""Magnetometers"" and subsystems as follows:"
compliance_code_eu_225010,6A006.a.1.,product_trade_compliance.regime_eu_dual,"""Magnetometers"" using ""superconductive"" (SQUID) ""technology"" and having any of the following:"
compliance_code_eu_225011,6A006.a.1.a.,product_trade_compliance.regime_eu_dual,"SQUID systems designed for stationary operation, without specially designed subsystems designed to reduce in-motion noise, and having a ‘sensitivity’ equal to or less  (better) than 50 fT (rms) per square root Hz at a frequency of 1 Hz; or"
compliance_code_eu_225012,6A006.a.1.b.,product_trade_compliance.regime_eu_dual,SQUID systems having an in-motion-magnetometer ‘sensitivity’ less (better) than 20 pT (rms) per square root Hz at a frequency of 1 Hz and specially designed to reduce in-motion noise;
compliance_code_eu_225013,6A006.a.2.,product_trade_compliance.regime_eu_dual,"""Magnetometers"" using optically pumped or nuclear precession (proton/Overhauser) ""technology"" having a ‘sensitivity’ less (better) than 20 pT (rms) per square root Hz at a frequency of 1 Hz;"
compliance_code_eu_225014,6A006.a.3.,product_trade_compliance.regime_eu_dual,"""Magnetometers"" using fluxgate ""technology"" having a ‘sensitivity’ equal to or less (better) than 10 pT (rms) per square root Hz at a frequency of 1 Hz;"
compliance_code_eu_225015,6A006.a.4.,product_trade_compliance.regime_eu_dual,"Induction coil ""magnetometers"" having a ‘sensitivity’ less (better) than any of the following:"
compliance_code_eu_225016,6A006.a.4.a.,product_trade_compliance.regime_eu_dual,"0,05 nT (rms) per square root Hz at frequencies of less than 1 Hz;"
compliance_code_eu_225017,6A006.a.4.b.,product_trade_compliance.regime_eu_dual,1 × 10^–3 nT (rms) per square root Hz at frequencies of 1 Hz or more but not exceeding 10 Hz; or
compliance_code_eu_225018,6A006.a.4.c.,product_trade_compliance.regime_eu_dual,1 × 10^–4 nT (rms) per square root Hz at frequencies exceeding 10 Hz;
compliance_code_eu_225019,6A006.a.5.,product_trade_compliance.regime_eu_dual,"Fibre optic ""magnetometers"" having a ‘sensitivity’ less (better) than 1 nT (rms) per square root Hz;"
compliance_code_eu_225020,6A006.b.,product_trade_compliance.regime_eu_dual,Underwater electric field sensors having a ‘sensitivity’ less (better) than 8 nanovolt per metre per square root Hz when measured at 1 Hz;
compliance_code_eu_225021,6A006.c.,product_trade_compliance.regime_eu_dual,"""Magnetic gradiometers"" as follows:"
compliance_code_eu_225022,6A006.c.1.,product_trade_compliance.regime_eu_dual,"""Magnetic gradiometers"" using multiple ""magnetometers"" specified in 6A006.a.;"
compliance_code_eu_225023,6A006.c.2.,product_trade_compliance.regime_eu_dual,"Fibre optic ""intrinsic magnetic gradiometers"" having a magnetic gradient field ‘sensitivity’ less (better) than 0,3 nT/m rms per square root Hz;"
compliance_code_eu_225024,6A006.c.3.,product_trade_compliance.regime_eu_dual,"""Intrinsic magnetic gradiometers"", using ""technology"" other than fibre-optic ""technology"", having a magnetic gradient field ‘sensitivity’ less (better) than 0,015 nT/m rms per square root Hz;"
compliance_code_eu_225025,6A006.d.,product_trade_compliance.regime_eu_dual,"""Compensation systems"" for magnetic or underwater electric field sensors resulting in a performance equal to or better than the specified parameters of 6A006.a., 6A006.b. or 6A006.c.;"
compliance_code_eu_225026,6A006.e.,product_trade_compliance.regime_eu_dual,Underwater electromagnetic receivers incorporating magnetic field sensors specified in 6A006.a. or underwater electric field sensors specified in 6A006.b.
compliance_code_eu_225027,6A007,product_trade_compliance.regime_eu_dual,"Gravity meters (gravimeters) and gravity gradiometers, as follows:"
compliance_code_eu_225028,6A007.a.,product_trade_compliance.regime_eu_dual,"Gravity meters designed or modified for ground use and having a static ""accuracy"" of less (better) than 10 μGal;"
compliance_code_eu_225029,6A007.b.,product_trade_compliance.regime_eu_dual,"Gravity meters designed for mobile platforms and having all of the following: 1. A static ""accuracy"" of less (better) than 0,7 mGal; and 2. An in-service (operational) ""accuracy"" of less (better) than 0,7 mGal having a ""time-to-steady-state registration"" of less than 2 minutes under any combination of attendant corrective compensations and motional influences;"
compliance_code_eu_225030,6A007.c.,product_trade_compliance.regime_eu_dual,Gravity gradiometers.
compliance_code_eu_225031,6A008,product_trade_compliance.regime_eu_dual,"Radar systems, equipment and assemblies, having any of the following, and specially designed components therefor:"
compliance_code_eu_225032,6A008.a.,product_trade_compliance.regime_eu_dual,Operating at frequencies from 40 GHz to 230 GHz and having any of the following:
compliance_code_eu_225033,6A008.a.1.,product_trade_compliance.regime_eu_dual,An average output power exceeding 100 mW; or
compliance_code_eu_225034,6A008.a.2.,product_trade_compliance.regime_eu_dual,"Locating ""accuracy"" of 1 m or less (better) in range and 0,2 degree or less (better) in azimuth;"
compliance_code_eu_225035,6A008.b.,product_trade_compliance.regime_eu_dual,"A tunable bandwidth exceeding ± 6,25 % of the ‘centre operating frequency’;"
compliance_code_eu_225036,6A008.c.,product_trade_compliance.regime_eu_dual,Capable of operating simultaneously on more than two carrier frequencies;
compliance_code_eu_225037,6A008.d.,product_trade_compliance.regime_eu_dual,"Capable of operating in synthetic aperture (SAR), inverse synthetic aperture (ISAR) radar mode, or sidelooking airborne (SLAR) radar mode;"
compliance_code_eu_225038,6A008.e.,product_trade_compliance.regime_eu_dual,Incorporating electronically scanned array antennae;
compliance_code_eu_225039,6A008.f.,product_trade_compliance.regime_eu_dual,Capable of heightfinding non-cooperative targets;
compliance_code_eu_225040,6A008.g.,product_trade_compliance.regime_eu_dual,"Specially designed for airborne (balloon or airframe mounted) operation and having Doppler ""signal processing"" for the detection of moving targets;"
compliance_code_eu_225041,6A008.h.,product_trade_compliance.regime_eu_dual,Employing processing of radar signals and using any of the following:
compliance_code_eu_225042,6A008.h.1.,product_trade_compliance.regime_eu_dual,"""Radar spread spectrum"" techniques; or"
compliance_code_eu_225043,6A008.h.2.,product_trade_compliance.regime_eu_dual,"""Radar frequency agility"" techniques;"
compliance_code_eu_225044,6A008.i.,product_trade_compliance.regime_eu_dual,Providing ground-based operation with a maximum ‘instrumented range’ exceeding 185 km;
compliance_code_eu_225045,6A008.j.,product_trade_compliance.regime_eu_dual,"Being ""laser"" radar or Light Detection and Ranging (LIDAR) equipment and having any of the following:"
compliance_code_eu_225046,6A008.j.1.,product_trade_compliance.regime_eu_dual,"""Space-qualified"";"
compliance_code_eu_225047,6A008.j.2.,product_trade_compliance.regime_eu_dual,Employing coherent heterodyne or homodyne detection techniques and having an angular resolution of less (better) than 20 μrad (microradians); or
compliance_code_eu_225048,6A008.j.3.,product_trade_compliance.regime_eu_dual,"Designed for carrying out airborne bathymetric littoral surveys to International Hydrographic Organization (IHO) Order 1a Standard (5^th Edition February 2008) for Hydrographic Surveys or better, and using one or more ""lasers"" with a wavelength exceeding 400 nm but not exceeding 600 nm;"
compliance_code_eu_225049,6A008.k.,product_trade_compliance.regime_eu_dual,"Having ""signal processing"" sub-systems using ""pulse compression"" and having any of the following:"
compliance_code_eu_225050,6A008.k.1.,product_trade_compliance.regime_eu_dual,"A ""pulse compression"" ratio exceeding 150; or"
compliance_code_eu_225051,6A008.k.2.,product_trade_compliance.regime_eu_dual,A compressed pulse width of less than 200 ns; or
compliance_code_eu_225052,6A008.l.,product_trade_compliance.regime_eu_dual,Having data processing sub-systems and having any of the following:
compliance_code_eu_225053,6A008.l.1.,product_trade_compliance.regime_eu_dual,"‘Automatic target tracking’ providing, at any antenna rotation, the predicted target position beyond the time of the next antenna beam passage; or"
compliance_code_eu_225054,6A008.l.2.,product_trade_compliance.regime_eu_dual,Not used;
compliance_code_eu_225055,6A008.l.3.,product_trade_compliance.regime_eu_dual,Not used;
compliance_code_eu_225056,6A008.l.4.,product_trade_compliance.regime_eu_dual,"Configured to provide superposition and correlation, or fusion, of target data within six seconds from two or more ‘geographically dispersed’ radar sensors to improve the aggregate performance beyond that of any single sensor specified in 6A008.f. or 6A008.i."
compliance_code_eu_225057,6A102,product_trade_compliance.regime_eu_dual,"Radiation hardened ‘detectors’, other than those specified in 6A002, specially designed or modified for protecting against nuclear effects (e.g. electromagnetic pulse (EMP), X-rays, combined blast and thermal effects) and usable for ""missiles"", designed or rated to withstand radiation levels which meet or exceed a total irradiation dose of 5 × 10^5 rads (silicon)."
compliance_code_eu_225058,6A107,product_trade_compliance.regime_eu_dual,"Gravity meters (gravimeters) and components for gravity meters and gravity gradiometers, as follows:"
compliance_code_eu_225059,6A107.a.,product_trade_compliance.regime_eu_dual,"Gravity meters, other than those specified in 6A007.b., designed or modified for airborne or marine use, and having a static or operational accuracy equal to or less (better) than 0,7 milligal (mgal), and having a time-to-steady-state registration of two minutes or less;"
compliance_code_eu_225060,6A107.b.,product_trade_compliance.regime_eu_dual,Specially designed components for gravity meters specified in 6A007.b. or 6A107.a. and gravity gradiometers specified in 6A007.c.
compliance_code_eu_225061,6A108,product_trade_compliance.regime_eu_dual,"Radar systems, tracking systems and radomes, other than those specified in entry 6A008, as follows:"
compliance_code_eu_225062,6A108.a.,product_trade_compliance.regime_eu_dual,Radar and laser radar systems designed or modified for use in space launch vehicles specified in 9A004 or sounding rockets specified in 9A104;
compliance_code_eu_225063,6A108.b.,product_trade_compliance.regime_eu_dual,"Precision tracking systems, usable for ‘missiles’, as follows:"
compliance_code_eu_225064,6A108.b.1.,product_trade_compliance.regime_eu_dual,Tracking systems which use a code translator in conjunction with either surface or airborne references or navigation satellite systems to provide real-time measurements of in-flight position and velocity;
compliance_code_eu_225065,6A108.b.2.,product_trade_compliance.regime_eu_dual,"Range instrumentation radars including associated optical/infrared trackers with all of the following capabilities: a. Angular resolution better than 1,5 milliradians; b. Range of 30 km or greater with a range resolution better than 10 m rms; and c. Velocity resolution better than 3 m/s;"
compliance_code_eu_225066,6A108.c.,product_trade_compliance.regime_eu_dual,"Radomes designed to withstand a combined thermal shock greater than 4,184 × 10^6 J/m^2 accompained by a peak over pressure of greater than 50 kPa, and usable in ""missiles"" for protecting against nuclear effects (e.g. electromagnetic pulse (EMP), X-rays, combined blast and thermal effects)."
compliance_code_eu_225067,6A202,product_trade_compliance.regime_eu_dual,Photomultiplier tubes having both of the following characteristics: a. Photocathode area of greater than 20 cm^2; and b. Anode pulse rise time of less than 1 ns.
compliance_code_eu_225068,6A203,product_trade_compliance.regime_eu_dual,"Cameras and components, other than those specified in 6A003, as follows:"
compliance_code_eu_225069,6A203.a.,product_trade_compliance.regime_eu_dual,"Streak cameras, and specially designed components therefor, as follows:"
compliance_code_eu_225070,6A203.a.1.,product_trade_compliance.regime_eu_dual,"Streak cameras with writing speeds greater than 0,5 mm/μs;"
compliance_code_eu_225071,6A203.a.2.,product_trade_compliance.regime_eu_dual,Electronic streak cameras capable of 50 ns or less time resolution;
compliance_code_eu_225072,6A203.a.3.,product_trade_compliance.regime_eu_dual,Streak tubes for cameras specified in 6A203.a.2.;
compliance_code_eu_225073,6A203.a.4.,product_trade_compliance.regime_eu_dual,Plug-ins specially designed for use with streak cameras which have modular structures and that enable the performance specifications in 6A203.a.1. or 6A203.a.2.;
compliance_code_eu_225074,6A203.a.5.,product_trade_compliance.regime_eu_dual,"Synchronizing electronics units, rotor assemblies consisting of turbines, mirrors and bearings specially designed for cameras specified in 6A203.a.1.;"
compliance_code_eu_225075,6A203.b.,product_trade_compliance.regime_eu_dual,"Framing cameras, and specially designed components therefor, as follows:"
compliance_code_eu_225076,6A203.b.1.,product_trade_compliance.regime_eu_dual,Framing cameras with recording rates greater than 225 000 frames per second;
compliance_code_eu_225077,6A203.b.2.,product_trade_compliance.regime_eu_dual,Framing cameras capable of 50 ns or less frame exposure time;
compliance_code_eu_225078,6A203.b.3.,product_trade_compliance.regime_eu_dual,Framing tubes and solid-state imaging devices having a fast image gating (shutter) time of 50 ns or less specially designed for cameras specified in 6A203.b.1. or 6A203.b.2.;
compliance_code_eu_225079,6A203.b.4.,product_trade_compliance.regime_eu_dual,Plug-ins specially designed for use with framing cameras which have modular structures and that enable the performance specifications in 6A203.b.1. or 6A203.b.2.;
compliance_code_eu_225080,6A203.b.5.,product_trade_compliance.regime_eu_dual,"Synchronizing electronics units, rotor assemblies consisting of turbines, mirrors and bearings specially designed for cameras specified in 6A203.b.1. or 6A203.b.2.;"
compliance_code_eu_225081,6A203.c.,product_trade_compliance.regime_eu_dual,"Solid state or electron tube cameras, and specially designed components therefor, as follows:"
compliance_code_eu_225082,6A203.c.1.,product_trade_compliance.regime_eu_dual,Solid-state cameras or electron tube cameras with a fast image gating (shutter) time of 50 ns or less;
compliance_code_eu_225083,6A203.c.2.,product_trade_compliance.regime_eu_dual,Solid-state imaging devices and image intensifiers tubes having a fast image gating (shutter) time of 50 ns or less specially designed for cameras specified in 6A203.c.1.;
compliance_code_eu_225084,6A203.c.3.,product_trade_compliance.regime_eu_dual,Electro-optical shuttering devices (Kerr or Pockels cells) with a fast image gating (shutter) time of 50 ns or less;
compliance_code_eu_225085,6A203.c.4.,product_trade_compliance.regime_eu_dual,Plug-ins specially designed for use with cameras which have modular structures and that enable the performance specifications in 6A203.c.1.
compliance_code_eu_225086,6A203.d.,product_trade_compliance.regime_eu_dual,"Radiation-hardened TV cameras, or lenses therefor, specially designed or rated as radiation hardened to withstand a total radiation dose greater than 50 × 10^3 Gy(silicon) (5 × 10^6 rad (silicon)) without operational degradation."
compliance_code_eu_225087,6A205,product_trade_compliance.regime_eu_dual,"""Lasers"", ""laser"" amplifiers and oscillators, other than those specified in 0B001.g.5., 0B001.h.6. and 6A005, as follows:"
compliance_code_eu_225088,6A205.a.,product_trade_compliance.regime_eu_dual,"Argon ion ""lasers"" having both of the following characteristics: 1. Operating at wavelengths between 400 nm and 515 nm; and 2. An ""average output power"" greater than 40 W;"
compliance_code_eu_225089,6A205.b.,product_trade_compliance.regime_eu_dual,"Tunable pulsed single-mode dye laser oscillators having all of the following characteristics: 1. Operating at wavelengths between 300 nm and 800 nm; 2. An ""average output power"" greater than 1 W; 3. A repetition rate greater than 1 kHz; and 4. Pulse width less than 100 ns;"
compliance_code_eu_225090,6A205.c.,product_trade_compliance.regime_eu_dual,"Tunable pulsed dye laser amplifiers and oscillators, having all of the following characteristics: 1. Operating at wavelengths between 300 nm and 800 nm; 2. An ""average output power"" greater than 30 W; 3. A repetition rate greater than 1 kHz; and 4. Pulse width less than 100 ns;"
compliance_code_eu_225091,6A205.d.,product_trade_compliance.regime_eu_dual,"Pulsed carbon dioxide (CO2) ""lasers"" having all of the following characteristics: 1. Operating at wavelengths between 9 000 nm and 11 000 nm; 2. A repetition rate greater than 250 Hz; 3. An ""average output power"" greater than 500 W; and 4. Pulse width of less than 200 ns;"
compliance_code_eu_225092,6A205.e.,product_trade_compliance.regime_eu_dual,Para-hydrogen Raman shifters designed to operate at 16 μm output wavelength and at a repetition rate greater than 250 Hz;
compliance_code_eu_225093,6A205.f.,product_trade_compliance.regime_eu_dual,"Neodymium-doped (other than glass) ""lasers"" with an output wavelength between 1 000 and 1 100 nm having either of the following:"
compliance_code_eu_225094,6A205.f.1.,product_trade_compliance.regime_eu_dual,"Pulse-excited and Q-switched with a pulse duration equal to or more than 1 ns, and having either of the following:"
compliance_code_eu_225095,6A205.f.1.a.,product_trade_compliance.regime_eu_dual,"A single–transverse mode output with an ""average output power"" greater than 40W; or"
compliance_code_eu_225096,6A205.f.1.b.,product_trade_compliance.regime_eu_dual,A multiple-transverse mode output having an average power greater than 50 W; or
compliance_code_eu_225097,6A205.f.2.,product_trade_compliance.regime_eu_dual,"Incorporating frequency doubling to give an output wavelength between 500 and 550 nm with an ""average output power"" of more than 40 W;"
compliance_code_eu_225098,6A205.g.,product_trade_compliance.regime_eu_dual,"Pulsed carbon monoxide (CO) ""lasers"", other than those specified in 6A005.d.2., having all of the following: 1. Operating at wavelengths between 5 000 and 6 000 nm; 2. A repetition rate greater than 250 Hz; 3. An ""average output power"" greater than 200 W; and 4. Pulse width of less than 200 ns."
compliance_code_eu_225099,6A225,product_trade_compliance.regime_eu_dual,Velocity interferometers for measuring velocities exceeding 1 km/s during time intervals of less than 10 microseconds.
compliance_code_eu_225100,6A226,product_trade_compliance.regime_eu_dual,"Pressure sensors, as follows:"
compliance_code_eu_225101,6A226.a.,product_trade_compliance.regime_eu_dual,"Shock pressure gauges capable of measuring pressures greater than 10 GPa, including gauges made with manganin, ytterbium, and polyvinylidene fluoride (PVDF) / polyvinyl difluoride (PVF2);"
compliance_code_eu_225102,6A226.b.,product_trade_compliance.regime_eu_dual,Quartz pressure transducers for pressures greater than 10 GPa.
compliance_code_eu_225103,6B,product_trade_compliance.regime_eu_dual,"Test, Inspection and Production Equipment"
compliance_code_eu_225104,6B002,product_trade_compliance.regime_eu_dual,"Masks and reticles, specially designed for optical sensors specified in 6A002.a.1.b. or 6A002.a.1.d."
compliance_code_eu_225105,6B004,product_trade_compliance.regime_eu_dual,Optical equipment as follows:
compliance_code_eu_225106,6B004.a.,product_trade_compliance.regime_eu_dual,"Equipment for measuring absolute reflectance to an ""accuracy"" of equal to or less (better) than 0,1 % of the reflectance value;"
compliance_code_eu_225107,6B004.b.,product_trade_compliance.regime_eu_dual,"Equipment other than optical surface scattering measurement equipment, having an unobscured aperture of more than 10 cm, specially designed for the non-contact optical measurement of a non-planar optical surface figure (profile) to an ""accuracy"" of 2 nm or less (better) against the required profile."
compliance_code_eu_225108,6B007,product_trade_compliance.regime_eu_dual,"Equipment to produce, align and calibrate land-based gravity meters with a static ""accuracy"" of less (better) than 0,1 mGal."
compliance_code_eu_225109,6B008,product_trade_compliance.regime_eu_dual,"Pulse radar cross-section measurement systems having transmit pulse widths of 100 ns or less, and specially designed components therefor."
compliance_code_eu_225110,6B108,product_trade_compliance.regime_eu_dual,"Systems, other than those specified in 6B008, specially designed for radar cross section measurement usable for ‘missiles’ and their subsystems."
compliance_code_eu_225111,6C,product_trade_compliance.regime_eu_dual,Materials
compliance_code_eu_225112,6C002,product_trade_compliance.regime_eu_dual,Optical sensor materials as follows:
compliance_code_eu_225113,6C002.a.,product_trade_compliance.regime_eu_dual,"Elemental tellurium (Te) of purity levels of 99,9995 % or more;"
compliance_code_eu_225114,6C002.b.,product_trade_compliance.regime_eu_dual,Single crystals (including epitaxial wafers) of any of the following:
compliance_code_eu_225115,6C002.b.1.,product_trade_compliance.regime_eu_dual,"Cadmium zinc telluride (CdZnTe), with zinc content of less than 6 % by ‘mole fraction’;"
compliance_code_eu_225116,6C002.b.2.,product_trade_compliance.regime_eu_dual,Cadmium telluride (CdTe) of any purity level; or
compliance_code_eu_225117,6C002.b.3.,product_trade_compliance.regime_eu_dual,Mercury cadmium telluride (HgCdTe) of any purity level.
compliance_code_eu_225118,6C004,product_trade_compliance.regime_eu_dual,Optical materials as follows:
compliance_code_eu_225119,6C004.a.,product_trade_compliance.regime_eu_dual,"Zinc selenide (ZnSe) and zinc sulphide (ZnS) ""substrate blanks"", produced by the chemical vapour deposition process and having any of the following:"
compliance_code_eu_225120,6C004.a.1.,product_trade_compliance.regime_eu_dual,A volume greater than 100 cm^3; or
compliance_code_eu_225121,6C004.a.2.,product_trade_compliance.regime_eu_dual,A diameter greater than 80 mm and a thickness of 20 mm or more;
compliance_code_eu_225122,6C004.b.,product_trade_compliance.regime_eu_dual,"Electro-optic materials and non-linear optical materials, as follows:"
compliance_code_eu_225123,6C004.b.1.,product_trade_compliance.regime_eu_dual,Potassium titanyl arsenate (KTA) (CAS 59400-80-5);
compliance_code_eu_225124,6C004.b.2.,product_trade_compliance.regime_eu_dual,"Silver gallium selenide (AgGaSe2, also known as AGSE) (CAS 12002-67-4);"
compliance_code_eu_225125,6C004.b.3.,product_trade_compliance.regime_eu_dual,"Thallium arsenic selenide (Tl3AsSe3, also known as TAS) (CAS 16142-89-5);"
compliance_code_eu_225126,6C004.b.4.,product_trade_compliance.regime_eu_dual,"Zinc germanium phosphide (ZnGeP2, also known as ZGP, zinc germanium biphosphide or zinc germanium diphosphide); or"
compliance_code_eu_225127,6C004.b.5.,product_trade_compliance.regime_eu_dual,Gallium selenide (GaSe) (CAS 12024-11-2);
compliance_code_eu_225128,6C004.c.,product_trade_compliance.regime_eu_dual,"Non-linear optical materials, other than those specified in 6C004.b., having any of the following:"
compliance_code_eu_225129,6C004.c.1.,product_trade_compliance.regime_eu_dual,"Having all of the following: a. Dynamic (also known as non-stationary) third order non-linear susceptibility (χ^(3), chi 3) of 10^–6 m^2/V^2 or more; and b. Response time of less than 1 ms; or"
compliance_code_eu_225130,6C004.c.2.,product_trade_compliance.regime_eu_dual,"Second order non-linear susceptibility (χ^(2), chi 2) of 3,3×10^–11 m/V or more;"
compliance_code_eu_225131,6C004.d.,product_trade_compliance.regime_eu_dual,"""Substrate blanks"" of silicon carbide or beryllium beryllium (Be/Be) deposited materials, exceeding 300 mm in diameter or major axis length;"
compliance_code_eu_225132,6C004.e.,product_trade_compliance.regime_eu_dual,"Glass, including fused silica, phosphate glass, fluorophosphate glass, zirconium fluoride (ZrF4) (CAS 7783-64-4) and hafnium fluoride (HfF4) (CAS 13709-52-9) and having all of the following: 1. A hydroxyl ion (OH-) concentration of less than 5 ppm; 2. Integrated metallic purity levels of less than 1 ppm; and 3. High homogeneity (index of refraction variance) less than 5 × 10^–6;"
compliance_code_eu_225133,6C004.f.,product_trade_compliance.regime_eu_dual,Synthetically produced diamond material with an absorption of less than 10^–5 cm^–1 for wavelengths exceeding 200 nm but not exceeding 14 000 nm.
compliance_code_eu_225134,6C005,product_trade_compliance.regime_eu_dual,"""Laser"" materials as follows:"
compliance_code_eu_225135,6C005.a.,product_trade_compliance.regime_eu_dual,"Synthetic crystalline ""laser"" host material in unfinished form as follows:"
compliance_code_eu_225136,6C005.a.1.,product_trade_compliance.regime_eu_dual,Titanium doped sapphire;
compliance_code_eu_225137,6C005.a.2.,product_trade_compliance.regime_eu_dual,Not used.
compliance_code_eu_225138,6C005.b.,product_trade_compliance.regime_eu_dual,Rare-earth-metal doped double-clad fibres having any of the following:
compliance_code_eu_225139,6C005.b.1.,product_trade_compliance.regime_eu_dual,"Nominal ""laser"" wavelength of 975 nm to 1 150 nm and having all of the following: a. Average core diameter equal to or greater than 25 μm; and b. Core ‘Numerical Aperture’ (‘NA’) less than 0,065; or"
compliance_code_eu_225140,6C005.b.2.,product_trade_compliance.regime_eu_dual,"Nominal ""laser"" wavelength exceeding 1 530 nm and having all of the following: a. Average core diameter equal to or greater than 20 μm; and b. Core ‘Numerical Aperture’ (‘NA’) less than 0,1."
compliance_code_eu_225141,6D,product_trade_compliance.regime_eu_dual,Software
compliance_code_eu_225142,6D001,product_trade_compliance.regime_eu_dual,"""Software"" specially designed for the ""development"" or ""production"" of equipment specified in 6A004, 6A005, 6A008 or 6B008."
compliance_code_eu_225143,6D002,product_trade_compliance.regime_eu_dual,"""Software"" specially designed for the ""use"" of equipment specified in 6A002.b., 6A008 or 6B008."
compliance_code_eu_225144,6D003,product_trade_compliance.regime_eu_dual,"Other ""software"" as follows:"
compliance_code_eu_225145,6D003.a.,product_trade_compliance.regime_eu_dual,"""Software"" as follows:"
compliance_code_eu_225146,6D003.a.1.,product_trade_compliance.regime_eu_dual,"""Software"" specially designed for acoustic beam forming for the ""real-time processing"" of acoustic data for passive reception using towed hydrophone arrays;"
compliance_code_eu_225147,6D003.a.2.,product_trade_compliance.regime_eu_dual,"""Source code"" for the ""real-time processing"" of acoustic data for passive reception using towed hydrophone arrays;"
compliance_code_eu_225148,6D003.a.3.,product_trade_compliance.regime_eu_dual,"""Software"" specially designed for acoustic beam forming for ""real-time processing"" of acoustic data for passive reception using bottom or bay cable systems;"
compliance_code_eu_225149,6D003.a.4.,product_trade_compliance.regime_eu_dual,"""Source code"" for ""real-time processing"" of acoustic data for passive reception using bottom or bay cable systems;"
compliance_code_eu_225150,6D003.a.5.,product_trade_compliance.regime_eu_dual,"""Software"" or ""source code"", specially designed for all of the following: a. ""Real-time processing"" of acoustic data from sonar systems specified in 6A001.a.1.e.; and b. Automatically detecting, classifying and determining the location of divers or swimmers;"
compliance_code_eu_225151,6D003.b.,product_trade_compliance.regime_eu_dual,Not used;
compliance_code_eu_225152,6D003.c.,product_trade_compliance.regime_eu_dual,"""Software"" designed or modified for cameras incorporating ""focal plane arrays"" specified in 6A002.a.3.f. and designed or modified to remove a frame rate restriction and allow the camera to exceed the frame rate specified in 6A003.b.4. Note 3.a."
compliance_code_eu_225153,6D003.d.,product_trade_compliance.regime_eu_dual,"""Software"" specially designed to maintain the alignment and phasing of segmented mirror systems consisting of mirror segments having a diameter or major axis length equal to or larger than 1 m;"
compliance_code_eu_225154,6D003.e.,product_trade_compliance.regime_eu_dual,Not used;
compliance_code_eu_225155,6D003.f.,product_trade_compliance.regime_eu_dual,"""Software"" as follows:"
compliance_code_eu_225156,6D003.f.1.,product_trade_compliance.regime_eu_dual,"""Software"" specially designed for magnetic and electric field ""compensation systems"" for magnetic sensors designed to operate on mobile platforms;"
compliance_code_eu_225157,6D003.f.2.,product_trade_compliance.regime_eu_dual,"""Software"" specially designed for magnetic and electric field anomaly detection on mobile platforms;"
compliance_code_eu_225158,6D003.f.3.,product_trade_compliance.regime_eu_dual,"""Software"" specially designed for ""real-time processing"" of electromagnetic data using underwater electromagnetic receivers specified in 6A006.e.;"
compliance_code_eu_225159,6D003.f.4.,product_trade_compliance.regime_eu_dual,"""Source code"" for ""real time processing"" of electromagnetic data using underwater electromagnetic receivers specified in 6A006.e.;"
compliance_code_eu_225160,6D003.g.,product_trade_compliance.regime_eu_dual,"""Software"" specially designed to correct motional influences of gravity meters or gravity gradiometers;"
compliance_code_eu_225161,6D003.h.,product_trade_compliance.regime_eu_dual,"""Software"" as follows:"
compliance_code_eu_225162,6D003.h.1.,product_trade_compliance.regime_eu_dual,"Air Traffic Control (ATC) ""software"" designed to be hosted on general purpose computers located at Air Traffic Control centres and capable of accepting radar target data from more than four primary radars;"
compliance_code_eu_225163,6D003.h.2.,product_trade_compliance.regime_eu_dual,"""Software"" for the design or ""production"" of radomes having all of the following: a. Specially designed to protect the electronically scanned array antennae specified in 6A008.e.; and b. Resulting in an antenna pattern having an ‘average side lobe level’ more than 40 dB below the peak of the main beam level."
compliance_code_eu_225164,6D102,product_trade_compliance.regime_eu_dual,"""Software"" specially designed or modified for the ""use"" of goods specified in 6A108."
compliance_code_eu_225165,6D103,product_trade_compliance.regime_eu_dual,"""Software"" which processes post-flight, recorded data, enabling determination of vehicle position throughout its flight path, specially designed or modified for ‘missiles’."
compliance_code_eu_225166,6D203,product_trade_compliance.regime_eu_dual,"""Software"" specially designed to enhance or release the performance of cameras or imaging devices to meet the characteristics of 6A203.a. to 6A203.c."
compliance_code_eu_225167,6E,product_trade_compliance.regime_eu_dual,Technology
compliance_code_eu_225168,6E001,product_trade_compliance.regime_eu_dual,"""Technology"" according to the General Technology Note for the ""development"" of equipment, materials or ""software"" specified in 6A, 6B, 6C or 6D."
compliance_code_eu_225169,6E002,product_trade_compliance.regime_eu_dual,"""Technology"" according to the General Technology Note for the ""production"" of equipment or materials specified in 6A, 6B or 6C."
compliance_code_eu_225170,6E003,product_trade_compliance.regime_eu_dual,"Other ""technology"" as follows:"
compliance_code_eu_225171,6E003.a.,product_trade_compliance.regime_eu_dual,"""Technology"" as follows:"
compliance_code_eu_225172,6E003.a.1.,product_trade_compliance.regime_eu_dual,"""Technology""""required"" for the coating and treatment of optical surfaces to achieve an ‘optical thickness’ uniformity of 99,5 % or better for optical coatings 500 mm or more in diameter or major axis length and with a total loss (absorption and scatter) of less than 5 × 10^–3;"
compliance_code_eu_225173,6E003.a.2.,product_trade_compliance.regime_eu_dual,"""Technology"" for the fabrication of optics using single point diamond turning techniques to produce surface finish ""accuracies"" of less(better) than 10 nm rms on non-planar surfaces exceeding 0,5 m^2;"
compliance_code_eu_225174,6E003.b.,product_trade_compliance.regime_eu_dual,"""Technology""""required"" for the ""development"", ""production"" or ""use"" of specially designed diagnostic instruments or targets in test facilities for ""SHPL"" testing or testing or evaluation of materials irradiated by ""SHPL"" beams;"
compliance_code_eu_225175,6E101,product_trade_compliance.regime_eu_dual,"""Technology"" according to the General Technology Note for the ""use"" of equipment or ""software"" specified in 6A002, 6A007.b. and .c., 6A008, 6A102, 6A107, 6A108, 6B108, 6D102 or 6D103."
compliance_code_eu_225176,6E201,product_trade_compliance.regime_eu_dual,"""Technology"" according to the General Technology Note for the ""use"" of equipment specified in 6A003, 6A005.a.2., 6A005.b.2., 6A005.b.3., 6A005.b.4., 6A005.b.6., 6A005.c.2., 6A005.d.3.c., 6A005.d.4.c., 6A202, 6A203, 6A205, 6A225 or 6A226."
compliance_code_eu_225177,6E203,product_trade_compliance.regime_eu_dual,"""Technology"", in the form of codes or keys, to enhance or release the performance of cameras or imaging devices to meet the characteristics of 6A203.a. to 6A203.c."
compliance_code_eu_225178,7,product_trade_compliance.regime_eu_dual,CATEGORY 7 - NAVIGATION AND AVIONICS
compliance_code_eu_225179,7A,product_trade_compliance.regime_eu_dual,"Systems, Equipment and Components"
compliance_code_eu_225180,7A001,product_trade_compliance.regime_eu_dual,Accelerometers as follows and specially designed components therefor:
compliance_code_eu_225181,7A001.a.,product_trade_compliance.regime_eu_dual,Linear accelerometers having any of the following:
compliance_code_eu_225182,7A001.a.1.,product_trade_compliance.regime_eu_dual,Specified to function at linear acceleration levels less than or equal to 15 g and having any of the following:
compliance_code_eu_225183,7A001.a.1.a.,product_trade_compliance.regime_eu_dual,"A ""bias""""stability"" of less (better) than 130 micro g with respect to a fixed calibration value over a period of one year; or"
compliance_code_eu_225184,7A001.a.1.b.,product_trade_compliance.regime_eu_dual,"A ""scale factor""""stability"" of less (better) than 130 ppm with respect to a fixed calibration value over a period of one year;"
compliance_code_eu_225185,7A001.a.2.,product_trade_compliance.regime_eu_dual,"Specified to function at linear acceleration levels exceeding 15 g but less than or equal to 100 g and having all of the following: a. A ""bias""""repeatability"" of less (better) than 1 250 micro g over a period of one year; and b. A ""scale factor""""repeatability"" of less (better) than 1 250 ppm over a period of one year; or"
compliance_code_eu_225186,7A001.a.3.,product_trade_compliance.regime_eu_dual,Designed for use in inertial navigation or guidance systems and specified to function at linear acceleration levels exceeding 100 g;
compliance_code_eu_225187,7A001.b.,product_trade_compliance.regime_eu_dual,"Angular or rotational accelerometers, specified to function at linear acceleration levels exceeding 100 g."
compliance_code_eu_225188,7A002,product_trade_compliance.regime_eu_dual,"Gyros or angular rate sensors, having any of the following and specially designed components therefor:"
compliance_code_eu_225189,7A002.a.,product_trade_compliance.regime_eu_dual,Specified to function at linear acceleration levels less than or equal to 100 g and having any of the following:
compliance_code_eu_225190,7A002.a.1.,product_trade_compliance.regime_eu_dual,An angular rate range of less than 500 degrees per second and having any of the following:
compliance_code_eu_225191,7A002.a.1.a.,product_trade_compliance.regime_eu_dual,"A ""bias""""stability"" of less (better) than 0,5 degree per hour, when measured in a 1 g environment over a period of one month, and with respect to a fixed calibration value; or"
compliance_code_eu_225192,7A002.a.1.b.,product_trade_compliance.regime_eu_dual,"An ""angle random walk"" of less (better) than or equal to 0,0035 degree per square root hour; or"
compliance_code_eu_225193,7A002.a.2.,product_trade_compliance.regime_eu_dual,An angular rate range greater than or equal to 500 degrees per second and having any of the following:
compliance_code_eu_225194,7A002.a.2.a.,product_trade_compliance.regime_eu_dual,"A ""bias""""stability"" of less (better) than 4 degrees per hour, when measured in a 1 g environment over a period of three minutes, and with respect to a fixed calibration value; or"
compliance_code_eu_225195,7A002.a.2.b.,product_trade_compliance.regime_eu_dual,"An ""angle random walk"" of less (better) than or equal to 0,1 degree per square root hour; or"
compliance_code_eu_225196,7A002.b.,product_trade_compliance.regime_eu_dual,Specified to function at linear acceleration levels exceeding 100 g.
compliance_code_eu_225197,7A003,product_trade_compliance.regime_eu_dual,"‘Inertial measurement equipment or systems’, having any of the following:"
compliance_code_eu_225198,7A003.a.,product_trade_compliance.regime_eu_dual,"Designed for ""aircraft"", land vehicles or vessels, providing position without the use of ‘positional aiding references’, and having any of the following ""accuracies"" subsequent to normal alignment:"
compliance_code_eu_225199,7A003.a.1.,product_trade_compliance.regime_eu_dual,"0,8 nautical miles per hour (nm/hr) ""Circular Error Probable"" (""CEP"") rate or less (better);"
compliance_code_eu_225200,7A003.a.2.,product_trade_compliance.regime_eu_dual,"0,5 % distanced travelled ""CEP"" or less (better); or"
compliance_code_eu_225201,7A003.a.3.,product_trade_compliance.regime_eu_dual,"Total drift of 1 nautical mile ""CEP"" or less (better) in a 24 hr period;"
compliance_code_eu_225202,7A003.b.,product_trade_compliance.regime_eu_dual,"Designed for ""aircraft"", land vehicles or vessels, with an embedded ‘positional aiding reference’ and providing position after loss of all ‘positional aiding references’ for a period of up to 4 minutes, having an ""accuracy"" of less (better) than 10 meters ""CEP"";"
compliance_code_eu_225203,7A003.c.,product_trade_compliance.regime_eu_dual,"Designed for ""aircraft"", land vehicles or vessels, providing heading or True North determination and having any of the following:"
compliance_code_eu_225204,7A003.c.1.,product_trade_compliance.regime_eu_dual,"A maximum operating angular rate less (lower) than 500 deg/s and a heading ""accuracy"" without the use of ‘positional aiding references’ equal to or less (better) than 0,07 deg sec(Lat) (equivalent to 6 arc minutes rms at 45 degrees latitude); or"
compliance_code_eu_225205,7A003.c.2.,product_trade_compliance.regime_eu_dual,"A maximum operating angular rate equal to or greater (higher) than 500 deg/s and a heading ""accuracy"" without the use of ‘positional aiding references’ equal to or less (better) than 0,2 deg sec(Lat) (equivalent to 17 arc minutes rms at 45 degrees latitude); or"
compliance_code_eu_225206,7A003.d.,product_trade_compliance.regime_eu_dual,"Providing acceleration measurements or angular rate measurements, in more than one dimension, and having any of the following:"
compliance_code_eu_225207,7A003.d.1.,product_trade_compliance.regime_eu_dual,"Performance specified in 7A001 or 7A002 along any axis, without the use of any aiding references; or"
compliance_code_eu_225208,7A003.d.2.,product_trade_compliance.regime_eu_dual,"Being ""space-qualified"" and providing angular rate measurements having an ""angle random walk"" along any axis of less (better) than or equal to 0,1 degree per square root hour."
compliance_code_eu_225209,7A004,product_trade_compliance.regime_eu_dual,"‘Star trackers’ and components therefor, as follows:"
compliance_code_eu_225210,7A004.a.,product_trade_compliance.regime_eu_dual,"‘Star trackers’ with a specified azimuth ""accuracy"" of equal to or less (better) than 20 seconds of arc throughout the specified lifetime of the equipment;"
compliance_code_eu_225211,7A004.b.,product_trade_compliance.regime_eu_dual,Components specially designed for equipment specified in 7A004.a. as follows:
compliance_code_eu_225212,7A004.b.1.,product_trade_compliance.regime_eu_dual,Optical heads or baffles;
compliance_code_eu_225213,7A004.b.2.,product_trade_compliance.regime_eu_dual,Data processing units.
compliance_code_eu_225214,7A005,product_trade_compliance.regime_eu_dual,"""Satellite navigation system"" receiving equipment having any of the following and specially designed components therefor:"
compliance_code_eu_225215,7A005.a.,product_trade_compliance.regime_eu_dual,Employing a decryption algorithm specially designed or modified for government use to access the ranging code for position and time; or
compliance_code_eu_225216,7A005.b.,product_trade_compliance.regime_eu_dual,Employing ‘adaptive antenna systems’.
compliance_code_eu_225217,7A006,product_trade_compliance.regime_eu_dual,"Airborne altimeters operating at frequencies other than 4,2 to 4,4 GHz inclusive and having any of the following:"
compliance_code_eu_225218,7A006.a.,product_trade_compliance.regime_eu_dual,‘Power management’; or
compliance_code_eu_225219,7A006.b.,product_trade_compliance.regime_eu_dual,Using phase shift key modulation.
compliance_code_eu_225220,7A008,product_trade_compliance.regime_eu_dual,"Underwater sonar navigation systems using doppler velocity or correlation velocity logs integrated with a heading source and having a positioning ""accuracy"" of equal to or less (better) than 3 % of distance travelled ""Circular Error Probable"" (""CEP"") and specially designed components therefor."
compliance_code_eu_225221,7A101,product_trade_compliance.regime_eu_dual,"Linear accelerometers, other than those specified in 7A001, designed for use in inertial navigation systems or in guidance systems of all types, usable in ‘missiles’, having all of the following characteristics, and specially designed components therefor: a. A ""bias""""repeatability"" of less (better) than 1 250 micro g; and b. A ""scale factor""""repeatability"" of less (better) than 1 250 ppm;"
compliance_code_eu_225222,7A102,product_trade_compliance.regime_eu_dual,"All types of gyros, other than those specified in 7A002, usable in ‘missiles’, with a rated ""drift rate""‘stability’ of less than 0,5o (1 sigma or rms) per hour in a 1 g environment and specially designed components therefor."
compliance_code_eu_225223,7A103,product_trade_compliance.regime_eu_dual,"Instrumentation, navigation equipment and systems, other than those specified in 7A003, as follows; and specially designed components therefor:"
compliance_code_eu_225224,7A103.a.,product_trade_compliance.regime_eu_dual,"‘Inertial measurement equipment or systems’, using accelerometers or gyros as follows:"
compliance_code_eu_225225,7A103.a.1.,product_trade_compliance.regime_eu_dual,"Accelerometers specified in 7A001.a.3., 7A001.b. or 7A101 or gyros specified in 7A002 or 7A102; or"
compliance_code_eu_225226,7A103.a.2.,product_trade_compliance.regime_eu_dual,"Accelerometers specified in 7A001.a.1. or 7A001.a.2., designed for use in inertial navigation systems or in guidance systems of all types, and usable in ‘missiles’;"
compliance_code_eu_225227,7A103.b.,product_trade_compliance.regime_eu_dual,"Integrated flight instrument systems which include gyrostabilisers or automatic pilots, designed or modified for use in ‘missiles’;"
compliance_code_eu_225228,7A103.c.,product_trade_compliance.regime_eu_dual,"‘Integrated navigation systems’, designed or modified for ‘missiles’ and capable of providing a navigational accuracy of 200 m ‘CEP’ or less;"
compliance_code_eu_225229,7A103.d.,product_trade_compliance.regime_eu_dual,"Three axis magnetic heading sensors, designed or modified to be integrated with flight control and navigation systems, other than those specified in 6A006, having all of the following characteristics, and specially designed components therefor: 1. Internal tilt compensation in pitch (± 90 degrees) and roll (± 180 degrees) axes; and 2. Azimuthal accuracy better (less) than 0,5 degrees rms at latitude of ± 80 degrees, reference to local magnetic field."
compliance_code_eu_225230,7A104,product_trade_compliance.regime_eu_dual,"Gyro-astro compasses and other devices, other than those specified in 7A004, which derive position or orientation by means of automatically tracking celestial bodies or satellites and specially designed components therefor."
compliance_code_eu_225231,7A105,product_trade_compliance.regime_eu_dual,"Receiving equipment for navigation satellite systems, other than those specified in 7A005, having any of the following characteristics, and specially designed components therefor:"
compliance_code_eu_225232,7A105.a.,product_trade_compliance.regime_eu_dual,"Designed or modified for use in space launch vehicles specified in 9A004, sounding rockets specified in 9A104 or unmanned aerial vehicles specified in 9A012 or 9A112.a.; or"
compliance_code_eu_225233,7A105.b.,product_trade_compliance.regime_eu_dual,Designed or modified for airborne applications and having any of the following:
compliance_code_eu_225234,7A105.b.1.,product_trade_compliance.regime_eu_dual,Capable of providing navigation information at speeds in excess of 600 m/s;
compliance_code_eu_225235,7A105.b.2.,product_trade_compliance.regime_eu_dual,"Employing decryption, designed or modified for military or governmental services, to gain access to a ‘navigation satellite system’ secured signal/data; or"
compliance_code_eu_225236,7A105.b.3.,product_trade_compliance.regime_eu_dual,"Being specially designed to employ anti-jam features (e.g., null steering antenna or electronically steerable antenna) to function in an environment of active or passive countermeasures."
compliance_code_eu_225237,7A106,product_trade_compliance.regime_eu_dual,"Altimeters, other than those specified in 7A006, of radar or laser radar type, designed or modified for use in space launch vehicles specified in 9A004 or sounding rockets specified in 9A104."
compliance_code_eu_225238,7A115,product_trade_compliance.regime_eu_dual,"Passive sensors for determining bearing to specific electromagnetic source (direction finding equipment) or terrain characteristics, designed or modified for use in space launch vehicles specified in 9A004 or sounding rockets specified in 9A104."
compliance_code_eu_225239,7A116,product_trade_compliance.regime_eu_dual,"Flight control systems and servo valves, as follows; designed or modified for use in space launch vehicles specified in 9A004, sounding rockets specified in 9A104 or ""missiles""."
compliance_code_eu_225240,7A116.a.,product_trade_compliance.regime_eu_dual,"Pneumatic, hydraulic, mechanical, electro-optical, or electro-mechanical flight control systems (including fly-by-wire and fly-by-light systems);"
compliance_code_eu_225241,7A116.b.,product_trade_compliance.regime_eu_dual,Attitude control equipment;
compliance_code_eu_225242,7A116.c.,product_trade_compliance.regime_eu_dual,"Flight control servo valves designed or modified for the systems specified in 7A116.a. or 7A116.b., and designed or modified to operate in a vibration environment greater than 10 g rms between 20 Hz and 2 kHz."
compliance_code_eu_225243,7A117,product_trade_compliance.regime_eu_dual,"""Guidance sets"", usable in ""missiles"" capable of achieving system accuracy of 3,33 % or less of the range (e.g., a ‘CEP’ of 10 km or less at a range of 300 km)."
compliance_code_eu_225244,7B,product_trade_compliance.regime_eu_dual,"Test, Inspection and Production Equipment"
compliance_code_eu_225245,7B001,product_trade_compliance.regime_eu_dual,"Test, calibration or alignment equipment, specially designed for equipment specified in 7A."
compliance_code_eu_225246,7B002,product_trade_compliance.regime_eu_dual,"Equipment specially designed to characterize mirrors for ring ""laser"" gyros, as follows:"
compliance_code_eu_225247,7B002.a.,product_trade_compliance.regime_eu_dual,"Scatterometers having a measurement ""accuracy"" of 10 ppm or less (better);"
compliance_code_eu_225248,7B002.b.,product_trade_compliance.regime_eu_dual,"Profilometers having a measurement ""accuracy"" of 0,5 nm (5 angstrom) or less (better)."
compliance_code_eu_225249,7B003,product_trade_compliance.regime_eu_dual,"Equipment specially designed for the ""production"" of equipment specified in 7A."
compliance_code_eu_225250,7B102,product_trade_compliance.regime_eu_dual,"Reflectometers specially designed to characterise mirrors, for ""laser"" gyros, having a measurement accuracy of 50 ppm or less (better)."
compliance_code_eu_225251,7B103,product_trade_compliance.regime_eu_dual,"""Production facilities"" and ""production equipment"" as follows:"
compliance_code_eu_225252,7B103.a.,product_trade_compliance.regime_eu_dual,"""Production facilities"" specially designed for equipment specified in 7A117;"
compliance_code_eu_225253,7B103.b.,product_trade_compliance.regime_eu_dual,"""Production equipment"", and other test, calibration and alignment equipment, other than that specified in 7B001 to 7B003, designed or modified to be used with equipment specified in 7A."
compliance_code_eu_225254,7C,product_trade_compliance.regime_eu_dual,Materials
compliance_code_eu_225255,7D,product_trade_compliance.regime_eu_dual,Software
compliance_code_eu_225256,7D001,product_trade_compliance.regime_eu_dual,"""Software"" specially designed or modified for the ""development"" or ""production"" of equipment specified in 7A or 7B."
compliance_code_eu_225257,7D002,product_trade_compliance.regime_eu_dual,"""Source code"" for the operation or maintenance of any inertial navigation equipment, including inertial equipment not specified in 7A003 or 7A004, or Attitude and Heading Reference Systems (‘AHRS’)."
compliance_code_eu_225258,7D003,product_trade_compliance.regime_eu_dual,"Other ""software"" as follows:"
compliance_code_eu_225259,7D003.a.,product_trade_compliance.regime_eu_dual,"""Software"" specially designed or modified to improve the operational performance or reduce the navigational error of systems to the levels specified in 7A003, 7A004 or 7A008;"
compliance_code_eu_225260,7D003.b.,product_trade_compliance.regime_eu_dual,"""Source code"" for hybrid integrated systems which improves the operational performance or reduces the navigational error of systems to the level specified in 7A003 or 7A008 by continuously combining heading data with any of the following:"
compliance_code_eu_225261,7D003.b.1.,product_trade_compliance.regime_eu_dual,Doppler radar or sonar velocity data;
compliance_code_eu_225262,7D003.b.2.,product_trade_compliance.regime_eu_dual,"""Satellite navigation system"" reference data; or"
compliance_code_eu_225263,7D003.b.3.,product_trade_compliance.regime_eu_dual,"Data from ""Data-Based Referenced Navigation"" (""DBRN"") systems;"
compliance_code_eu_225264,7D003.c.,product_trade_compliance.regime_eu_dual,Not used;
compliance_code_eu_225265,7D003.d.,product_trade_compliance.regime_eu_dual,Not used;
compliance_code_eu_225266,7D003.e.,product_trade_compliance.regime_eu_dual,"Computer-Aided-Design (CAD) ""software"" specially designed for the ""development"" of ""active flight control systems"", helicopter multi-axis fly-by-wire or fly-by-light controllers or helicopter ""circulation-controlled anti-torque or circulation-controlled direction control systems"", whose ""technology"" is specified in 7E004.b.1., 7E004.b.3. to 7E004.b.5., 7E004.b.7., 7E004.b.8., 7E004.c.1. or 7E004.c.2."
compliance_code_eu_225267,7D004,product_trade_compliance.regime_eu_dual,"""Source code"" incorporating ""development""""technology"" specified in 7E004.a.2., 7E004.a.3., 7E004.a.5., 7E004.a.6. or 7E004.b., for any of the following:"
compliance_code_eu_225268,7D004.a.,product_trade_compliance.regime_eu_dual,"Digital flight management systems for ""total control of flight"";"
compliance_code_eu_225269,7D004.b.,product_trade_compliance.regime_eu_dual,Integrated propulsion and flight control systems;
compliance_code_eu_225270,7D004.c.,product_trade_compliance.regime_eu_dual,"""Fly-by-wire systems"" or ""fly-by-light systems"";"
compliance_code_eu_225271,7D004.d.,product_trade_compliance.regime_eu_dual,"Fault-tolerant or self-reconfiguring ""active flight control systems"";"
compliance_code_eu_225272,7D004.e.,product_trade_compliance.regime_eu_dual,Not used;
compliance_code_eu_225273,7D004.f.,product_trade_compliance.regime_eu_dual,Air data systems based on surface static data; or
compliance_code_eu_225274,7D004.g.,product_trade_compliance.regime_eu_dual,Three dimensional displays.
compliance_code_eu_225275,7D005,product_trade_compliance.regime_eu_dual,"""Software"" specially designed to decrypt ""satellite navigation system"" ranging code designed for government use."
compliance_code_eu_225276,7D101,product_trade_compliance.regime_eu_dual,"""Software"" specially designed or modified for the ""use"" of equipment specified in 7A001 to 7A006, 7A101 to 7A106, 7A115, 7A116.a., 7A116.b., 7B001, 7B002, 7B003, 7B102 or 7B103."
compliance_code_eu_225277,7D102,product_trade_compliance.regime_eu_dual,"Integration ""software"" as follows:"
compliance_code_eu_225278,7D102.a.,product_trade_compliance.regime_eu_dual,"Integration ""software"" for the equipment specified in 7A103.b.;"
compliance_code_eu_225279,7D102.b.,product_trade_compliance.regime_eu_dual,"Integration ""software"" specially designed for the equipment specified in 7A003 or 7A103.a.;"
compliance_code_eu_225280,7D102.c.,product_trade_compliance.regime_eu_dual,"Integration ""software"" designed or modified for the equipment specified in 7A103.c."
compliance_code_eu_225281,7D103,product_trade_compliance.regime_eu_dual,"""Software"" specially designed for modelling or simulation of the ""guidance sets"" specified in 7A117 or for their design integration with the space launch vehicles specified in 9A004 or sounding rockets specified in 9A104."
compliance_code_eu_225282,7D104,product_trade_compliance.regime_eu_dual,"""Software"" specially designed or modified for the operation or maintenance of ""guidance sets"" specified in 7A117."
compliance_code_eu_225283,7E,product_trade_compliance.regime_eu_dual,Technology
compliance_code_eu_225284,7E001,product_trade_compliance.regime_eu_dual,"""Technology"" according to the General Technology Note for the ""development"" of equipment or ""software"", specified in 7A, 7B, 7D001, 7D002, 7D003, 7D005 and 7D101 to 7D103."
compliance_code_eu_225285,7E002,product_trade_compliance.regime_eu_dual,"""Technology"" according to the General Technology Note for the ""production"" of equipment specified in 7A or 7B."
compliance_code_eu_225286,7E003,product_trade_compliance.regime_eu_dual,"""Technology"" according to the General Technology Note for the repair, refurbishing or overhaul of equipment specified in 7A001 to 7A004."
compliance_code_eu_225287,7E004,product_trade_compliance.regime_eu_dual,"Other ""technology"" as follows:"
compliance_code_eu_225288,7E004.a.,product_trade_compliance.regime_eu_dual,"""Technology"" for the ""development"" or ""production"" of any of the following:"
compliance_code_eu_225289,7E004.a.1.,product_trade_compliance.regime_eu_dual,Not used;
compliance_code_eu_225290,7E004.a.2.,product_trade_compliance.regime_eu_dual,"Air data systems based on surface static data only, i.e., which dispense with conventional air data probes;"
compliance_code_eu_225291,7E004.a.3.,product_trade_compliance.regime_eu_dual,"Three dimensional displays for ""aircraft"";"
compliance_code_eu_225292,7E004.a.4.,product_trade_compliance.regime_eu_dual,Not used;
compliance_code_eu_225293,7E004.a.5.,product_trade_compliance.regime_eu_dual,"Electric actuators (i.e., electromechanical, electrohydrostatic and integrated actuator package) specially designed for ‘primary flight control’;"
compliance_code_eu_225294,7E004.a.6.,product_trade_compliance.regime_eu_dual,"‘Flight control optical sensor array’ specially designed for implementing ""active flight control systems""; or"
compliance_code_eu_225295,7E004.a.7.,product_trade_compliance.regime_eu_dual,"""DBRN"" systems designed to navigate underwater, using sonar or gravity databases, that provide a positioning ""accuracy"" equal to or less (better) than 0,4 nautical miles;"
compliance_code_eu_225296,7E004.b.,product_trade_compliance.regime_eu_dual,"""Development""""technology"", as follows, for ""active flight control systems"" (including ""fly-by-wire systems"" or ""fly-by-light systems""):"
compliance_code_eu_225297,7E004.b.1.,product_trade_compliance.regime_eu_dual,"Photonic-based ""technology"" for sensing ""aircraft"" or flight control component state, transferring flight control data, or commanding actuator movement, ""required"" for ""fly-by-light systems""""active flight control systems"";"
compliance_code_eu_225298,7E004.b.2.,product_trade_compliance.regime_eu_dual,Not used;
compliance_code_eu_225299,7E004.b.3.,product_trade_compliance.regime_eu_dual,"Real-time algorithms to analyse component sensor information to predict and preemptively mitigate impending degradation and failures of components within an ""active flight control system"";"
compliance_code_eu_225300,7E004.b.4.,product_trade_compliance.regime_eu_dual,"Real-time algorithms to identify component failures and reconfigure force and moment controls to mitigate ""active flight control system"" degradations and failures;"
compliance_code_eu_225301,7E004.b.5.,product_trade_compliance.regime_eu_dual,"Integration of digital flight control, navigation and propulsion control data, into a digital flight management system for ""total control of flight"";"
compliance_code_eu_225302,7E004.b.6.,product_trade_compliance.regime_eu_dual,Not used;
compliance_code_eu_225303,7E004.b.7.,product_trade_compliance.regime_eu_dual,"""Technology""""required"" for deriving the functional requirements for ""fly-by-wire systems"" having all of the following: a. ‘Inner-loop’ airframe stability controls requiring loop closure rates of 40 Hz or greater; and b. Having any of the following: 1. Corrects an aerodynamically unstable airframe, measured at any point in the design flight envelope, that would lose recoverable control if not corrected within 0,5 seconds;  2. Couples controls in two or more axes while compensating for ‘abnormal changes in aircraft state’; 3. Performs the functions specified in 7E004.b.5.; or 4. Enables ""aircraft"" to have stable controlled flight, other than during take-off or landing, at greater than 18 degrees angle of attack, 15 degrees side slip, 15 degrees/second pitch or yaw rate, or 90 degrees/second roll rate;"
compliance_code_eu_225304,7E004.b.8.,product_trade_compliance.regime_eu_dual,"""Technology""""required"" for deriving the functional requirements for ""fly-by-wire systems"" to achieve all of the following: a. No loss of control of the ""aircraft"" in the event of a consecutive sequence of any two individual faults within the ""fly-by-wire system""; and b. Probability of loss of control of the ""aircraft"" being less (better) than 1 × 10^-9 failures per flight hour;"
compliance_code_eu_225305,7E004.c.,product_trade_compliance.regime_eu_dual,"""Technology"" for the ""development"" of helicopter systems, as follows:"
compliance_code_eu_225306,7E004.c.1.,product_trade_compliance.regime_eu_dual,"Multi-axis fly-by-wire or fly-by-light controllers, which combine the functions of at least two of the following into one controlling element: a. Collective controls; b. Cyclic controls; c. Yaw controls;"
compliance_code_eu_225307,7E004.c.2.,product_trade_compliance.regime_eu_dual,"""Circulation-controlled anti-torque or circulation-controlled direction control systems"";"
compliance_code_eu_225308,7E004.c.3.,product_trade_compliance.regime_eu_dual,"Rotor blades incorporating ‘variable geometry aerofoils’, for use in systems using individual blade control."
compliance_code_eu_225309,7E101,product_trade_compliance.regime_eu_dual,"""Technology"" according to the General Technology Note for the ""use"" of equipment specified in 7A001 to 7A006, 7A101 to 7A106, 7A115 to 7A117, 7B001, 7B002, 7B003, 7B102, 7B103, 7D101 to 7D103."
compliance_code_eu_225310,7E102,product_trade_compliance.regime_eu_dual,"""Technology"" for protection of avionics and electrical subsystems against electromagnetic pulse (EMP) and electromagnetic interference (EMI) hazards, from external sources, as follows:"
compliance_code_eu_225311,7E102.a.,product_trade_compliance.regime_eu_dual,"Design ""technology"" for shielding systems;"
compliance_code_eu_225312,7E102.b.,product_trade_compliance.regime_eu_dual,"Design ""technology"" for the configuration of hardened electrical circuits and subsystems;"
compliance_code_eu_225313,7E102.c.,product_trade_compliance.regime_eu_dual,"Design ""technology"" for the determination of hardening criteria of 7E102.a. and 7E102.b."
compliance_code_eu_225314,7E104,product_trade_compliance.regime_eu_dual,"""Technology"" for the integration of the flight control, guidance, and propulsion data into a flight management system for optimisation of rocket system trajectory."
compliance_code_eu_225315,8,product_trade_compliance.regime_eu_dual,CATEGORY 8 - MARINE
compliance_code_eu_225316,8A,product_trade_compliance.regime_eu_dual,"Systems, Equipment and Components"
compliance_code_eu_225317,8A001,product_trade_compliance.regime_eu_dual,"Submersible vehicles and surface vessels, as follows:"
compliance_code_eu_225318,8A001.a.,product_trade_compliance.regime_eu_dual,"Manned, tethered submersible vehicles designed to operate at depths exceeding 1 000 m;"
compliance_code_eu_225319,8A001.b.,product_trade_compliance.regime_eu_dual,"Manned, untethered submersible vehicles having any of the following:"
compliance_code_eu_225320,8A001.b.1.,product_trade_compliance.regime_eu_dual,Designed to ‘operate autonomously’ and having a lifting capacity of all of the following: a. 10 % or more of their weight in air; and b. 15 kN or more;
compliance_code_eu_225321,8A001.b.2.,product_trade_compliance.regime_eu_dual,Designed to operate at depths exceeding 1 000 m; or
compliance_code_eu_225322,8A001.b.3.,product_trade_compliance.regime_eu_dual,Having all of the following: a. Designed to continuously ‘operate autonomously’ for 10 hours or more; and b. ‘Range’ of 25 nautical miles or more;
compliance_code_eu_225323,8A001.c.,product_trade_compliance.regime_eu_dual,"Unmanned submersible vehicles, as follows:"
compliance_code_eu_225324,8A001.c.1.,product_trade_compliance.regime_eu_dual,Unmanned submersible vehicles having any of the following:
compliance_code_eu_225325,8A001.c.1.a.,product_trade_compliance.regime_eu_dual,Designed for deciding a course relative to any geographical reference without real-time human assistance;
compliance_code_eu_225326,8A001.c.1.b.,product_trade_compliance.regime_eu_dual,Acoustic data or command link; or
compliance_code_eu_225327,8A001.c.1.c.,product_trade_compliance.regime_eu_dual,Wireless optical data or command link exceeding 1 000 m;
compliance_code_eu_225328,8A001.c.2.,product_trade_compliance.regime_eu_dual,"Unmanned submersible vehicles, not specified in 8A001.c.1., having all of the following: a. Designed to operate with a tether; b. Designed to operate at depths exceeding 1 000 m; c. Having any of the following: 1. Designed for self-propelled manoeuvre using propulsion motors or thrusters specified in 8A002.a.2.; or 2. Fibre optic data link;"
compliance_code_eu_225329,8A001.d.,product_trade_compliance.regime_eu_dual,Not used;
compliance_code_eu_225330,8A001.e.,product_trade_compliance.regime_eu_dual,Ocean salvage systems with a lifting capacity exceeding 5 MN for salvaging objects from depths exceeding 250 m and having any of the following:
compliance_code_eu_225331,8A001.e.1.,product_trade_compliance.regime_eu_dual,Dynamic positioning systems capable of position keeping within 20 m of a given point provided by the navigation system; or
compliance_code_eu_225332,8A001.e.2.,product_trade_compliance.regime_eu_dual,"Seafloor navigation and navigation integration systems, for depths exceeding 1 000 m and with positioning ""accuracies"" to within 10 m of a predetermined point;"
compliance_code_eu_225333,8A001.f.,product_trade_compliance.regime_eu_dual,Not used;
compliance_code_eu_225334,8A001.g.,product_trade_compliance.regime_eu_dual,Not used;
compliance_code_eu_225335,8A001.h.,product_trade_compliance.regime_eu_dual,Not used;
compliance_code_eu_225336,8A001.i.,product_trade_compliance.regime_eu_dual,Not used.
compliance_code_eu_225337,8A002,product_trade_compliance.regime_eu_dual,"Marine systems, equipment and components, as follows:"
compliance_code_eu_225338,8A002.a.,product_trade_compliance.regime_eu_dual,"Systems, equipment and components, specially designed or modified for submersible vehicles and designed to operate at depths exceeding 1 000 m, as follows:"
compliance_code_eu_225339,8A002.a.1.,product_trade_compliance.regime_eu_dual,"Pressure housings or pressure hulls with a maximum inside chamber diameter exceeding 1,5 m;"
compliance_code_eu_225340,8A002.a.2.,product_trade_compliance.regime_eu_dual,Direct current propulsion motors or thrusters;
compliance_code_eu_225341,8A002.a.3.,product_trade_compliance.regime_eu_dual,"Umbilical cables, and connectors therefor, using optical fibre and having synthetic strength members;"
compliance_code_eu_225342,8A002.a.4.,product_trade_compliance.regime_eu_dual,Components manufactured from material specified in 8C001;
compliance_code_eu_225343,8A002.b.,product_trade_compliance.regime_eu_dual,"Systems specially designed or modified for the automated control of the motion of submersible vehicles specified in 8A001, using navigation data, having closed loop servo-controls and having any of the following:"
compliance_code_eu_225344,8A002.b.1.,product_trade_compliance.regime_eu_dual,Enabling a vehicle to move within 10 m of a predetermined point in the water column;
compliance_code_eu_225345,8A002.b.2.,product_trade_compliance.regime_eu_dual,Maintaining the position of the vehicle within 10 m of a predetermined point in the water column; or
compliance_code_eu_225346,8A002.b.3.,product_trade_compliance.regime_eu_dual,Maintaining the position of the vehicle within 10 m while following a cable on or under the seabed;
compliance_code_eu_225347,8A002.c.,product_trade_compliance.regime_eu_dual,Fibre optic pressure hull penetrators;
compliance_code_eu_225348,8A002.d.,product_trade_compliance.regime_eu_dual,Underwater vision systems having all of the following: 1. Specially designed or modified for remote operation with an submersible vehicle; and 2. Employing any of the following techniques to minimise the effects of back scatter: a. Range-gated illuminators; or b. Range-gated laser systems;
compliance_code_eu_225349,8A002.e.,product_trade_compliance.regime_eu_dual,Not used;
compliance_code_eu_225350,8A002.f.,product_trade_compliance.regime_eu_dual,Not used;
compliance_code_eu_225351,8A002.g.,product_trade_compliance.regime_eu_dual,"Light systems specially designed or modified for underwater use, as follows:"
compliance_code_eu_225352,8A002.g.1.,product_trade_compliance.regime_eu_dual,Stroboscopic light systems capable of a light output energy of more than 300 J per flash and a flash rate of more than 5 flashes per second;
compliance_code_eu_225353,8A002.g.2.,product_trade_compliance.regime_eu_dual,Argon arc light systems specially designed for use below 1 000 m;
compliance_code_eu_225354,8A002.h.,product_trade_compliance.regime_eu_dual,"""Robots"" specially designed for underwater use, controlled by using a dedicated computer and having any of the following:"
compliance_code_eu_225355,8A002.h.1.,product_trade_compliance.regime_eu_dual,"Systems that control the ""robot"" using information from sensors which measure force or torque applied to an external object, distance to an external object, or tactile sense between the ""robot"" and an external object; or"
compliance_code_eu_225356,8A002.h.2.,product_trade_compliance.regime_eu_dual,"The ability to exert a force of 250 N or more or a torque of 250 Nm or more and using titanium based alloys or ""composite""""fibrous or filamentary materials"" in their structural members;"
compliance_code_eu_225357,8A002.i.,product_trade_compliance.regime_eu_dual,Remotely controlled articulated manipulators specially designed or modified for use with submersible vehicles and having any of the following:
compliance_code_eu_225358,8A002.i.1.,product_trade_compliance.regime_eu_dual,Systems which control the manipulator using information from sensors which measure any of the following:
compliance_code_eu_225359,8A002.i.1.a.,product_trade_compliance.regime_eu_dual,Torque or force applied to an external object; or
compliance_code_eu_225360,8A002.i.1.b.,product_trade_compliance.regime_eu_dual,Tactile sense between the manipulator and an external object; or
compliance_code_eu_225361,8A002.i.2.,product_trade_compliance.regime_eu_dual,Controlled by proportional master-slave techniques and having 5 degrees of ‘freedom of movement’ or more;
compliance_code_eu_225362,8A002.j.,product_trade_compliance.regime_eu_dual,"Air independent power systems specially designed for underwater use, as follows:"
compliance_code_eu_225363,8A002.j.1.,product_trade_compliance.regime_eu_dual,Brayton or Rankine cycle engine air independent power systems having any of the following:
compliance_code_eu_225364,8A002.j.1.a.,product_trade_compliance.regime_eu_dual,"Chemical scrubber or absorber systems, specially designed to remove carbon dioxide, carbon monoxide and particulates from recirculated engine exhaust;"
compliance_code_eu_225365,8A002.j.1.b.,product_trade_compliance.regime_eu_dual,Systems specially designed to use a monoatomic gas;
compliance_code_eu_225366,8A002.j.1.c.,product_trade_compliance.regime_eu_dual,"Devices or enclosures, specially designed for underwater noise reduction in frequencies below 10 kHz, or special mounting devices for shock mitigation; or"
compliance_code_eu_225367,8A002.j.1.d.,product_trade_compliance.regime_eu_dual,Systems having all of the following: 1. Specially designed to pressurise the products of reaction or for fuel reformation; 2. Specially designed to store the products of the reaction; and 3. Specially designed to discharge the products of the reaction against a pressure of 100 kPa or more;
compliance_code_eu_225368,8A002.j.2.,product_trade_compliance.regime_eu_dual,"Diesel cycle engine air independent systems having all of the following: a. Chemical scrubber or absorber systems, specially designed to remove carbon dioxide, carbon monoxide and particulates from recirculated engine exhaust; b. Systems specially designed to use a monoatomic gas; c. Devices or enclosures, specially designed for underwater noise reduction in frequencies below 10 kHz, or special mounting devices for shock mitigation; and d. Specially designed exhaust systems that do not exhaust continuously the products of combustion;"
compliance_code_eu_225369,8A002.j.3.,product_trade_compliance.regime_eu_dual,"""Fuel cell"" air independent power systems with an output exceeding 2 kW and having any of the following:"
compliance_code_eu_225370,8A002.j.3.a.,product_trade_compliance.regime_eu_dual,"Devices or enclosures, specially designed for underwater noise reduction in frequencies below 10 kHz, or special mounting devices for shock mitigation; or"
compliance_code_eu_225371,8A002.j.3.b.,product_trade_compliance.regime_eu_dual,Systems having all of the following: 1. Specially designed to pressurise the products of reaction or for fuel reformation; 2. Specially designed to store the products of the reaction; and 3. Specially designed to discharge the products of the reaction against a pressure of 100 kPa or more;
compliance_code_eu_225372,8A002.j.4.,product_trade_compliance.regime_eu_dual,"Stirling cycle engine air independent power systems having all of the following: a. Devices or enclosures, specially designed for underwater noise reduction in frequencies below 10 kHz, or special mounting devices for shock mitigation; and b. Specially designed exhaust systems which discharge the products of combustion against a pressure of 100 kPa or more;"
compliance_code_eu_225373,8A002.k.,product_trade_compliance.regime_eu_dual,Not used;
compliance_code_eu_225374,8A002.l.,product_trade_compliance.regime_eu_dual,Not used;
compliance_code_eu_225375,8A002.m.,product_trade_compliance.regime_eu_dual,Not used;
compliance_code_eu_225376,8A002.n.,product_trade_compliance.regime_eu_dual,Not used;
compliance_code_eu_225377,8A002.o.,product_trade_compliance.regime_eu_dual,"Propellers, power transmission systems, power generation systems and noise reduction systems and related equipment, as follows:"
compliance_code_eu_225378,8A002.o.1.,product_trade_compliance.regime_eu_dual,Not used
compliance_code_eu_225379,8A002.o.2.,product_trade_compliance.regime_eu_dual,"Water-screw propeller, power generation systems or transmission systems, designed for use on vessels, as follows:"
compliance_code_eu_225380,8A002.o.2.a.,product_trade_compliance.regime_eu_dual,"Controllable-pitch propellers and hub assemblies, rated at more than 30 MW;"
compliance_code_eu_225381,8A002.o.2.b.,product_trade_compliance.regime_eu_dual,"Internally liquid-cooled electric propulsion motors with a power output exceeding 2,5 MW;"
compliance_code_eu_225382,8A002.o.2.c.,product_trade_compliance.regime_eu_dual,"""Superconductive"" propulsion motors, with a power output exceeding 0,1 MW;"
compliance_code_eu_225383,8A002.o.2.d.,product_trade_compliance.regime_eu_dual,"Power transmission systems incorporating ""composite"" shafts and designed to transmit power exceeding 10 MW;"
compliance_code_eu_225384,8A002.o.2.e.,product_trade_compliance.regime_eu_dual,"Ventilated or base-ventilated propeller systems, rated at more than 2,5 MW;"
compliance_code_eu_225385,8A002.o.3.,product_trade_compliance.regime_eu_dual,"Noise reduction systems and related equipment, designed for use on vessels of 1 000 tonnes displacement or more, as follows:"
compliance_code_eu_225386,8A002.o.3.a.,product_trade_compliance.regime_eu_dual,"Systems that attenuate underwater noise at frequencies below 500 Hz and consist of compound acoustic mounts for the acoustic isolation of diesel engines, diesel generator sets, gas turbines, gas turbine generator sets, propulsion motors or propulsion reduction gears, specially designed for sound or vibration isolation and having an intermediate mass exceeding 30 % of the equipment to be mounted;"
compliance_code_eu_225387,8A002.o.3.b.,product_trade_compliance.regime_eu_dual,"‘Active noise reduction or cancellation systems’ or magnetic bearings, specially designed for power transmission systems;"
compliance_code_eu_225388,8A002.o.4,product_trade_compliance.regime_eu_dual,"Permanent magnet electric propulsion motors specially designed for submersible vehicles, having a power output exceeding 0.1 MW."
compliance_code_eu_225389,8A002.p.,product_trade_compliance.regime_eu_dual,"Pumpjet propulsion systems having all of the following: 1. Power output exceeding 2,5 MW; and 2. Using divergent nozzle and flow conditioning vane techniques to improve propulsive efficiency or reduce propulsion-generated underwater-radiated noise;"
compliance_code_eu_225390,8A002.q.,product_trade_compliance.regime_eu_dual,Underwater swimming and diving equipment as follows:
compliance_code_eu_225391,8A002.q.1.,product_trade_compliance.regime_eu_dual,Closed circuit rebreathers;
compliance_code_eu_225392,8A002.q.2.,product_trade_compliance.regime_eu_dual,Semi-closed circuit rebreathers;
compliance_code_eu_225393,8A002.r.,product_trade_compliance.regime_eu_dual,Diver deterrent acoustic systems specially designed or modified to disrupt divers and having a sound pressure level equal to or exceeding 190 dB (reference 1 μPa at 1 m) at frequencies of 200 Hz and below.
compliance_code_eu_225394,8B,product_trade_compliance.regime_eu_dual,"Test, Inspection and Production Equipment"
compliance_code_eu_225395,8B001,product_trade_compliance.regime_eu_dual,"Water tunnels designed to have a background noise of less than 100 dB (reference 1 μPa, 1 Hz) within the frequency range exceeding 0 Hz but not exceeding 500 Hz and designed for measuring acoustic fields generated by a hydro-flow around propulsion system models."
compliance_code_eu_225396,8C,product_trade_compliance.regime_eu_dual,Materials
compliance_code_eu_225397,8C001,product_trade_compliance.regime_eu_dual,‘Syntactic foam’ designed for underwater use and having all of the following: a. Designed for marine depths exceeding 1 000 m; and b. A density less than 561 kg/m^3.
compliance_code_eu_225398,8D,product_trade_compliance.regime_eu_dual,Software
compliance_code_eu_225399,8D001,product_trade_compliance.regime_eu_dual,"""Software"" specially designed or modified for the ""development"", ""production"" or ""use"" of equipment or materials, specified in 8A, 8B or 8C."
compliance_code_eu_225400,8D002,product_trade_compliance.regime_eu_dual,"Specific ""software"" specially designed or modified for the ""development"", ""production"", repair, overhaul or refurbishing (re-machining) of propellers specially designed for underwater noise reduction."
compliance_code_eu_225401,8E,product_trade_compliance.regime_eu_dual,Technology
compliance_code_eu_225402,8E001,product_trade_compliance.regime_eu_dual,"""Technology"" according to the General Technology Note for the ""development"" or ""production"" of equipment or materials, specified in 8A, 8B or 8C."
compliance_code_eu_225403,8E002,product_trade_compliance.regime_eu_dual,"Other ""technology"" as follows:"
compliance_code_eu_225404,8E002.a.,product_trade_compliance.regime_eu_dual,"""Technology"" for the ""development"", ""production"", repair, overhaul or refurbishing (re-machining) of propellers specially designed for underwater noise reduction;"
compliance_code_eu_225405,8E002.b.,product_trade_compliance.regime_eu_dual,"""Technology"" for the overhaul or refurbishing of equipment specified in 8A001, 8A002.b., 8A002.j., 8A002.o. or 8A002.p."
compliance_code_eu_225406,8E002.c.,product_trade_compliance.regime_eu_dual,"""Technology"" according to the General Technology Note for the ""development"" or ""production"" of any of the following:"
compliance_code_eu_225407,8E002.c.1.,product_trade_compliance.regime_eu_dual,"Surface-effect vehicles (fully skirted variety) having all of the following: a. Maximum design speed, fully loaded, exceeding 30 knots in a significant wave height of 1,25 m or more; b. Cushion pressure exceeding 3 830 Pa; and c. Light-ship-to-full-load displacement ratio of less than 0,70;"
compliance_code_eu_225408,8E002.c.2.,product_trade_compliance.regime_eu_dual,"Surface-effect vehicles (rigid sidewalls) with a maximum design speed, fully loaded, exceeding 40 knots in a significant wave height of 3,25 m or more;"
compliance_code_eu_225409,8E002.c.3.,product_trade_compliance.regime_eu_dual,"Hydrofoil vessels with active systems for automatically controlling foil systems, with a maximum design speed, fully loaded, of 40 knots or more in a significant wave height of 3,25 m or more; or"
compliance_code_eu_225410,8E002.c.4.,product_trade_compliance.regime_eu_dual,‘Small waterplane area vessels’ having any of the following:
compliance_code_eu_225411,8E002.c.4.a.,product_trade_compliance.regime_eu_dual,"Full load displacement exceeding 500 tonnes with a maximum design speed, fully loaded, exceeding 35 knots in a significant wave height of 3,25 m or more; or"
compliance_code_eu_225412,8E002.c.4.b.,product_trade_compliance.regime_eu_dual,"Full load displacement exceeding 1 500 tonnes with a maximum design speed, fully loaded, exceeding 25 knots in a significant wave height of 4 m or more."
compliance_code_eu_225413,9,product_trade_compliance.regime_eu_dual,CATEGORY 9 – AEROSPACE AND PROPULSION
compliance_code_eu_225414,9A,product_trade_compliance.regime_eu_dual,"Systems, Equipment and Components"
compliance_code_eu_225415,9A001,product_trade_compliance.regime_eu_dual,Aero gas turbine engines having any of the following:
compliance_code_eu_225416,9A001.a.,product_trade_compliance.regime_eu_dual,"Incorporating any of the ""technologies"" specified in 9E003.a., 9E003.h. or 9E003.i.;"
compliance_code_eu_225417,9A001.b.,product_trade_compliance.regime_eu_dual,Not used.
compliance_code_eu_225418,9A002,product_trade_compliance.regime_eu_dual,"‘Marine gas turbine engines’ designed to use liquid fuel and having all of the following, and specially designed assemblies and components therefor: a. Maximum continuous power when operating in ""steady state mode"" at standard reference conditions specified by ISO 3977-2:1997 (or national equivalent) of 24 245 kW or more; and b. ‘Corrected specific fuel consumption’ not exceeding 0,219 kg/kWh at 35 % of the maximum continuous power when using liquid fuel."
compliance_code_eu_225419,9A003,product_trade_compliance.regime_eu_dual,"Specially designed assemblies or components, incorporating any of the ""technologies"" specified in 9E003.a., 9E003.h. 9E003.i., or 9E003k, for any of the following aero gas turbine engines:"
compliance_code_eu_225420,9A003.a.,product_trade_compliance.regime_eu_dual,Specified in 9A001; or
compliance_code_eu_225421,9A003.b.,product_trade_compliance.regime_eu_dual,Whose design or production origins are either non-EU Member States or Wassenaar Arrangement Participating States or unknown to the manufacturer.
compliance_code_eu_225422,9A004,product_trade_compliance.regime_eu_dual,"Space launch vehicles, ""spacecraft"", ""spacecraft buses"", ""spacecraft payloads"", ""spacecraft"" on-board systems or equipment, terrestrial equipment, air-launch platforms and ""sub-orbital craft"" as follows:"
compliance_code_eu_225423,9A004.a.,product_trade_compliance.regime_eu_dual,Space launch vehicles;
compliance_code_eu_225424,9A004.b.,product_trade_compliance.regime_eu_dual,"""Spacecraft"";"
compliance_code_eu_225425,9A004.c.,product_trade_compliance.regime_eu_dual,"""Spacecraft buses"";"
compliance_code_eu_225426,9A004.d.,product_trade_compliance.regime_eu_dual,"""Spacecraft payloads"" incorporating items specified in 3A001.b.1.a.4., 3A002.g., 5A001.a.1., 5A001.b.3., 5A002.c., 5A002.e., 6A002.a.1., 6A002.a.2., 6A002.b., 6A002.d., 6A003.b., 6A004.c., 6A004.e., 6A008.d., 6A008.e., 6A008.k., 6A008.l. or 9A010.c.;"
compliance_code_eu_225427,9A004.e.,product_trade_compliance.regime_eu_dual,"On-board systems or equipment, specially designed for ""spacecraft"" and having any of the following functions:"
compliance_code_eu_225428,9A004.e.1.,product_trade_compliance.regime_eu_dual,‘Command and telemetry data handling’;
compliance_code_eu_225429,9A004.e.2.,product_trade_compliance.regime_eu_dual,‘Payload data handling’; or
compliance_code_eu_225430,9A004.e.3.,product_trade_compliance.regime_eu_dual,‘Attitude and orbit control’;
compliance_code_eu_225431,9A004.f.,product_trade_compliance.regime_eu_dual,"Terrestrial equipment specially designed for ""spacecraft"", as follows:"
compliance_code_eu_225432,9A004.f.1.,product_trade_compliance.regime_eu_dual,Telemetry and telecommand equipment specially designed for any of the following data processing functions:
compliance_code_eu_225433,9A004.f.1.a.,product_trade_compliance.regime_eu_dual,"Telemetry data processing of frame synchronisation and error corrections, for monitoring of operational status (also known as health and safe status) of the ""spacecraft bus""; or"
compliance_code_eu_225434,9A004.f.1.b.,product_trade_compliance.regime_eu_dual,"Command data processing for formatting command data being sent to the ""spacecraft"" to control the ""spacecraft bus"";"
compliance_code_eu_225435,9A004.f.2.,product_trade_compliance.regime_eu_dual,"Simulators specially designed for ‘verification of operational procedures’ of ""spacecraft"";"
compliance_code_eu_225436,9A004.g.,product_trade_compliance.regime_eu_dual,"""Aircraft"" specially designed or modified to be air-launch platforms for space launch vehicles or ""sub-orbital craft"";"
compliance_code_eu_225437,9A004.h.,product_trade_compliance.regime_eu_dual,"""Sub-orbital craft""."
compliance_code_eu_225438,9A005,product_trade_compliance.regime_eu_dual,"Liquid rocket propulsion systems containing any of the systems or components, specified in 9A006."
compliance_code_eu_225439,9A006,product_trade_compliance.regime_eu_dual,"Systems and components, specially designed for liquid rocket propulsion systems, as follows:"
compliance_code_eu_225440,9A006.a.,product_trade_compliance.regime_eu_dual,"Cryogenic refrigerators, flightweight dewars, cryogenic heat pipes or cryogenic systems, designed to restrict cryogenic fluid losses to less than 30% per year;"
compliance_code_eu_225441,9A006.b.,product_trade_compliance.regime_eu_dual,"Cryogenic containers or closed-cycle refrigeration systems, designed to maintain or produce temperatures less than or equal to 100 K (-173,15°C);"
compliance_code_eu_225442,9A006.c.,product_trade_compliance.regime_eu_dual,Slush hydrogen storage or transfer systems;
compliance_code_eu_225443,9A006.d.,product_trade_compliance.regime_eu_dual,"High pressure (exceeding 17,5 MPa) turbo pumps, pump components or their associated gas generator or expander cycle turbine drive systems;"
compliance_code_eu_225444,9A006.e.,product_trade_compliance.regime_eu_dual,"High-pressure (exceeding 10,6 MPa) thrust chambers and nozzles therefor;"
compliance_code_eu_225445,9A006.f.,product_trade_compliance.regime_eu_dual,"Propellant storage systems using the principle of capillary containment or positive expulsion (i.e., with flexible bladders);"
compliance_code_eu_225446,9A006.g.,product_trade_compliance.regime_eu_dual,"Liquid propellant injectors with individual orifices of 0,381 mm or smaller in diameter (an area of 1,14 × 10^-3 cm^2 or smaller for non-circular orifices) and specially designed for liquid rocket engines;"
compliance_code_eu_225447,9A006.h.,product_trade_compliance.regime_eu_dual,"One-piece carbon-carbon thrust chambers or one-piece carbon-carbon exit cones, with densities exceeding 1,4 g/cm^3 and tensile strengths exceeding 48 MPa."
compliance_code_eu_225448,9A007,product_trade_compliance.regime_eu_dual,Solid rocket propulsion systems having any of the following:
compliance_code_eu_225449,9A007.a.,product_trade_compliance.regime_eu_dual,"Total impulse capacity exceeding 1,1 MNs;"
compliance_code_eu_225450,9A007.b.,product_trade_compliance.regime_eu_dual,"Specific impulse of 2,4 kNs/kg or more, when the nozzle flow is expanded to ambient sea level conditions for an adjusted chamber pressure of 7 MPa;"
compliance_code_eu_225451,9A007.c.,product_trade_compliance.regime_eu_dual,Stage mass fractions exceeding 88 % and propellant solid loadings exceeding 86 %;
compliance_code_eu_225452,9A007.d.,product_trade_compliance.regime_eu_dual,Components specified in 9A008; or
compliance_code_eu_225453,9A007.e.,product_trade_compliance.regime_eu_dual,"Insulation and propellant bonding systems, using direct-bonded motor designs to provide a ‘strong mechanical bond’ or a barrier to chemical migration between the solid propellant and case insulation material."
compliance_code_eu_225454,9A008,product_trade_compliance.regime_eu_dual,"Components specially designed for solid rocket propulsion systems, as follows:"
compliance_code_eu_225455,9A008.a.,product_trade_compliance.regime_eu_dual,"Insulation and propellant bonding systems, using liners to provide a ‘strong mechanical bond’ or a barrier to chemical migration between the solid propellant and case insulation material;"
compliance_code_eu_225456,9A008.b.,product_trade_compliance.regime_eu_dual,"Filament-wound ""composite"" motor cases exceeding 0,61 m in diameter or having ‘structural efficiency ratios (PV/W)’ exceeding 25 km;"
compliance_code_eu_225457,9A008.c.,product_trade_compliance.regime_eu_dual,"Nozzles with thrust levels exceeding 45 kN or nozzle throat erosion rates of less than 0,075 mm/s;"
compliance_code_eu_225458,9A008.d.,product_trade_compliance.regime_eu_dual,"Movable nozzle or secondary fluid injection thrust vector control systems, capable of any of the following:"
compliance_code_eu_225459,9A008.d.1.,product_trade_compliance.regime_eu_dual,Omni-axial movement exceeding ± 5o;
compliance_code_eu_225460,9A008.d.2.,product_trade_compliance.regime_eu_dual,Angular vector rotations of 20°/s or more; or
compliance_code_eu_225461,9A008.d.3.,product_trade_compliance.regime_eu_dual,Angular vector accelerations of 40°/s^2 or more.
compliance_code_eu_225462,9A009,product_trade_compliance.regime_eu_dual,Hybrid rocket propulsion systems having any of the following:
compliance_code_eu_225463,9A009.a.,product_trade_compliance.regime_eu_dual,"Total impulse capacity exceeding 1,1 MNs; or"
compliance_code_eu_225464,9A009.b.,product_trade_compliance.regime_eu_dual,Thrust levels exceeding 220 kN in vacuum exit conditions.
compliance_code_eu_225465,9A010,product_trade_compliance.regime_eu_dual,"Specially designed components, systems and structures, for launch vehicles, launch vehicle propulsion systems or ""spacecraft"", as follows:"
compliance_code_eu_225466,9A010.a.,product_trade_compliance.regime_eu_dual,"Components and structures, each exceeding 10 kg and specially designed for launch vehicles manufactured using any of the following:"
compliance_code_eu_225467,9A010.a.1.,product_trade_compliance.regime_eu_dual,"""Composite"" materials consisting of ""fibrous or filamentary materials"" specified in 1C010.e. and resins specified in 1C008 or 1C009.b.;"
compliance_code_eu_225468,9A010.a.2.,product_trade_compliance.regime_eu_dual,"Metal ""matrix""""composites"" reinforced by any of the following:"
compliance_code_eu_225469,9A010.a.2.a.,product_trade_compliance.regime_eu_dual,Materials specified in 1C007;
compliance_code_eu_225470,9A010.a.2.b.,product_trade_compliance.regime_eu_dual,"""Fibrous or filamentary materials"" specified in 1C010; or"
compliance_code_eu_225471,9A010.a.2.c.,product_trade_compliance.regime_eu_dual,Aluminides specified in 1C002.a.; or
compliance_code_eu_225472,9A010.a.3.,product_trade_compliance.regime_eu_dual,"Ceramic ""matrix""""composite"" materials specified in 1C007;"
compliance_code_eu_225473,9A010.b.,product_trade_compliance.regime_eu_dual,"Components and structures, specially designed for launch vehicle propulsion systems specified in 9A005 to 9A009 manufactured using any of the following:"
compliance_code_eu_225474,9A010.b.1.,product_trade_compliance.regime_eu_dual,"""Fibrous or filamentary materials"" specified in 1C010.e. and resins specified in 1C008 or 1C009.b.;"
compliance_code_eu_225475,9A010.b.2.,product_trade_compliance.regime_eu_dual,"Metal ""matrix""""composites"" reinforced by any of the following:"
compliance_code_eu_225476,9A010.b.2.a.,product_trade_compliance.regime_eu_dual,Materials specified in 1C007;
compliance_code_eu_225477,9A010.b.2.b.,product_trade_compliance.regime_eu_dual,"""Fibrous or filamentary materials"" specified in 1C010; or"
compliance_code_eu_225478,9A010.b.2.c.,product_trade_compliance.regime_eu_dual,Aluminides specified in 1C002.a.; or
compliance_code_eu_225479,9A010.b.3.,product_trade_compliance.regime_eu_dual,"Ceramic ""matrix""""composite"" materials specified in 1C007;"
compliance_code_eu_225480,9A010.c.,product_trade_compliance.regime_eu_dual,"Structural components and isolation systems, specially designed to control actively the dynamic response or distortion of ""spacecraft"" structures;"
compliance_code_eu_225481,9A010.d.,product_trade_compliance.regime_eu_dual,Pulsed liquid rocket engines with thrust-to-weight ratios equal to or more than 1 kN/kg and a ‘response time’ of less than 30 ms.
compliance_code_eu_225482,9A011,product_trade_compliance.regime_eu_dual,"Ramjet, scramjet or ‘combined cycle engines’, and specially designed components therefor."
compliance_code_eu_225483,9A012,product_trade_compliance.regime_eu_dual,"""Unmanned aerial vehicles"" (""UAVs""), unmanned ""airships"", related equipment and components, as follows:"
compliance_code_eu_225484,9A012.a.,product_trade_compliance.regime_eu_dual,"""UAVs"" or unmanned ""airships"", designed to have controlled flight out of the direct ‘natural vision’ of the ‘operator’ and having any of the following:"
compliance_code_eu_225485,9A012.a.1.,product_trade_compliance.regime_eu_dual,"Having all of the following: a. A maximum ‘endurance’ greater than or equal to 30 minutes but less than 1 hour; and b. Designed to take-off and have stable controlled flight in wind gusts equal to or exceeding 46,3 km/h (25 knots); or"
compliance_code_eu_225486,9A012.a.2.,product_trade_compliance.regime_eu_dual,A maximum ‘endurance’ of 1 hour or greater;
compliance_code_eu_225487,9A012.b.,product_trade_compliance.regime_eu_dual,"Related equipment and components, as follows:"
compliance_code_eu_225488,9A012.b.1.,product_trade_compliance.regime_eu_dual,Not used;
compliance_code_eu_225489,9A012.b.2.,product_trade_compliance.regime_eu_dual,Not used;
compliance_code_eu_225490,9A012.b.3.,product_trade_compliance.regime_eu_dual,"Equipment or components, specially designed to convert a manned ""aircraft"" or manned ""airship"", to a ""UAV"" or unmanned ""airship"", specified in 9A012.a.;"
compliance_code_eu_225491,9A012.b.4.,product_trade_compliance.regime_eu_dual,"Air breathing reciprocating or rotary internal combustion type engines, specially designed or modified to propel ""UAVs"" or unmanned ""airships"", at altitudes above 15 240 metres (50 000 feet)."
compliance_code_eu_225492,9A101,product_trade_compliance.regime_eu_dual,"Turbojet and turbofan engines, other than those specified in 9A001, as follows;"
compliance_code_eu_225493,9A101.a.,product_trade_compliance.regime_eu_dual,"Engines having all of the following characteristics: 1. ‘Maximum thrust value’ greater than 400 N excluding civil certified engines with a ‘maximum thrust value’ greater than 8 890 N; 2. Specific fuel consumption of 0,15 kg N^–1 h^–1 or less; 3. ‘Dry weight’ less than 750 kg; and 4. ‘First-stage rotor diameter’ less than 1 m;"
compliance_code_eu_225494,9A101.b.,product_trade_compliance.regime_eu_dual,"Engines designed or modified for use in ""missiles"" or unmanned aerial vehicles specified in 9A012 or 9A112.a."
compliance_code_eu_225495,9A102,product_trade_compliance.regime_eu_dual,"‘Turboprop engine systems’ specially designed for unmanned aerial vehicles specified in 9A012 or 9A112.a., and specially designed components therefor, having a ‘maximum power’ greater than 10 kW."
compliance_code_eu_225496,9A104,product_trade_compliance.regime_eu_dual,"Sounding rockets, capable of a range of at least 300 km."
compliance_code_eu_225497,9A105,product_trade_compliance.regime_eu_dual,"Liquid propellant rocket engines or gel propellant rocket motors, as follows:"
compliance_code_eu_225498,9A105.a.,product_trade_compliance.regime_eu_dual,"Liquid propellant rocket engines or gel propellant rocket motors, usable in ""missiles"", other than those specified in 9A005, integrated, or designed or modified to be integrated, into a liquid propellant or gel propellant propulsion system which has a total impulse capacity equal to or greater than 1,1 MNs;"
compliance_code_eu_225499,9A105.b.,product_trade_compliance.regime_eu_dual,"Liquid propellant rocket engines or gel propellant rocket motors, usable in complete rocket systems or unmanned aerial vehicles, capable of a range of 300 km, other than those specified in 9A005 or 9A105.a., integrated, or designed or modified to be integrated, into a liquid propellant or gel propellant propulsion system which has a total impulse capacity equal to or greater than 0,841 MNs."
compliance_code_eu_225500,9A106,product_trade_compliance.regime_eu_dual,"Systems or components, other than those specified in 9A006 as follows, specially designed for liquid rocket propulsion or gel propellant rocket systems:"
compliance_code_eu_225501,9A106.a.,product_trade_compliance.regime_eu_dual,Not used;
compliance_code_eu_225502,9A106.b.,product_trade_compliance.regime_eu_dual,Not used;
compliance_code_eu_225503,9A106.c.,product_trade_compliance.regime_eu_dual,"Thrust vector control sub-systems, usable in ""missiles"";"
compliance_code_eu_225504,9A106.d.,product_trade_compliance.regime_eu_dual,"Liquid, slurry and gel propellant (including oxidisers) control systems, and specially designed components therefor, usable in ""missiles"", designed or modified to operate in vibration environments greater than 10 g rms between 20 Hz and 2 kHz;"
compliance_code_eu_225505,9A106.e.,product_trade_compliance.regime_eu_dual,Combustion chambers and nozzles for liquid propellant rocket engines or gel propellant rocket motors specified in 9A005 or 9A105.
compliance_code_eu_225506,9A107,product_trade_compliance.regime_eu_dual,"Solid propellant rocket motors, usable in complete rocket systems or unmanned aerial vehicles, capable of a range of 300 km, other than those specified in 9A007, having total impulse capacity equal to or greater than 0,841 MNs."
compliance_code_eu_225507,9A108,product_trade_compliance.regime_eu_dual,"Components, other than those specified in 9A008, as follows, specially designed for solid and hybrid rocket propulsion systems:"
compliance_code_eu_225508,9A108.a.,product_trade_compliance.regime_eu_dual,"Rocket motor cases and insulation components therefor, usable in subsystems specified in 9A007, 9A009, 9A107 or 9A109.a.;"
compliance_code_eu_225509,9A108.b.,product_trade_compliance.regime_eu_dual,"Rocket nozzles, usable in subsystems specified in 9A007, 9A009, 9A107 or 9A109.a.;"
compliance_code_eu_225510,9A108.c.,product_trade_compliance.regime_eu_dual,"Thrust vector control sub-systems, usable in ""missiles""."
compliance_code_eu_225511,9A109,product_trade_compliance.regime_eu_dual,Hybrid rocket motors and specially designed components as follows:
compliance_code_eu_225512,9A109.a.,product_trade_compliance.regime_eu_dual,"Hybrid rocket motors usable in complete rocket systems or unmanned aerial vehicles, capable of 300 km, other than those specified in 9A009, having a total impulse capacity equal to or greater than 0,841 MNs, and specially designed components therefor;"
compliance_code_eu_225513,9A109.b.,product_trade_compliance.regime_eu_dual,"Specially designed components for hybrid rocket motors specified in 9A009 that are usable in ""missiles""."
compliance_code_eu_225514,9A110,product_trade_compliance.regime_eu_dual,"Composite structures, laminates and manufactures thereof, other than those specified in 9A010, specially designed for use in ‘missiles’ or the subsystems specified in 9A005, 9A007, 9A105, 9A106.c., 9A107, 9A108.c., 9A116 or 9A119."
compliance_code_eu_225515,9A111,product_trade_compliance.regime_eu_dual,"Pulse jet or detonation engines, usable in ""missiles"" or unmanned aerial vehicles specified in 9A012 or 9A112.a., and specially designed components therefor."
compliance_code_eu_225516,9A112,product_trade_compliance.regime_eu_dual,"""Unmanned aerial vehicles"" (""UAVs""), other than those specified in 9A012, as follows:"
compliance_code_eu_225517,9A112.a.,product_trade_compliance.regime_eu_dual,"""Unmanned aerial vehicles"" (""UAVs"") capable of a range of 300 km;"
compliance_code_eu_225518,9A112.b.,product_trade_compliance.regime_eu_dual,"""Unmanned aerial vehicles"" (""UAVs"") having all of the following: 1. Having any of the following: a. An autonomous flight control and navigation capability; or b. Capability of controlled flight out of the direct vision range involving a human operator; and 2. Having any of the following: a. Incorporating an aerosol dispensing system/mechanism with a capacity greater than 20 litres; or b. Designed or modified to incorporate an aerosol dispensing system/mechanism with a capacity greater than 20 litres."
compliance_code_eu_225519,9A115,product_trade_compliance.regime_eu_dual,Launch support equipment as follows:
compliance_code_eu_225520,9A115.a.,product_trade_compliance.regime_eu_dual,"Apparatus and devices for handling, control, activation or launching, designed or modified for space launch vehicles specified in 9A004, sounding rockets specified in 9A104 or ‘missiles’;"
compliance_code_eu_225521,9A115.b.,product_trade_compliance.regime_eu_dual,"Vehicles for transport, handling, control, activation or launching, designed or modified for space launch vehicles specified in 9A004, sounding rockets specified in 9A104 or ""missiles""."
compliance_code_eu_225522,9A116,product_trade_compliance.regime_eu_dual,"Reentry vehicles, usable in ""missiles"", and equipment designed or modified therefor, as follows:"
compliance_code_eu_225523,9A116.a.,product_trade_compliance.regime_eu_dual,Reentry vehicles;
compliance_code_eu_225524,9A116.b.,product_trade_compliance.regime_eu_dual,"Heat shields and components therefor, fabricated of ceramic or ablative materials;"
compliance_code_eu_225525,9A116.c.,product_trade_compliance.regime_eu_dual,"Heat sinks and components therefor, fabricated of light-weight, high heat capacity materials;"
compliance_code_eu_225526,9A116.d.,product_trade_compliance.regime_eu_dual,Electronic equipment specially designed for reentry vehicles.
compliance_code_eu_225527,9A117,product_trade_compliance.regime_eu_dual,"Staging mechanisms, separation mechanisms, and interstages, usable in ""missiles""."
compliance_code_eu_225528,9A118,product_trade_compliance.regime_eu_dual,"Devices to regulate combustion usable in engines, which are usable in ""missiles"" or unmanned aerial vehicles specified in 9A012 or 9A112.a., specified in 9A011 or 9A111."
compliance_code_eu_225529,9A119,product_trade_compliance.regime_eu_dual,"Individual rocket stages, usable in complete rocket systems or unmanned aerial vehicles, capable of a range of 300 km, other than those specified in 9A005, 9A007, 9A009, 9A105, 9A107 and 9A109."
compliance_code_eu_225530,9A120,product_trade_compliance.regime_eu_dual,"Liquid or gel propellant tanks, other than those specified in 9A006, specially designed for propellants specified in 1C111 or ‘other liquid or gel propellants’ used in rocket systems capable of delivering at least a 500 kg payload to a range of at least 300 km."
compliance_code_eu_225531,9A121,product_trade_compliance.regime_eu_dual,"Umbilical and interstage electrical connectors specially designed for ""missiles"", space launch vehicles specified in 9A004 or sounding rockets specified in 9A104."
compliance_code_eu_225532,9A350,product_trade_compliance.regime_eu_dual,"Spraying or fogging systems, specially designed or modified for fitting to aircraft, ""lighter-than-air vehicles"" or unmanned aerial vehicles, and specially designed components therefor, as follows:"
compliance_code_eu_225533,9A350.a.,product_trade_compliance.regime_eu_dual,"Complete spraying or fogging systems capable of delivering, from a liquid suspension, an initial droplet ‘VMD’ of less than 50 μm at a flow rate of greater than two litres per minute;"
compliance_code_eu_225534,9A350.b.,product_trade_compliance.regime_eu_dual,"Spray booms or arrays of aerosol generating units capable of delivering, from a liquid suspension, an initial droplet ‘VMD’ of less than 50 μm at a flow rate of greater than two litres per minute;"
compliance_code_eu_225535,9A350.c.,product_trade_compliance.regime_eu_dual,Aerosol generating units specially designed for fitting to systems specified in 9A350.a. and .b.
compliance_code_eu_225536,9B,product_trade_compliance.regime_eu_dual,"Test, Inspection and Production Equipment"
compliance_code_eu_225537,9B001,product_trade_compliance.regime_eu_dual,"Manufacturing equipment, tooling or fixtures, as follows:"
compliance_code_eu_225538,9B001.a.,product_trade_compliance.regime_eu_dual,"Directional solidification or single crystal casting equipment designed for ""superalloys"";"
compliance_code_eu_225539,9B001.b.,product_trade_compliance.regime_eu_dual,"Casting tooling, specially designed for manufacturing gas turbine engine blades, vanes or ""tip shrouds"", manufactured from refractory metals or ceramics, as follows:"
compliance_code_eu_225540,9B001.b.1.,product_trade_compliance.regime_eu_dual,Cores;
compliance_code_eu_225541,9B001.b.2.,product_trade_compliance.regime_eu_dual,Shells (moulds);
compliance_code_eu_225542,9B001.b.3.,product_trade_compliance.regime_eu_dual,Combined core and shell (mould) units;
compliance_code_eu_225543,9B001.c.,product_trade_compliance.regime_eu_dual,"Directional-solidification or single-crystal additive-manufacturing equipment, designed for ""superalloys""."
compliance_code_eu_225544,9B002,product_trade_compliance.regime_eu_dual,"On-line (real time) control systems, instrumentation (including sensors) or automated data acquisition and processing equipment, having all of the following: a. Specially designed for the ""development"" of gas turbine engines, assemblies or components; and b. Incorporating any of the ""technologies"" specified in 9E003.h. or 9E003.i."
compliance_code_eu_225545,9B003,product_trade_compliance.regime_eu_dual,"Equipment specially designed for the ""production"" or test of gas turbine brush seals designed to operate at tip speeds exceeding 335 m/s and temperatures in excess of 773 K (500 °C), and specially designed components or accessories therefor."
compliance_code_eu_225546,9B004,product_trade_compliance.regime_eu_dual,"Tools, dies or fixtures, for the solid state joining of ""superalloy"", titanium or intermetallic aerofoil-to-disk combinations described in 9E003.a.3. or 9E003.a.6. for gas turbines."
compliance_code_eu_225547,9B005,product_trade_compliance.regime_eu_dual,"On-line (real time) control systems, instrumentation (including sensors) or automated data acquisition and processing equipment, specially designed for use with any of the following:"
compliance_code_eu_225548,9B005.a.,product_trade_compliance.regime_eu_dual,"Wind tunnels designed for speeds of Mach 1,2 or more;"
compliance_code_eu_225549,9B005.b.,product_trade_compliance.regime_eu_dual,"Devices for simulating flow-environments at speeds exceeding Mach 5, including hot-shot tunnels, plasma arc tunnels, shock tubes, shock tunnels, gas tunnels and light gas guns; or"
compliance_code_eu_225550,9B005.c.,product_trade_compliance.regime_eu_dual,"Wind tunnels or devices, other than two-dimensional sections, capable of simulating Reynolds number flows exceeding 25 × 10^6."
compliance_code_eu_225551,9B006,product_trade_compliance.regime_eu_dual,"Acoustic vibration test equipment capable of producing sound pressure levels of 160 dB or more (referenced to 20 μPa) with a rated output of 4 kW or more at a test cell temperature exceeding 1 273 K (1 000 °C), and specially designed quartz heaters therefor."
compliance_code_eu_225552,9B007,product_trade_compliance.regime_eu_dual,Equipment specially designed for inspecting the integrity of rocket motors and using Non-Destructive Test (NDT) techniques other than planar x-ray or basic physical or chemical analysis.
compliance_code_eu_225553,9B008,product_trade_compliance.regime_eu_dual,Direct measurement wall skin friction transducers specially designed to operate at a test flow total (stagnation) temperature exceeding 833 K (560 °C).
compliance_code_eu_225554,9B009,product_trade_compliance.regime_eu_dual,Tooling specially designed for producing gas turbine engine powder metallurgy rotor components having all of the following: a. Designed to operate at stress levels of 60 % of Ultimate Tensile Strength (UTS) or more measured at a temperature of 873 K (600 °C); and b. Designed to operate at 873 K (600 °C) or more.
compliance_code_eu_225555,9B010,product_trade_compliance.regime_eu_dual,"Equipment specially designed for the ""production"" of items specified in 9A012."
compliance_code_eu_225556,9B105,product_trade_compliance.regime_eu_dual,"Aerodynamic test facilities for speeds of Mach 0,9 or more, usable for ‘missiles’ and their subsystems."
compliance_code_eu_225557,9B106,product_trade_compliance.regime_eu_dual,"Environmental chambers and anechoic chambers, as follows:"
compliance_code_eu_225558,9B106.a.,product_trade_compliance.regime_eu_dual,"Environmental chambers having all of the following: 1. Capable of simulating any of the following flight conditions: a. Altitude equal to or greater than 15 km; or b. Temperature range from below 223 K (– 50 °C) to above 398 K (125 °C); and 2. Incorporating, or ‘designed or modified’ to incorporate, a shaker unit or other vibration test equipment to produce vibration environments equal to or greater than 10 g rms, measured ‘bare table’, between 20 Hz and 2 kHz while imparting forces equal to or greater than 5 kN;"
compliance_code_eu_225559,9B106.b.,product_trade_compliance.regime_eu_dual,Environmental chambers capable of simulating the following flight conditions: 1. Acoustic environments at an overall sound pressure level of 140 dB or greater (referenced to 20 μPa) or with a total rated acoustic power output of 4 kW or greater; and 2. Altitude equal to or greater than 15 km; or 3. Temperature range from below 223 K (– 50 °C) to above 398 K (125 °C).
compliance_code_eu_225560,9B107,product_trade_compliance.regime_eu_dual,"Aerothermodynamic test facilities, usable for ‘missiles’, ‘missile’ rocket propulsion systems, and reentry vehicles and equipment specified in 9A116, having any of the following characteristics:"
compliance_code_eu_225561,9B107.a.,product_trade_compliance.regime_eu_dual,An electrical power supply equal to or greater than 5 MW; or
compliance_code_eu_225562,9B107.b.,product_trade_compliance.regime_eu_dual,A gas supply total pressure equal to or greater than 3 MPa.
compliance_code_eu_225563,9B115,product_trade_compliance.regime_eu_dual,"Specially designed ""production equipment"" for the systems, sub-systems and components specified in 9A005 to 9A009, 9A011, 9A101, 9A102, 9A105 to 9A109, 9A111, 9A116 to 9A120."
compliance_code_eu_225564,9B116,product_trade_compliance.regime_eu_dual,"Specially designed ""production facilities"" for the space launch vehicles specified in 9A004, or systems, sub-systems, and components specified in 9A005 to 9A009, 9A011, 9A101, 9A102, 9A104 to 9A109, 9A111, 9A116 to 9A120 or ‘missiles’."
compliance_code_eu_225565,9B117,product_trade_compliance.regime_eu_dual,"Test benches or test stands for solid or liquid propellant rockets or rocket motors, having either of the following characteristics:"
compliance_code_eu_225566,9B117.a.,product_trade_compliance.regime_eu_dual,The capacity to handle more than 68 kN of thrust; or
compliance_code_eu_225567,9B117.b.,product_trade_compliance.regime_eu_dual,Capable of simultaneously measuring the three axial thrust components.
compliance_code_eu_225568,9C,product_trade_compliance.regime_eu_dual,Materials
compliance_code_eu_225569,9C108,product_trade_compliance.regime_eu_dual,"Insulation material in bulk form and ""interior lining"", other than those specified in 9A008, for rocket motor cases usable in ""missiles"" or specially designed for solid propellant rocket engines specified in 9A007 or 9A107."
compliance_code_eu_225570,9C110,product_trade_compliance.regime_eu_dual,"Resin impregnated fibre prepregs and metal coated fibre preforms therefor, for composite structures, laminates and manufactures specified in 9A110, made either with organic matrix or metal matrix utilising fibrous or filamentary reinforcements having a ""specific tensile strength"" greater than 7,62 × 10^4 m and a ""specific modulus"" greater than 3,18 × 10^6 m."
compliance_code_eu_225571,9D,product_trade_compliance.regime_eu_dual,Software
compliance_code_eu_225572,9D001,product_trade_compliance.regime_eu_dual,"""Software"", not specified in 9D003 or 9D004, specially designed or modified for the ""development"" of equipment or ""technology"", specified in 9A001 to 9A119, 9B or 9E003."
compliance_code_eu_225573,9D002,product_trade_compliance.regime_eu_dual,"""Software"", not specified in 9D003 or 9D004, specially designed or modified for the ""production"" of equipment specified in 9A001 to 9A119 or 9B."
compliance_code_eu_225574,9D003,product_trade_compliance.regime_eu_dual,"""Software"" incorporating ""technology"" specified in 9E003.h. and used in ""FADEC Systems"" for systems specified in 9A or equipment specified in 9B."
compliance_code_eu_225575,9D004,product_trade_compliance.regime_eu_dual,"Other ""software"" as follows:"
compliance_code_eu_225576,9D004.a.,product_trade_compliance.regime_eu_dual,"2D or 3D viscous ""software"", validated with wind tunnel or flight test data required for detailed engine flow modelling;"
compliance_code_eu_225577,9D004.b.,product_trade_compliance.regime_eu_dual,"""Software"" for testing aero gas turbine engines, assemblies or components, having all of the following: 1. Specially designed for testing any of the following: a. Aero gas turbine engines, assemblies or components, incorporating ""technology"" specified in 9E003.a., 9E003.h. or 9E003.i.; or b. Multi-stage compressors providing either bypass or core flow, specially designed for aero gas turbine engines incorporating ""technology"" specified in 9E003.a. or 9E003.h.; and 2. Specially designed for all of the following: a. Acquisition and processing of data, in real time; and b. Feedback control of the test article or test conditions (e.g. temperature, pressure, flow rate) while the test is in progress;"
compliance_code_eu_225578,9D004.c.,product_trade_compliance.regime_eu_dual,"""Software"" specially designed to control directional solidification or single crystal material growth in equipment specified in 9B001.a. or 9B001.c.;"
compliance_code_eu_225579,9D004.d.,product_trade_compliance.regime_eu_dual,Not used;
compliance_code_eu_225580,9D004.e.,product_trade_compliance.regime_eu_dual,"""Software"" specially designed or modified for the operation of items specified in 9A012;"
compliance_code_eu_225581,9D004.f.,product_trade_compliance.regime_eu_dual,"""Software"" specially designed to design the internal cooling passages of aero gas turbine blades, vans and ""tip shrouds"";"
compliance_code_eu_225582,9D004.g.,product_trade_compliance.regime_eu_dual,"""Software"" having all of the following: 1. Specially designed to predict aero thermal, aeromechanical and combustion conditions in aero gas turbine engines; and 2. Theoretical modelling predictions of the aero thermal, aeromechanical and combustion conditions, which have been validated with actual aero gas turbine engine (experimental or production) performance data."
compliance_code_eu_225583,9D005,product_trade_compliance.regime_eu_dual,"""Software"" specially designed or modified for the operation of items specified in 9A004.e. or 9A004.f."
compliance_code_eu_225584,9D101,product_trade_compliance.regime_eu_dual,"""Software"" specially designed or modified for the ""use"" of goods specified in 9B105, 9B106, 9B116 or 9B117."
compliance_code_eu_225585,9D103,product_trade_compliance.regime_eu_dual,"""Software"" specially designed for modelling, simulation or design integration of the space launch vehicles specified in 9A004, sounding rockets specified in 9A104 or ""missiles"", or the subsystems specified in 9A005, 9A007, 9A105, 9A106.c., 9A107, 9A108.c., 9A116 or 9A119."
compliance_code_eu_225586,9D104,product_trade_compliance.regime_eu_dual,"""Software"" as follows:"
compliance_code_eu_225587,9D104.a.,product_trade_compliance.regime_eu_dual,"""Software"" specially designed or modified for the ""use"" of goods specified in 9A001, 9A005, 9A006.d., 9A006.g., 9A007.a., 9A009.a., 9A010.d., 9A011, 9A101, 9A102, 9A105, 9A106.d., 9A107, 9A109, 9A111, 9A115.a., 9A117 or 9A118."
compliance_code_eu_225588,9D104.b.,product_trade_compliance.regime_eu_dual,"""Software"" specially designed or modified for the operation or maintenance of subsystems or equipment specified in 9A008.d., 9A106.c., 9A108.c. or 9A116.d."
compliance_code_eu_225589,9D105,product_trade_compliance.regime_eu_dual,"""Software"" specially designed or modified to coordinate the function of more than one subsystem, other than that specified in 9D004.e., in space launch vehicles specified in 9A004 or sounding rockets specified in 9A104 or ‘missiles’"
compliance_code_eu_225590,9E,product_trade_compliance.regime_eu_dual,Technology
compliance_code_eu_225591,9E001,product_trade_compliance.regime_eu_dual,"""Technology"" according to the General Technology Note for the ""development"" of equipment or ""software"", specified in 9A004 to 9A012, 9A350, 9B or 9D."
compliance_code_eu_225592,9E002,product_trade_compliance.regime_eu_dual,"""Technology"" according to the General Technology Note for the ""production"" of equipment specified in 9A004 to 9A011, 9A350 or 9B."
compliance_code_eu_225593,9E003,product_trade_compliance.regime_eu_dual,"Other ""technology"" as follows:"
compliance_code_eu_225594,9E003.a.,product_trade_compliance.regime_eu_dual,"""Technology""""required"" for the ""development"" or ""production"" of any of the following gas turbine engine components or systems:"
compliance_code_eu_225595,9E003.a.1.,product_trade_compliance.regime_eu_dual,"Gas turbine blades, vanes or ""tip shrouds"", made from directionally solidified (DS) or single crystal (SC) alloys and having (in the 001 Miller Index Direction) a stress-rupture life exceeding 400 hours at 1 273 K (1 000 °C) at a stress of 200 MPa, based on the average property values;"
compliance_code_eu_225596,9E003.a.2.,product_trade_compliance.regime_eu_dual,Combustors having any of the following:
compliance_code_eu_225597,9E003.a.2.a.,product_trade_compliance.regime_eu_dual,‘Thermally decoupled liners’ designed to operate at ‘combustor exit temperature’ exceeding 1 883 K (1 610 °C);
compliance_code_eu_225598,9E003.a.2.b.,product_trade_compliance.regime_eu_dual,Non-metallic liners;
compliance_code_eu_225599,9E003.a.2.c.,product_trade_compliance.regime_eu_dual,Non-metallic shells;
compliance_code_eu_225600,9E003.a.2.d.,product_trade_compliance.regime_eu_dual,Liners designed to operate at ‘combustor exit temperature’ exceeding 1 883 K (1 610 °C) and having holes that meet the parameters specified in 9E003.c.; or
compliance_code_eu_225601,9E003.a.2.e.,product_trade_compliance.regime_eu_dual,Utilising ‘pressure gain combustion’;
compliance_code_eu_225602,9E003.a.3.,product_trade_compliance.regime_eu_dual,Components that are any of the following:
compliance_code_eu_225603,9E003.a.3.a.,product_trade_compliance.regime_eu_dual,"Manufactured from organic ""composite"" materials designed to operate above 588 K (315 °C);"
compliance_code_eu_225604,9E003.a.3.b.,product_trade_compliance.regime_eu_dual,Manufactured from any of the following:
compliance_code_eu_225605,9E003.a.3.b.1.,product_trade_compliance.regime_eu_dual,"Metal ""matrix""""composites"" reinforced by any of the following:"
compliance_code_eu_225606,9E003.a.3.b.1.a.,product_trade_compliance.regime_eu_dual,Materials specified in 1C007;
compliance_code_eu_225607,9E003.a.3.b.1.b.,product_trade_compliance.regime_eu_dual,"""Fibrous or filamentary materials"" specified in 1C010; or"
compliance_code_eu_225608,9E003.a.3.b.1.c.,product_trade_compliance.regime_eu_dual,Aluminides specified in 1C002.a.; or
compliance_code_eu_225609,9E003.a.3.b.2.,product_trade_compliance.regime_eu_dual,"Ceramic ""matrix""""composites"" specified in 1C007.; or"
compliance_code_eu_225610,9E003.a.3.c.,product_trade_compliance.regime_eu_dual,"Stators, vanes, blades, tip seals (shrouds), rotating blings, rotating blisks, or ‘splitter ducts’, that are all of the following: 1. Not specified in 9E003.a.3.a.; 2. Designed for compressors or fans; and 3. Manufactured from material specified in 1C010.e. with resins specified in 1C008;"
compliance_code_eu_225611,9E003.a.4.,product_trade_compliance.regime_eu_dual,"Uncooled turbine blades, vanes or ""tip shrouds"", designed to operate at a ‘gas path temperature’ of 1 373 K (1 100 °C) or more;"
compliance_code_eu_225612,9E003.a.5.,product_trade_compliance.regime_eu_dual,"Cooled turbine blades, vanes, ""tip shrouds"" other than those described in 9E003.a.1., designed to operate at a ‘gas path temperature’ of 1 693 K (1 420 °C) or more;"
compliance_code_eu_225613,9E003.a.6.,product_trade_compliance.regime_eu_dual,Aerofoil-to-disk blade combinations using solid state joining;
compliance_code_eu_225614,9E003.a.7.,product_trade_compliance.regime_eu_dual,Not used;
compliance_code_eu_225615,9E003.a.8.,product_trade_compliance.regime_eu_dual,‘Damage tolerant’ gas turbine engine rotor components using powder metallurgy materials specified in 1C002.b.; or
compliance_code_eu_225616,9E003.a.9.,product_trade_compliance.regime_eu_dual,Not used;
compliance_code_eu_225617,9E003.a.10.,product_trade_compliance.regime_eu_dual,Not used;
compliance_code_eu_225618,9E003.a.11.,product_trade_compliance.regime_eu_dual,‘Fan blades’ having all of the following: a. 20 % or more of the total volume being one or more closed cavities containing vacuum or gas only; and b. One or more closed cavities having a volume of 5 cm^3 or larger;
compliance_code_eu_225619,9E003.b.,product_trade_compliance.regime_eu_dual,"""Technology""""required"" for the ""development"" or ""production"" of any of the following:"
compliance_code_eu_225620,9E003.b.1.,product_trade_compliance.regime_eu_dual,Wind tunnel aero-models equipped with non-intrusive sensors capable of transmitting data from the sensors to the data acquisition system; or
compliance_code_eu_225621,9E003.b.2.,product_trade_compliance.regime_eu_dual,"""Composite"" propeller blades or propfans, capable of absorbing more than 2 000 kW at flight speeds exceeding Mach 0,55;"
compliance_code_eu_225622,9E003.c.,product_trade_compliance.regime_eu_dual,"""Technology""""required"" for manufacturing cooling holes, in gas turbine engine components incorporating any of the ""technologies"" specified in 9E003.a.1., 9E003.a.2. or 9E003.a.5., and having any of the following:"
compliance_code_eu_225623,9E003.c.1.,product_trade_compliance.regime_eu_dual,"Having all of the following: a. Minimum ‘cross-sectional area’ less than 0,45 mm^2; b. ‘Hole shape ratio’ greater than 4,52; and c. ‘Incidence angle’ equal to or less than 25o; or"
compliance_code_eu_225624,9E003.c.2.,product_trade_compliance.regime_eu_dual,"Having all of the following: a. Minimum ‘cross-sectional area’ less than 0,12 mm^2; b. ‘Hole shape ratio’ greater than 5,65; and c. ‘Incidence angle’ more than 25o;"
compliance_code_eu_225625,9E003.d.,product_trade_compliance.regime_eu_dual,"""Technology""""required"" for the ""development"" or ""production"" of helicopter power transfer systems or tilt rotor or tilt wing ""aircraft"" power transfer systems;"
compliance_code_eu_225626,9E003.e.,product_trade_compliance.regime_eu_dual,"""Technology"" for the ""development"" or ""production"" of reciprocating diesel engine ground vehicle propulsion systems having all of the following: 1. ‘Box volume’ of 1,2 m^3 or less; 2. An overall power output of more than 750 kW based on 80/1269/EEC, ISO 2534 or national equivalents; and 3. Power density of more than 700 kW/m^3 of ‘box volume’;"
compliance_code_eu_225627,9E003.f.,product_trade_compliance.regime_eu_dual,"""Technology"" ""required"" for the ""production"" of specially designed components for ""high output diesel engines"", as follows:"
compliance_code_eu_225628,9E003.f.1.,product_trade_compliance.regime_eu_dual,"""Technology""""required"" for the ""production"" of engine systems having all of the following components employing ceramics materials specified in 1C007: a. Cylinder liners; b. Pistons; c. Cylinder heads; and d. One or more other components (including exhaust ports, turbochargers, valve guides, valve assemblies or insulated fuel injectors);"
compliance_code_eu_225629,9E003.f.2.,product_trade_compliance.regime_eu_dual,"""Technology""""required"" for the ""production"" of turbocharger systems with single-stage compressors and having all of the following: a. Operating at pressure ratios of 4:1 or higher; b. Mass flow in the range from 30 to 130 kg per minute; and c. Variable flow area capability within the compressor or turbine sections;"
compliance_code_eu_225630,9E003.f.3.,product_trade_compliance.regime_eu_dual,"""Technology""""required"" for the ""production"" of fuel injection systems with a specially designed multifuel (e.g., diesel or jet fuel) capability covering a viscosity range from diesel fuel (2,5 cSt at 310,8 K (37,8 °C)) down to gasoline fuel (0,5 cSt at 310,8 K (37,8 °C)) and having all of the following: a. Injection amount in excess of 230 mm3 per injection per cylinder; and b. Electronic control features specially designed for switching governor characteristics automatically depending on fuel property to provide the same torque characteristics by using the appropriate sensors;"
compliance_code_eu_225631,9E003.g.,product_trade_compliance.regime_eu_dual,"""Technology"" ""required"" for the ""development"" or ""production"" of ""high output diesel engines"" for solid, gas phase or liquid film (or combinations thereof) cylinder wall lubrication and permitting operation to temperatures exceeding 723 K (450°C), measured on the cylinder wall at the top limit of travel of the top ring of the piston;"
compliance_code_eu_225632,9E003.h.,product_trade_compliance.regime_eu_dual,"""Technology"" for gas turbine engine ""FADEC systems"" as follows:"
compliance_code_eu_225633,9E003.h.1.,product_trade_compliance.regime_eu_dual,"""Development""""technology"" for deriving the functional requirements for the components necessary for the ""FADEC system"" to regulate engine thrust or shaft power (e.g., feedback sensor time constants and accuracies, fuel valve slew rate);"
compliance_code_eu_225634,9E003.h.2.,product_trade_compliance.regime_eu_dual,"""Development"" or ""production""""technology"" for control and diagnostic components unique to the ""FADEC system"" and used to regulate engine thrust or shaft power;"
compliance_code_eu_225635,9E003.h.3.,product_trade_compliance.regime_eu_dual,"""Development""""technology"" for the control law algorithms, including ""source code"", unique to the ""FADEC system"" and used to regulate engine thrust or shaft power;"
compliance_code_eu_225636,9E003.i.,product_trade_compliance.regime_eu_dual,"""Technology"" for adjustable flow path systems designed to maintain engine stability for gas generator turbines, fan or power turbines, or propelling nozzles, as follows:"
compliance_code_eu_225637,9E003.i.1.,product_trade_compliance.regime_eu_dual,"""Development""""technology"" for deriving the functional requirements for the components that maintain engine stability;"
compliance_code_eu_225638,9E003.i.2.,product_trade_compliance.regime_eu_dual,"""Development"" or ""production""""technology"" for components unique to the adjustable flow path system and that maintain engine stability;"
compliance_code_eu_225639,9E003.i.3.,product_trade_compliance.regime_eu_dual,"""Development""""technology"" for the control law algorithms, including ""source code"", unique to the adjustable flow path system and that maintain engine stability."
compliance_code_eu_225640,9E003.j.,product_trade_compliance.regime_eu_dual,"""Technology""""required"" for the ""development"" of wing-folding systems designed for fixed-wing ""aircraft"" powered by gas turbine engines;"
compliance_code_eu_225641,9E003.k.,product_trade_compliance.regime_eu_dual,"""Technology"", not specified in 9E003.a., 9E003.h., or 900E.3.i., ""required"" for the ""development"" of any of the following components or systems, specially designed for aero gas turbine engines to enable ""aircraft"" to cruise at Mach 1 or greater for more than 30 minutes:"
compliance_code_eu_225642,9E003.k.1.,product_trade_compliance.regime_eu_dual,Propulsion inlet systems;
compliance_code_eu_225643,9E003.k.2.,product_trade_compliance.regime_eu_dual,Propulsion exhaust systems;
compliance_code_eu_225644,9E003.k.3.,product_trade_compliance.regime_eu_dual,"""Reheat systems"";"
compliance_code_eu_225645,9E003.k.4.,product_trade_compliance.regime_eu_dual,"""Active thermal management systems"" to condition fluids used to lubricate or cool ""engine rotor supports"";"
compliance_code_eu_225646,9E003.k.5.,product_trade_compliance.regime_eu_dual,"Oil-free ""engine rotor supports""; or"
compliance_code_eu_225647,9E003.k.6.,product_trade_compliance.regime_eu_dual,"Systems to remove heat from ""compression system"" core gas path flow."
compliance_code_eu_225648,9E101.,product_trade_compliance.regime_eu_dual,“Technology” as follows:
compliance_code_eu_225649,9E101.a.,product_trade_compliance.regime_eu_dual,"""Technology"" according to the General Technology Note for the ""development"" of goods specified in 9A101, 9A102, 9A104 to 9A111, 9A112.a. or 9A115 to 9A121."
compliance_code_eu_225650,9E101.b.,product_trade_compliance.regime_eu_dual,"""Technology"" according to the General Technology Note for the ""production"" of ""UAV`s specified in 9A012 or goods specified in 9A101, 9A102, 9A104 to 9A111, 9A112.a. or 9A115 to 9A121."
compliance_code_eu_225651,9E102,product_trade_compliance.regime_eu_dual,"""Technology"" according to the General Technology Note for the ""use"" of space launch vehicles specified in 9A004, goods specified in 9A005 to 9A011, ""UAV`s specified in 9A012 or goods specified in 9A101, 9A102, 9A104 to 9A111, 9A112.a., 9A115 to 9A121, 9B105, 9B106, 9B115, 9B116, 9B117, 9D101 or 9D103."
