id,class_id:id,classification_code,label_ids:id,limited_quantity,limited_quantity_uom_id:id,name,packing_instruction_ids:id,transport_category,tunnel_restriction_code,un_number
adr_goods_0004_1dot1D_1_P112a/P112b/P112c_1,adr_class_1,1.1D,adr_label_1,,,"AMMONIUM PICRATE dry or wetted with less than 10% water, by mass","adr_packing_instruction_P112a,adr_packing_instruction_P112b,adr_packing_instruction_P112c",1,B1000C,0004
adr_goods_0005_1dot1F_1_P130_1,adr_class_1,1.1F,adr_label_1,,,CARTRIDGES FOR WEAPONS with bursting charge,adr_packing_instruction_P130,1,B1000C,0005
adr_goods_0006_1dot1E_1_P130/LP101_1,adr_class_1,1.1E,adr_label_1,,,CARTRIDGES FOR WEAPONS with bursting charge,"adr_packing_instruction_P130,adr_packing_instruction_LP101",1,B1000C,0006
adr_goods_0007,adr_class_1,1.2F,adr_label_1,,,CARTRIDGES FOR WEAPONS with bursting charge,adr_packing_instruction_P130,1,B1000C,0007
adr_goods_0009,adr_class_1,1.2G,adr_label_1,,,"AMMUNITION, INCENDIARY with or without burster, expelling charge or propelling charge","adr_packing_instruction_P130,adr_packing_instruction_LP101",1,B1000C,0009
adr_goods_0010,adr_class_1,1.3G,adr_label_1,,,"AMMUNITION, INCENDIARY with or without burster, expelling charge or propelling charge","adr_packing_instruction_P130,adr_packing_instruction_LP101",1,C5000D,0010
adr_goods_0012,adr_class_1,1.4S,adr_label_1_4,5,uom.product_uom_kgm,"CARTRIDGES FOR WEAPONS, INERT PROJECTILE or CARTRIDGES, SMALL ARMS",adr_packing_instruction_P130,4,E,0012
adr_goods_0014,adr_class_1,1.4S,adr_label_1_4,5,uom.product_uom_kgm,"CARTRIDGES FOR WEAPONS, BLANK or CARTRIDGES, SMALL ARMS, BLANK or CARTRIDGE FOR TOOLS, BLANK",adr_packing_instruction_P130,4,E,0014
adr_goods_0015_1dot2G_1_P130/LP101_1,adr_class_1,1.2G,adr_label_1,,,"AMMUNITION, SMOKE with or without burster, expelling charge or propelling charge","adr_packing_instruction_P130,adr_packing_instruction_LP101",1,B1000C,0015
adr_goods_0015_1dot2G_1/8_P130/LP101_1,adr_class_1,1.2G,"adr_label_1,adr_label_8",,,"AMMUNITION, SMOKE with or without burster, expelling charge or propelling charge, containing corrosive substances","adr_packing_instruction_P130,adr_packing_instruction_LP101",1,B1000C,0015
adr_goods_0015_1dot2G_1/6dot1_P130/LP101_1,adr_class_1,1.2G,"adr_label_1,adr_label_6_1",,,"AMMUNITION, SMOKE with or without burster, expelling charge or propelling charge, containing toxic by inhalation substances","adr_packing_instruction_P130,adr_packing_instruction_LP101",1,B1000C,0015
adr_goods_0016_1dot3G_1_P130/LP101_1,adr_class_1,1.3G,adr_label_1,,,"AMMUNITION, SMOKE with or without burster, expelling charge or propelling charge","adr_packing_instruction_P130,adr_packing_instruction_LP101",1,C5000D,0016
adr_goods_0016_1dot3G_1/8_P130/LP101_1,adr_class_1,1.3G,"adr_label_1,adr_label_8",,,"AMMUNITION, SMOKE with or without burster, expelling charge or propelling charge, containing corrosive substances","adr_packing_instruction_P130,adr_packing_instruction_LP101",1,C5000D,0016
adr_goods_0016_1dot3G_1/6dot1_P130/LP101_1,adr_class_1,1.3G,"adr_label_1,adr_label_6_1",,,"AMMUNITION, SMOKE with or without burster, expelling charge or propelling charge, containing toxic by inhalation substances","adr_packing_instruction_P130,adr_packing_instruction_LP101",1,C5000D,0016
adr_goods_0018,adr_class_1,1.2G,"adr_label_1,adr_label_6_1,adr_label_8",,,"AMMUNITION, TEAR-PRODUCING with burster, expelling charge or propelling charge","adr_packing_instruction_P130,adr_packing_instruction_LP101",1,B1000C,0018
adr_goods_0019,adr_class_1,1.3G,"adr_label_1,adr_label_6_1,adr_label_8",,,"AMMUNITION, TEAR-PRODUCING with burster, expelling charge or propelling charge","adr_packing_instruction_P130,adr_packing_instruction_LP101",1,C5000D,0019
adr_goods_0020,adr_class_1,1.2K,,,,"AMMUNITION, TOXIC with burster, expelling charge or propelling charge",,CARRIAGE_PROHIBITED,CARRIAGE_PROHIBITED,0020
adr_goods_0021,adr_class_1,1.3K,,,,"AMMUNITION, TOXIC with burster, expelling charge or propelling charge",,CARRIAGE_PROHIBITED,CARRIAGE_PROHIBITED,0021
adr_goods_0027,adr_class_1,1.1D,adr_label_1,,,"BLACK POWDER (GUNPOWDER), granular or as a meal",adr_packing_instruction_P113,1,B1000C,0027
adr_goods_0028,adr_class_1,1.1D,adr_label_1,,,"BLACK POWDER (GUNPOWDER), COMPRESSED or BLACK POWDER (GUNPOWDER), IN PELLETS",adr_packing_instruction_P113,1,B1000C,0028
adr_goods_0029,adr_class_1,1.1B,adr_label_1,,,"DETONATORS, NON-ELECTRIC for blasting",adr_packing_instruction_P131,1,B1000C,0029
adr_goods_0030,adr_class_1,1.1B,adr_label_1,,,"DETONATORS, ELECTRIC for blasting",adr_packing_instruction_P131,1,B1000C,0030
adr_goods_0033,adr_class_1,1.1F,adr_label_1,,,BOMBS with bursting charge,adr_packing_instruction_P130,1,B1000C,0033
adr_goods_0034,adr_class_1,1.1D,adr_label_1,,,BOMBS with bursting charge,"adr_packing_instruction_P130,adr_packing_instruction_LP101",1,B1000C,0034
adr_goods_0035,adr_class_1,1.2D,adr_label_1,,,BOMBS with bursting charge,"adr_packing_instruction_P130,adr_packing_instruction_LP101",1,B1000C,0035
adr_goods_0037,adr_class_1,1.1F,adr_label_1,,,"BOMBS, PHOTO-FLASH",adr_packing_instruction_P130,1,B1000C,0037
adr_goods_0038,adr_class_1,1.1D,adr_label_1,,,"BOMBS, PHOTO-FLASH","adr_packing_instruction_P130,adr_packing_instruction_LP101",1,B1000C,0038
adr_goods_0039,adr_class_1,1.2G,adr_label_1,,,"BOMBS, PHOTO-FLASH","adr_packing_instruction_P130,adr_packing_instruction_LP101",1,B1000C,0039
adr_goods_0042,adr_class_1,1.1D,adr_label_1,,,BOOSTERS without detonator,"adr_packing_instruction_P132a,adr_packing_instruction_P132b",1,B1000C,0042
adr_goods_0043,adr_class_1,1.1D,adr_label_1,,,"BURSTERS, explosive",adr_packing_instruction_P133,1,B1000C,0043
adr_goods_0044,adr_class_1,1.4S,adr_label_1_4,,,"PRIMERS, CAP TYPE",adr_packing_instruction_P133,4,E,0044
adr_goods_0048,adr_class_1,1.1D,adr_label_1,,,"CHARGES, DEMOLITION","adr_packing_instruction_P130,adr_packing_instruction_LP101",1,B1000C,0048
adr_goods_0049,adr_class_1,1.1G,adr_label_1,,,"CARTRIDGES, FLASH",adr_packing_instruction_P135,1,B1000C,0049
adr_goods_0050,adr_class_1,1.3G,adr_label_1,,,"CARTRIDGES, FLASH",adr_packing_instruction_P135,1,C5000D,0050
adr_goods_0054,adr_class_1,1.3G,adr_label_1,,,"CARTRIDGES, SIGNAL",adr_packing_instruction_P135,1,C5000D,0054
adr_goods_0055,adr_class_1,1.4S,adr_label_1_4,5,uom.product_uom_kgm,"CASES, CARTRIDGE, EMPTY, WITH PRIMER",adr_packing_instruction_P136,4,E,0055
adr_goods_0056,adr_class_1,1.1D,adr_label_1,,,"CHARGES, DEPTH","adr_packing_instruction_P130,adr_packing_instruction_LP101",1,B1000C,0056
adr_goods_0059,adr_class_1,1.1D,adr_label_1,,,"CHARGES, SHAPED without detonator",adr_packing_instruction_P137,1,B1000C,0059
adr_goods_0060,adr_class_1,1.1D,adr_label_1,,,"CHARGES, SUPPLEMENTARY, EXPLOSIVE","adr_packing_instruction_P132a,adr_packing_instruction_P132b",1,B1000C,0060
adr_goods_0065,adr_class_1,1.1D,adr_label_1,,,"CORD, DETONATING, flexible",adr_packing_instruction_P139,1,B1000C,0065
adr_goods_0066,adr_class_1,1.4G,adr_label_1_4,,,"CORD, IGNITER",adr_packing_instruction_P140,2,E,0066
adr_goods_0070,adr_class_1,1.4S,adr_label_1_4,,,"CUTTERS, CABLE, EXPLOSIVE","adr_packing_instruction_P134,adr_packing_instruction_LP102",4,E,0070
adr_goods_0072,adr_class_1,1.1D,adr_label_1,,,"CYCLOTRIMETHYLENE-TRINITRAMINE (CYCLONITE; HEXOGEN; RDX), WETTED with not less than 15% water, by mass",adr_packing_instruction_P112a,1,B1000C,0072
adr_goods_0073,adr_class_1,1.1B,adr_label_1,,,DETONATORS FOR AMMUNITION,adr_packing_instruction_P133,1,B1000C,0073
adr_goods_0074,adr_class_1,1.1A,adr_label_1,,,"DIAZODINITROPHENOL, WETTED with not less than 40% water, or mixture of alcohol and water, by mass",adr_packing_instruction_P110b,0,B,0074
adr_goods_0075,adr_class_1,1.1D,adr_label_1,,,"DIETHYLENEGLYCOL DINITRATE, DESENSITIZED with not less than 25% non-volatile, water-insoluble phlegmatizer, by mass",adr_packing_instruction_P115,1,B1000C,0075
adr_goods_0076,adr_class_1,1.1D,"adr_label_1,adr_label_6_1",,,"DINITROPHENOL, dry or wetted with less than 15% water, by mass","adr_packing_instruction_P112a,adr_packing_instruction_P112b,adr_packing_instruction_P112c",1,B1000C,0076
adr_goods_0077,adr_class_1,1.3C,"adr_label_1,adr_label_6_1",,,"DINITROPHENOLATES, alkali metals, dry or wetted with less than 15% water, by mass","adr_packing_instruction_P114a,adr_packing_instruction_P114b",1,C5000D,0077
adr_goods_0078,adr_class_1,1.1D,adr_label_1,,,"DINITRORESORCINOL, dry or wetted with less than 15% water, by mass","adr_packing_instruction_P112a,adr_packing_instruction_P112b,adr_packing_instruction_P112c",1,B1000C,0078
adr_goods_0079,adr_class_1,1.1D,adr_label_1,,,HEXANITRODIPHENYL-AMINE (DIPICRYLAMINE; HEXYL),"adr_packing_instruction_P112b,adr_packing_instruction_P112c",1,B1000C,0079
adr_goods_0081,adr_class_1,1.1D,adr_label_1,,,"EXPLOSIVE, BLASTING, TYPE A",adr_packing_instruction_P116,1,B1000C,0081
adr_goods_0082,adr_class_1,1.1D,adr_label_1,,,"EXPLOSIVE, BLASTING, TYPE B","adr_packing_instruction_P116,adr_packing_instruction_IBC100",1,B1000C,0082
adr_goods_0083,adr_class_1,1.1D,adr_label_1,,,"EXPLOSIVE, BLASTING, TYPE C",adr_packing_instruction_P116,1,B1000C,0083
adr_goods_0084,adr_class_1,1.1D,adr_label_1,,,"EXPLOSIVE, BLASTING, TYPE D",adr_packing_instruction_P116,1,B1000C,0084
adr_goods_0092,adr_class_1,1.3G,adr_label_1,,,"FLARES, SURFACE",adr_packing_instruction_P135,1,C5000D,0092
adr_goods_0093,adr_class_1,1.3G,adr_label_1,,,"FLARES, AERIAL",adr_packing_instruction_P135,1,C5000D,0093
adr_goods_0094,adr_class_1,1.1G,adr_label_1,,,FLASH POWDER,adr_packing_instruction_P113,1,B1000C,0094
adr_goods_0099,adr_class_1,1.1D,adr_label_1,,,"FRACTURING DEVICES, EXPLOSIVE without detonator, for oil wells","adr_packing_instruction_P134,adr_packing_instruction_LP102",1,B1000C,0099
adr_goods_0101,adr_class_1,1.3G,adr_label_1,,,"FUSE, NON-DETONATING",adr_packing_instruction_P140,1,C5000D,0101
adr_goods_0102,adr_class_1,1.2D,adr_label_1,,,"CORD (FUSE), DETONATING, metal clad",adr_packing_instruction_P139,1,B1000C,0102
adr_goods_0103,adr_class_1,1.4G,adr_label_1_4,,,"FUSE, IGNITER, tubular, metal clad",adr_packing_instruction_P140,2,E,0103
adr_goods_0104,adr_class_1,1.4D,adr_label_1_4,,,"CORD (FUSE), DETONATING, MILD EFFECT, metal clad",adr_packing_instruction_P139,2,E,0104
adr_goods_0105,adr_class_1,1.4S,adr_label_1_4,,,"FUSE, SAFETY",adr_packing_instruction_P140,4,E,0105
adr_goods_0106,adr_class_1,1.1B,adr_label_1,,,"FUZES, DETONATING",adr_packing_instruction_P141,1,B1000C,0106
adr_goods_0107,adr_class_1,1.2B,adr_label_1,,,"FUZES, DETONATING",adr_packing_instruction_P141,1,B1000C,0107
adr_goods_0110,adr_class_1,1.4S,adr_label_1_4,,,"GRENADES, PRACTICE, hand or rifle",adr_packing_instruction_P141,4,E,0110
adr_goods_0113,adr_class_1,1.1A,adr_label_1,,,"GUANYLNITROSAMINO-GUANYLIDENE HYDRAZINE, WETTED with not less than 30% water, by mass",adr_packing_instruction_P110b,0,B,0113
adr_goods_0114,adr_class_1,1.1A,adr_label_1,,,"GUANYLNITROSAMINO-GUANYLTETRAZENE (TETRAZENE), WETTED with not less than 30% water, or mixture of alcohol and water, by mass",adr_packing_instruction_P110b,0,B,0114
adr_goods_0118,adr_class_1,1.1D,adr_label_1,,,"HEXOLITE (HEXOTOL), dry or wetted with less than 15% water, by mass","adr_packing_instruction_P112a,adr_packing_instruction_P112b,adr_packing_instruction_P112c",1,B1000C,0118
adr_goods_0121,adr_class_1,1.1G,adr_label_1,,,IGNITERS,adr_packing_instruction_P142,1,B1000C,0121
adr_goods_0124,adr_class_1,1.1D,adr_label_1,,,"JET PERFORATING GUNS, CHARGED, oil well, without detonator",adr_packing_instruction_P101,1,B1000C,0124
adr_goods_0129,adr_class_1,1.1A,adr_label_1,,,"LEAD AZIDE, WETTED with not less than 20% water, or mixture of alcohol and water, by mass",adr_packing_instruction_P110b,0,B,0129
adr_goods_0130,adr_class_1,1.1A,adr_label_1,,,"LEAD STYPHNATE (LEAD TRINITRORESORCINATE), WETTED with not less than 20% water, or mixture of alcohol and water, by mass",adr_packing_instruction_P110b,0,B,0130
adr_goods_0131,adr_class_1,1.4S,adr_label_1_4,,,"LIGHTERS, FUSE",adr_packing_instruction_P142,4,E,0131
adr_goods_0132,adr_class_1,1.3C,adr_label_1,,,"DEFLAGRATING METAL SALTS OF AROMATIC NITRODERIVATIVES, N.O.S.","adr_packing_instruction_P114a,adr_packing_instruction_P114b",1,C5000D,0132
adr_goods_0133,adr_class_1,1.1D,adr_label_1,,,"MANNITOL HEXANITRATE (NITROMANNITE), WETTED with not less than 40% water, or mixture of alcohol and water, by mass",adr_packing_instruction_P112a,1,B1000C,0133
adr_goods_0135,adr_class_1,1.1A,adr_label_1,,,"MERCURY FULMINATE, WETTED with not less than 20% water, or mixture of alcohol and water, by mass",adr_packing_instruction_P110b,0,B,0135
adr_goods_0136,adr_class_1,1.1F,adr_label_1,,,MINES with bursting charge,adr_packing_instruction_P130,1,B1000C,0136
adr_goods_0137,adr_class_1,1.1D,adr_label_1,,,MINES with bursting charge,"adr_packing_instruction_P130,adr_packing_instruction_LP101",1,B1000C,0137
adr_goods_0138,adr_class_1,1.2D,adr_label_1,,,MINES with bursting charge,"adr_packing_instruction_P130,adr_packing_instruction_LP101",1,B1000C,0138
adr_goods_0143,adr_class_1,1.1D,"adr_label_1,adr_label_6_1",,,"NITROGLYCERIN, DESENSITIZED with not less than 40% non-volatile water-insoluble phlegmatizer, by mass",adr_packing_instruction_P115,1,B1000C,0143
adr_goods_0144,adr_class_1,1.1D,adr_label_1,,,NITROGLYCERIN SOLUTION IN ALCOHOL with more than 1% but not more than 10% nitroglycerin,adr_packing_instruction_P115,1,B1000C,0144
adr_goods_0146,adr_class_1,1.1D,adr_label_1,,,"NITROSTARCH, dry or wetted with less than 20% water, by mass","adr_packing_instruction_P112a,adr_packing_instruction_P112b,adr_packing_instruction_P112c",1,B1000C,0146
adr_goods_0147,adr_class_1,1.1D,adr_label_1,,,NITRO UREA,adr_packing_instruction_P112b,1,B1000C,0147
adr_goods_0150,adr_class_1,1.1D,adr_label_1,,,"PENTAERYTHRITE TETRANITRATE (PENTAERYTHRITOL TETRANITRATE; PETN), WETTED with not less than 25% water, by mass, or DESENSITIZED with not less than 15% phlegmatizer, by mass","adr_packing_instruction_P112a,adr_packing_instruction_P112b",1,B1000C,0150
adr_goods_0151,adr_class_1,1.1D,adr_label_1,,,"PENTOLITE, dry or wetted with less than 15% water, by mass","adr_packing_instruction_P112a,adr_packing_instruction_P112b,adr_packing_instruction_P112c",1,B1000C,0151
adr_goods_0153,adr_class_1,1.1D,adr_label_1,,,TRINITROANILINE (PICRAMIDE),"adr_packing_instruction_P112b,adr_packing_instruction_P112c",1,B1000C,0153
adr_goods_0154,adr_class_1,1.1D,adr_label_1,,,"TRINITROPHENOL (PICRIC ACID), dry or wetted with less than 30% water, by mass","adr_packing_instruction_P112a,adr_packing_instruction_P112b,adr_packing_instruction_P112c",1,B1000C,0154
adr_goods_0155,adr_class_1,1.1D,adr_label_1,,,TRINITROCHLORO-BENZENE (PICRYL CHLORIDE),"adr_packing_instruction_P112b,adr_packing_instruction_P112c",1,B1000C,0155
adr_goods_0159,adr_class_1,1.3C,adr_label_1,,,"POWDER CAKE (POWDER PASTE), WETTED with not less than 25% water, by mass",adr_packing_instruction_P111,1,C5000D,0159
adr_goods_0160,adr_class_1,1.1C,adr_label_1,,,"POWDER, SMOKELESS",adr_packing_instruction_P114b,1,B1000C,0160
adr_goods_0161,adr_class_1,1.3C,adr_label_1,,,"POWDER, SMOKELESS",adr_packing_instruction_P114b,1,C5000D,0161
adr_goods_0167,adr_class_1,1.1F,adr_label_1,,,PROJECTILES with bursting charge,adr_packing_instruction_P130,1,B1000C,0167
adr_goods_0168,adr_class_1,1.1D,adr_label_1,,,PROJECTILES with bursting charge,"adr_packing_instruction_P130,adr_packing_instruction_LP101",1,B1000C,0168
adr_goods_0169,adr_class_1,1.2D,adr_label_1,,,PROJECTILES with bursting charge,"adr_packing_instruction_P130,adr_packing_instruction_LP101",1,B1000C,0169
adr_goods_0171,adr_class_1,1.2G,adr_label_1,,,"AMMUNITION, ILLUMINATING with or without burster, expelling charge or propelling charge","adr_packing_instruction_P130,adr_packing_instruction_LP101",1,B1000C,0171
adr_goods_0173,adr_class_1,1.4S,adr_label_1_4,,,"RELEASE DEVICES, EXPLOSIVE","adr_packing_instruction_P134,adr_packing_instruction_LP102",4,E,0173
adr_goods_0174,adr_class_1,1.4S,adr_label_1_4,,,"RIVETS, EXPLOSIVE","adr_packing_instruction_P134,adr_packing_instruction_LP102",4,E,0174
adr_goods_0180,adr_class_1,1.1F,adr_label_1,,,ROCKETS with bursting charge,adr_packing_instruction_P130,1,B1000C,0180
adr_goods_0181,adr_class_1,1.1E,adr_label_1,,,ROCKETS with bursting charge,"adr_packing_instruction_P130,adr_packing_instruction_LP101",1,B1000C,0181
adr_goods_0182,adr_class_1,1.2E,adr_label_1,,,ROCKETS with bursting charge,"adr_packing_instruction_P130,adr_packing_instruction_LP101",1,B1000C,0182
adr_goods_0183,adr_class_1,1.3C,adr_label_1,,,ROCKETS with inert head,"adr_packing_instruction_P130,adr_packing_instruction_LP101",1,C5000D,0183
adr_goods_0186,adr_class_1,1.3C,adr_label_1,,,ROCKET MOTORS,"adr_packing_instruction_P130,adr_packing_instruction_LP101",1,C5000D,0186
adr_goods_0190,adr_class_1,,,,,"SAMPLES, EXPLOSIVE, other than initiating explosive",adr_packing_instruction_P101,0,E,0190
adr_goods_0191,adr_class_1,1.4G,adr_label_1_4,,,"SIGNAL DEVICES, HAND",adr_packing_instruction_P135,2,E,0191
adr_goods_0192,adr_class_1,1.1G,adr_label_1,,,"SIGNALS, RAILWAY TRACK, EXPLOSIVE",adr_packing_instruction_P135,1,B1000C,0192
adr_goods_0193,adr_class_1,1.4S,adr_label_1_4,,,"SIGNALS, RAILWAY TRACK, EXPLOSIVE",adr_packing_instruction_P135,4,E,0193
adr_goods_0194,adr_class_1,1.1G,adr_label_1,,,"SIGNALS, DISTRESS, ship",adr_packing_instruction_P135,1,B1000C,0194
adr_goods_0195,adr_class_1,1.3G,adr_label_1,,,"SIGNALS, DISTRESS, ship",adr_packing_instruction_P135,1,C5000D,0195
adr_goods_0196,adr_class_1,1.1G,adr_label_1,,,"SIGNALS, SMOKE",adr_packing_instruction_P135,1,B1000C,0196
adr_goods_0197,adr_class_1,1.4G,adr_label_1_4,,,"SIGNALS, SMOKE",adr_packing_instruction_P135,2,E,0197
adr_goods_0204,adr_class_1,1.2F,adr_label_1,,,"SOUNDING DEVICES, EXPLOSIVE","adr_packing_instruction_P134,adr_packing_instruction_LP102",1,B1000C,0204
adr_goods_0207,adr_class_1,1.1D,adr_label_1,,,TETRANITROANILINE,"adr_packing_instruction_P112b,adr_packing_instruction_P112c",1,B1000C,0207
adr_goods_0208,adr_class_1,1.1D,adr_label_1,,,TRINITROPHENYLMETHYL-NITRAMINE (TETRYL),"adr_packing_instruction_P112b,adr_packing_instruction_P112c",1,B1000C,0208
adr_goods_0209,adr_class_1,1.1D,adr_label_1,,,"TRINITROTOLUENE (TNT), dry or wetted with less than 30% water, by mass","adr_packing_instruction_P112b,adr_packing_instruction_P112c",1,B1000C,0209
adr_goods_0212,adr_class_1,1.3G,adr_label_1,,,TRACERS FOR AMMUNITION,adr_packing_instruction_P133,1,C5000D,0212
adr_goods_0213,adr_class_1,1.1D,adr_label_1,,,TRINITROANISOLE,"adr_packing_instruction_P112b,adr_packing_instruction_P112c",1,B1000C,0213
adr_goods_0214,adr_class_1,1.1D,adr_label_1,,,"TRINITROBENZENE, dry or wetted with less than 30% water, by mass","adr_packing_instruction_P112a,adr_packing_instruction_P112b,adr_packing_instruction_P112c",1,B1000C,0214
adr_goods_0215,adr_class_1,1.1D,adr_label_1,,,"TRINITROBENZOIC ACID, dry or wetted with less than 30% water, by mass","adr_packing_instruction_P112a,adr_packing_instruction_P112b,adr_packing_instruction_P112c",1,B1000C,0215
adr_goods_0216,adr_class_1,1.1D,adr_label_1,,,TRINITRO-m-CRESOL,"adr_packing_instruction_P112b,adr_packing_instruction_P112c",1,B1000C,0216
adr_goods_0217,adr_class_1,1.1D,adr_label_1,,,TRINITRONAPHTHALENE,"adr_packing_instruction_P112b,adr_packing_instruction_P112c",1,B1000C,0217
adr_goods_0218,adr_class_1,1.1D,adr_label_1,,,TRINITROPHENETOLE,"adr_packing_instruction_P112b,adr_packing_instruction_P112c",1,B1000C,0218
adr_goods_0219,adr_class_1,1.1D,adr_label_1,,,"TRINITRORESORCINOL (STYPHNIC ACID), dry or wetted with less than 20% water, or mixture of alcohol and water, by mass","adr_packing_instruction_P112a,adr_packing_instruction_P112b,adr_packing_instruction_P112c",1,B1000C,0219
adr_goods_0220,adr_class_1,1.1D,adr_label_1,,,"UREA NITRATE, dry or wetted with less than 20% water, by mass","adr_packing_instruction_P112a,adr_packing_instruction_P112b,adr_packing_instruction_P112c",1,B1000C,0220
adr_goods_0221,adr_class_1,1.1D,adr_label_1,,,"WARHEADS, TORPEDO with bursting charge","adr_packing_instruction_P130,adr_packing_instruction_LP101",1,B1000C,0221
adr_goods_0222,adr_class_1,1.1D,adr_label_1,,,AMMONIUM NITRATE,"adr_packing_instruction_P112b,adr_packing_instruction_P112c,adr_packing_instruction_IBC100",1,B1000C,0222
adr_goods_0224,adr_class_1,1.1A,"adr_label_1,adr_label_6_1",,,"BARIUM AZIDE, dry or wetted with less than 50% water, by mass",adr_packing_instruction_P110b,0,B,0224
adr_goods_0225,adr_class_1,1.1B,adr_label_1,,,BOOSTERS WITH DETONATOR,adr_packing_instruction_P133,1,B1000C,0225
adr_goods_0226,adr_class_1,1.1D,adr_label_1,,,"CYCLOTETRAMETHYLENE-TETRANITRAMINE (HMX; OCTOGEN), WETTED with not less than 15% water, by mass",adr_packing_instruction_P112a,1,B1000C,0226
adr_goods_0234,adr_class_1,1.3C,adr_label_1,,,"SODIUM DINITRO-o-CRESOLATE, dry or wetted with less than 15% water, by mass","adr_packing_instruction_P114a,adr_packing_instruction_P114b",1,C5000D,0234
adr_goods_0235,adr_class_1,1.3C,adr_label_1,,,"SODIUM PICRAMATE, dry or wetted with less than 20% water, by mass","adr_packing_instruction_P114a,adr_packing_instruction_P114b",1,C5000D,0235
adr_goods_0236,adr_class_1,1.3C,adr_label_1,,,"ZIRCONIUM PICRAMATE, dry or wetted with less than 20% water, by mass","adr_packing_instruction_P114a,adr_packing_instruction_P114b",1,C5000D,0236
adr_goods_0237,adr_class_1,1.4D,adr_label_1_4,,,"CHARGES, SHAPED, FLEXIBLE, LINEAR",adr_packing_instruction_P138,2,E,0237
adr_goods_0238,adr_class_1,1.2G,adr_label_1,,,"ROCKETS, LINE-THROWING",adr_packing_instruction_P130,1,B1000C,0238
adr_goods_0240,adr_class_1,1.3G,adr_label_1,,,"ROCKETS, LINE-THROWING",adr_packing_instruction_P130,1,C5000D,0240
adr_goods_0241,adr_class_1,1.1D,adr_label_1,,,"EXPLOSIVE, BLASTING, TYPE E","adr_packing_instruction_P116,adr_packing_instruction_IBC100",1,B1000C,0241
adr_goods_0242,adr_class_1,1.3C,adr_label_1,,,"CHARGES, PROPELLING, FOR CANNON",adr_packing_instruction_P130,1,C5000D,0242
adr_goods_0243,adr_class_1,1.2H,adr_label_1,,,"AMMUNITION, INCENDIARY, WHITE PHOSPHORUS with burster, expelling charge or propelling charge","adr_packing_instruction_P130,adr_packing_instruction_LP101",1,B1000C,0243
adr_goods_0244,adr_class_1,1.3H,adr_label_1,,,"AMMUNITION, INCENDIARY, WHITE PHOSPHORUS with burster, expelling charge or propelling charge","adr_packing_instruction_P130,adr_packing_instruction_LP101",1,C,0244
adr_goods_0245,adr_class_1,1.2H,adr_label_1,,,"AMMUNITION, SMOKE, WHITE PHOSPHORUS with burster, expelling charge or propelling charge","adr_packing_instruction_P130,adr_packing_instruction_LP101",1,B1000C,0245
adr_goods_0246,adr_class_1,1.3H,adr_label_1,,,"AMMUNITION, SMOKE, WHITE PHOSPHORUS with burster, expelling charge or propelling charge","adr_packing_instruction_P130,adr_packing_instruction_LP101",1,C,0246
adr_goods_0247,adr_class_1,1.3J,adr_label_1,,,"AMMUNITION, INCENDIARY, liquid or gel, with burster, expelling charge or propelling charge",adr_packing_instruction_P101,1,C,0247
adr_goods_0248,adr_class_1,1.2L,adr_label_1,,,"CONTRIVANCES, WATER-ACTIVATED with burster, expelling charge or propelling charge",adr_packing_instruction_P144,0,B,0248
adr_goods_0249,adr_class_1,1.3L,adr_label_1,,,"CONTRIVANCES, WATER-ACTIVATED with burster, expelling charge or propelling charge",adr_packing_instruction_P144,0,B,0249
adr_goods_0250,adr_class_1,1.3L,adr_label_1,,,ROCKET MOTORS WITH HYPERGOLIC LIQUIDS with or without expelling charge,adr_packing_instruction_P101,0,B,0250
adr_goods_0254,adr_class_1,1.3G,adr_label_1,,,"AMMUNITION, ILLUMINATING with or without burster, expelling charge or propelling charge","adr_packing_instruction_P130,adr_packing_instruction_LP101",1,C5000D,0254
adr_goods_0255,adr_class_1,1.4B,adr_label_1_4,,,"DETONATORS, ELECTRIC for blasting",adr_packing_instruction_P131,2,E,0255
adr_goods_0257,adr_class_1,1.4B,adr_label_1_4,,,"FUZES, DETONATING",adr_packing_instruction_P141,2,E,0257
adr_goods_0266,adr_class_1,1.1D,adr_label_1,,,"OCTOLITE (OCTOL), dry or wetted with less than 15% water, by mass","adr_packing_instruction_P112a,adr_packing_instruction_P112b,adr_packing_instruction_P112c",1,B1000C,0266
adr_goods_0267,adr_class_1,1.4B,adr_label_1_4,,,"DETONATORS, NON-ELECTRIC for blasting",adr_packing_instruction_P131,2,E,0267
adr_goods_0268,adr_class_1,1.2B,adr_label_1,,,BOOSTERS WITH DETONATOR,adr_packing_instruction_P133,1,B1000C,0268
adr_goods_0271,adr_class_1,1.1C,adr_label_1,,,"CHARGES, PROPELLING",adr_packing_instruction_P143,1,B1000C,0271
adr_goods_0272,adr_class_1,1.3C,adr_label_1,,,"CHARGES, PROPELLING",adr_packing_instruction_P143,1,C5000D,0272
adr_goods_0275,adr_class_1,1.3C,adr_label_1,,,"CARTRIDGES, POWER DEVICE","adr_packing_instruction_P134,adr_packing_instruction_LP102",1,C5000D,0275
adr_goods_0276,adr_class_1,1.4C,adr_label_1_4,,,"CARTRIDGES, POWER DEVICE","adr_packing_instruction_P134,adr_packing_instruction_LP102",2,E,0276
adr_goods_0277,adr_class_1,1.3C,adr_label_1,,,"CARTRIDGES, OIL WELL","adr_packing_instruction_P134,adr_packing_instruction_LP102",1,C5000D,0277
adr_goods_0278,adr_class_1,1.4C,adr_label_1_4,,,"CARTRIDGES, OIL WELL","adr_packing_instruction_P134,adr_packing_instruction_LP102",2,E,0278
adr_goods_0279,adr_class_1,1.1C,adr_label_1,,,"CHARGES, PROPELLING, FOR CANNON",adr_packing_instruction_P130,1,B1000C,0279
adr_goods_0280,adr_class_1,1.1C,adr_label_1,,,ROCKET MOTORS,"adr_packing_instruction_P130,adr_packing_instruction_LP101",1,B1000C,0280
adr_goods_0281,adr_class_1,1.2C,adr_label_1,,,ROCKET MOTORS,"adr_packing_instruction_P130,adr_packing_instruction_LP101",1,B1000C,0281
adr_goods_0282,adr_class_1,1.1D,adr_label_1,,,"NITROGUANIDINE (PICRITE), dry or wetted with less than 20% water, by mass","adr_packing_instruction_P112a,adr_packing_instruction_P112b,adr_packing_instruction_P112c",1,B1000C,0282
adr_goods_0283,adr_class_1,1.2D,adr_label_1,,,BOOSTERS without detonator,"adr_packing_instruction_P132a,adr_packing_instruction_P132b",1,B1000C,0283
adr_goods_0284,adr_class_1,1.1D,adr_label_1,,,"GRENADES, hand or rifle, with bursting charge",adr_packing_instruction_P141,1,B1000C,0284
adr_goods_0285,adr_class_1,1.2D,adr_label_1,,,"GRENADES, hand or rifle, with bursting charge",adr_packing_instruction_P141,1,B1000C,0285
adr_goods_0286,adr_class_1,1.1D,adr_label_1,,,"WARHEADS, ROCKET with bursting charge","adr_packing_instruction_P130,adr_packing_instruction_LP101",1,B1000C,0286
adr_goods_0287,adr_class_1,1.2D,adr_label_1,,,"WARHEADS, ROCKET with bursting charge","adr_packing_instruction_P130,adr_packing_instruction_LP101",1,B1000C,0287
adr_goods_0288,adr_class_1,1.1D,adr_label_1,,,"CHARGES, SHAPED, FLEXIBLE, LINEAR",adr_packing_instruction_P138,1,B1000C,0288
adr_goods_0289,adr_class_1,1.4D,adr_label_1_4,,,"CORD, DETONATING, flexible",adr_packing_instruction_P139,2,E,0289
adr_goods_0290,adr_class_1,1.1D,adr_label_1,,,"CORD (FUSE), DETONATING, metal clad",adr_packing_instruction_P139,1,B1000C,0290
adr_goods_0291,adr_class_1,1.2F,adr_label_1,,,BOMBS with bursting charge,adr_packing_instruction_P130,1,B1000C,0291
adr_goods_0292,adr_class_1,1.1F,adr_label_1,,,"GRENADES, hand or rifle, with bursting charge",adr_packing_instruction_P141,1,B1000C,0292
adr_goods_0293,adr_class_1,1.2F,adr_label_1,,,"GRENADES, hand or rifle, with bursting charge",adr_packing_instruction_P141,1,B1000C,0293
adr_goods_0294,adr_class_1,1.2F,adr_label_1,,,MINES with bursting charge,adr_packing_instruction_P130,1,B1000C,0294
adr_goods_0295,adr_class_1,1.2F,adr_label_1,,,ROCKETS with bursting charge,adr_packing_instruction_P130,1,B1000C,0295
adr_goods_0296,adr_class_1,1.1F,adr_label_1,,,"SOUNDING DEVICES, EXPLOSIVE","adr_packing_instruction_P134,adr_packing_instruction_LP102",1,B1000C,0296
adr_goods_0297,adr_class_1,1.4G,adr_label_1_4,,,"AMMUNITION, ILLUMINATING with or without burster, expelling charge or propelling charge","adr_packing_instruction_P130,adr_packing_instruction_LP101",2,E,0297
adr_goods_0299,adr_class_1,1.3G,adr_label_1,,,"BOMBS, PHOTO-FLASH","adr_packing_instruction_P130,adr_packing_instruction_LP101",1,C5000D,0299
adr_goods_0300,adr_class_1,1.4G,adr_label_1_4,,,"AMMUNITION, INCENDIARY with or without burster, expelling charge or propelling charge","adr_packing_instruction_P130,adr_packing_instruction_LP101",2,E,0300
adr_goods_0301,adr_class_1,1.4G,"adr_label_1_4,adr_label_6_1,adr_label_8",,,"AMMUNITION, TEAR-PRODUCING with burster, expelling charge or propelling charge","adr_packing_instruction_P130,adr_packing_instruction_LP101",2,E,0301
adr_goods_0303_1dot4G_1dot4_P130/LP101_2,adr_class_1,1.4G,adr_label_1_4,,,"AMMUNITION, SMOKE with or without burster, expelling charge or propelling charge","adr_packing_instruction_P130,adr_packing_instruction_LP101",2,E,0303
adr_goods_0303_1dot4G_1dot4/8_P130/LP101_2,adr_class_1,1.4G,"adr_label_1_4,adr_label_8",,,"AMMUNITION, SMOKE with or without burster, expelling charge or propelling charge, containing corrosive substances","adr_packing_instruction_P130,adr_packing_instruction_LP101",2,E,0303
adr_goods_0303_1dot4G_1dot4/6dot1_P130/LP101_2,adr_class_1,1.4G,"adr_label_1_4,adr_label_6_1",,,"AMMUNITION, SMOKE with or without burster, expelling charge or propelling charge,  containing toxic by inhalation substances","adr_packing_instruction_P130,adr_packing_instruction_LP101",2,E,0303
adr_goods_0305,adr_class_1,1.3G,adr_label_1,,,FLASH POWDER,adr_packing_instruction_P113,1,C5000D,0305
adr_goods_0306,adr_class_1,1.4G,adr_label_1_4,,,TRACERS FOR AMMUNITION,adr_packing_instruction_P133,2,E,0306
adr_goods_0312,adr_class_1,1.4G,adr_label_1_4,,,"CARTRIDGES, SIGNAL",adr_packing_instruction_P135,2,E,0312
adr_goods_0313,adr_class_1,1.2G,adr_label_1,,,"SIGNALS, SMOKE",adr_packing_instruction_P135,1,B1000C,0313
adr_goods_0314,adr_class_1,1.2G,adr_label_1,,,IGNITERS,adr_packing_instruction_P142,1,B1000C,0314
adr_goods_0315,adr_class_1,1.3G,adr_label_1,,,IGNITERS,adr_packing_instruction_P142,1,C5000D,0315
adr_goods_0316,adr_class_1,1.3G,adr_label_1,,,"FUZES, IGNITING",adr_packing_instruction_P141,1,C5000D,0316
adr_goods_0317,adr_class_1,1.4G,adr_label_1_4,,,"FUZES, IGNITING",adr_packing_instruction_P141,2,E,0317
adr_goods_0318,adr_class_1,1.3G,adr_label_1,,,"GRENADES, PRACTICE, hand or rifle",adr_packing_instruction_P141,1,C5000D,0318
adr_goods_0319,adr_class_1,1.3G,adr_label_1,,,"PRIMERS, TUBULAR",adr_packing_instruction_P133,1,C5000D,0319
adr_goods_0320,adr_class_1,1.4G,adr_label_1_4,,,"PRIMERS, TUBULAR",adr_packing_instruction_P133,2,E,0320
adr_goods_0321,adr_class_1,1.2E,adr_label_1,,,CARTRIDGES FOR WEAPONS with bursting charge,"adr_packing_instruction_P130,adr_packing_instruction_LP101",1,B1000C,0321
adr_goods_0322,adr_class_1,1.2L,adr_label_1,,,ROCKET MOTORS WITH HYPERGOLIC LIQUIDS with or without expelling charge,adr_packing_instruction_P101,0,B,0322
adr_goods_0323,adr_class_1,1.4S,adr_label_1_4,,,"CARTRIDGES, POWER DEVICE","adr_packing_instruction_P134,adr_packing_instruction_LP102",4,E,0323
adr_goods_0324,adr_class_1,1.2F,adr_label_1,,,PROJECTILES with bursting charge,adr_packing_instruction_P130,1,B1000C,0324
adr_goods_0325,adr_class_1,1.4G,adr_label_1_4,,,IGNITERS,adr_packing_instruction_P142,2,E,0325
adr_goods_0326,adr_class_1,1.1C,adr_label_1,,,"CARTRIDGES FOR WEAPONS, BLANK",adr_packing_instruction_P130,1,B1000C,0326
adr_goods_0327,adr_class_1,1.3C,adr_label_1,,,"CARTRIDGES FOR WEAPONS, BLANK or CARTRIDGES, SMALL ARMS, BLANK",adr_packing_instruction_P130,1,C5000D,0327
adr_goods_0328,adr_class_1,1.2C,adr_label_1,,,"CARTRIDGES FOR WEAPONS, INERT PROJECTILE","adr_packing_instruction_P130,adr_packing_instruction_LP101",1,B1000C,0328
adr_goods_0329,adr_class_1,1.1E,adr_label_1,,,TORPEDOES with bursting charge,"adr_packing_instruction_P130,adr_packing_instruction_LP101",1,B1000C,0329
adr_goods_0330,adr_class_1,1.1F,adr_label_1,,,TORPEDOES with bursting charge,adr_packing_instruction_P130,1,B1000C,0330
adr_goods_0331,adr_class_1,1.5D,adr_label_1_5,,,"EXPLOSIVE, BLASTING, TYPE B (AGENT, BLASTING, TYPE B)","adr_packing_instruction_P116,adr_packing_instruction_IBC100",1,B1000C,0331
adr_goods_0332,adr_class_1,1.5D,adr_label_1_5,,,"EXPLOSIVE, BLASTING, TYPE E(AGENT, BLASTING, TYPE E)","adr_packing_instruction_P116,adr_packing_instruction_IBC100",1,B1000C,0332
adr_goods_0333,adr_class_1,1.1G,adr_label_1,,,FIREWORKS,adr_packing_instruction_P135,1,B1000C,0333
adr_goods_0334,adr_class_1,1.2G,adr_label_1,,,FIREWORKS,adr_packing_instruction_P135,1,B1000C,0334
adr_goods_0335,adr_class_1,1.3G,adr_label_1,,,FIREWORKS,adr_packing_instruction_P135,1,C5000D,0335
adr_goods_0336,adr_class_1,1.4G,adr_label_1_4,,,FIREWORKS,adr_packing_instruction_P135,2,E,0336
adr_goods_0337,adr_class_1,1.4S,adr_label_1_4,,,FIREWORKS,adr_packing_instruction_P135,4,E,0337
adr_goods_0338,adr_class_1,1.4C,adr_label_1_4,,,"CARTRIDGES FOR WEAPONS, BLANK or CARTRIDGES, SMALL ARMS, BLANK",adr_packing_instruction_P130,2,E,0338
adr_goods_0339,adr_class_1,1.4C,adr_label_1_4,,,"CARTRIDGES FOR WEAPONS, INERT PROJECTILE or CARTRIDGES, SMALL ARMS",adr_packing_instruction_P130,2,E,0339
adr_goods_0340,adr_class_1,1.1D,adr_label_1,,,"NITROCELLULOSE, dry or wetted with less than 25% water (or alcohol), by mass","adr_packing_instruction_P112a,adr_packing_instruction_P112b",1,B1000C,0340
adr_goods_0341,adr_class_1,1.1D,adr_label_1,,,"NITROCELLULOSE, unmodified or plasticized with less than 18% plasticizing substance, by mass",adr_packing_instruction_P112b,1,B1000C,0341
adr_goods_0342,adr_class_1,1.3C,adr_label_1,,,"NITROCELLULOSE, WETTED with not less than 25% alcohol, by mass",adr_packing_instruction_P114a,1,C5000D,0342
adr_goods_0343,adr_class_1,1.3C,adr_label_1,,,"NITROCELLULOSE, PLASTICIZED with not less than 18% plasticizing substance, by mass",adr_packing_instruction_P111,1,C5000D,0343
adr_goods_0344,adr_class_1,1.4D,adr_label_1_4,,,PROJECTILES with bursting charge,"adr_packing_instruction_P130,adr_packing_instruction_LP101",2,E,0344
adr_goods_0345,adr_class_1,1.4S,adr_label_1_4,,,"PROJECTILES, inert with tracer","adr_packing_instruction_P130,adr_packing_instruction_LP101",4,E,0345
adr_goods_0346,adr_class_1,1.2D,adr_label_1,,,PROJECTILES with burster or expelling charge,"adr_packing_instruction_P130,adr_packing_instruction_LP101",1,B1000C,0346
adr_goods_0347,adr_class_1,1.4D,adr_label_1_4,,,PROJECTILES with burster or expelling charge,"adr_packing_instruction_P130,adr_packing_instruction_LP101",2,E,0347
adr_goods_0348,adr_class_1,1.4F,adr_label_1_4,,,CARTRIDGES FOR WEAPONS with bursting charge,adr_packing_instruction_P130,2,E,0348
adr_goods_0349,adr_class_1,1.4S,adr_label_1_4,,,"ARTICLES, EXPLOSIVE, N.O.S.",adr_packing_instruction_P101,4,E,0349
adr_goods_0350,adr_class_1,1.4B,adr_label_1_4,,,"ARTICLES, EXPLOSIVE, N.O.S.",adr_packing_instruction_P101,2,E,0350
adr_goods_0351,adr_class_1,1.4C,adr_label_1_4,,,"ARTICLES, EXPLOSIVE, N.O.S.",adr_packing_instruction_P101,2,E,0351
adr_goods_0352,adr_class_1,1.4D,adr_label_1_4,,,"ARTICLES, EXPLOSIVE, N.O.S.",adr_packing_instruction_P101,2,E,0352
adr_goods_0353,adr_class_1,1.4G,adr_label_1_4,,,"ARTICLES, EXPLOSIVE, N.O.S.",adr_packing_instruction_P101,2,E,0353
adr_goods_0354,adr_class_1,1.1L,adr_label_1,,,"ARTICLES, EXPLOSIVE, N.O.S.",adr_packing_instruction_P101,0,B,0354
adr_goods_0355,adr_class_1,1.2L,adr_label_1,,,"ARTICLES, EXPLOSIVE, N.O.S.",adr_packing_instruction_P101,0,B,0355
adr_goods_0356,adr_class_1,1.3L,adr_label_1,,,"ARTICLES, EXPLOSIVE, N.O.S.",adr_packing_instruction_P101,0,B,0356
adr_goods_0357,adr_class_1,1.1L,adr_label_1,,,"SUBSTANCES, EXPLOSIVE, N.O.S.",adr_packing_instruction_P101,0,B,0357
adr_goods_0358,adr_class_1,1.2L,adr_label_1,,,"SUBSTANCES, EXPLOSIVE, N.O.S.",adr_packing_instruction_P101,0,B,0358
adr_goods_0359,adr_class_1,1.3L,adr_label_1,,,"SUBSTANCES, EXPLOSIVE, N.O.S.",adr_packing_instruction_P101,0,B,0359
adr_goods_0360,adr_class_1,1.1B,adr_label_1,,,"DETONATOR ASSEMBLIES, NON-ELECTRIC for blasting",adr_packing_instruction_P131,1,B1000C,0360
adr_goods_0361,adr_class_1,1.4B,adr_label_1_4,,,"DETONATOR ASSEMBLIES, NON-ELECTRIC for blasting",adr_packing_instruction_P131,2,E,0361
adr_goods_0362,adr_class_1,1.4G,adr_label_1_4,,,"AMMUNITION, PRACTICE","adr_packing_instruction_P130,adr_packing_instruction_LP101",2,E,0362
adr_goods_0363,adr_class_1,1.4G,adr_label_1_4,,,"AMMUNITION, PROOF","adr_packing_instruction_P130,adr_packing_instruction_LP101",2,E,0363
adr_goods_0364,adr_class_1,1.2B,adr_label_1,,,DETONATORS FOR AMMUNITION,adr_packing_instruction_P133,1,B1000C,0364
adr_goods_0365,adr_class_1,1.4B,adr_label_1_4,,,DETONATORS FOR AMMUNITION,adr_packing_instruction_P133,2,E,0365
adr_goods_0366,adr_class_1,1.4S,adr_label_1_4,,,DETONATORS FOR AMMUNITION,adr_packing_instruction_P133,4,E,0366
adr_goods_0367,adr_class_1,1.4S,adr_label_1_4,,,"FUZES, DETONATING",adr_packing_instruction_P141,4,E,0367
adr_goods_0368,adr_class_1,1.4S,adr_label_1_4,,,"FUZES, IGNITING",adr_packing_instruction_P141,4,E,0368
adr_goods_0369,adr_class_1,1.1F,adr_label_1,,,"WARHEADS, ROCKET with bursting charge",adr_packing_instruction_P130,1,B1000C,0369
adr_goods_0370,adr_class_1,1.4D,adr_label_1_4,,,"WARHEADS, ROCKET with burster or expelling charge","adr_packing_instruction_P130,adr_packing_instruction_LP101",2,E,0370
adr_goods_0371,adr_class_1,1.4F,adr_label_1_4,,,"WARHEADS, ROCKET with burster or expelling charge",adr_packing_instruction_P130,2,E,0371
adr_goods_0372,adr_class_1,1.2G,adr_label_1,,,"GRENADES, PRACTICE, hand or rifle",adr_packing_instruction_P141,1,B1000C,0372
adr_goods_0373,adr_class_1,1.4S,adr_label_1_4,,,"SIGNAL DEVICES, HAND",adr_packing_instruction_P135,4,E,0373
adr_goods_0374,adr_class_1,1.1D,adr_label_1,,,"SOUNDING DEVICES, EXPLOSIVE","adr_packing_instruction_P134,adr_packing_instruction_LP102",1,B1000C,0374
adr_goods_0375,adr_class_1,1.2D,adr_label_1,,,"SOUNDING DEVICES, EXPLOSIVE","adr_packing_instruction_P134,adr_packing_instruction_LP102",1,B1000C,0375
adr_goods_0376,adr_class_1,1.4S,adr_label_1_4,,,"PRIMERS, TUBULAR",adr_packing_instruction_P133,4,E,0376
adr_goods_0377,adr_class_1,1.1B,adr_label_1,,,"PRIMERS, CAP TYPE",adr_packing_instruction_P133,1,B1000C,0377
adr_goods_0378,adr_class_1,1.4B,adr_label_1_4,,,"PRIMERS, CAP TYPE",adr_packing_instruction_P133,2,E,0378
adr_goods_0379,adr_class_1,1.4C,adr_label_1_4,,,"CASES, CARTRIDGE, EMPTY, WITH PRIMER",adr_packing_instruction_P136,2,E,0379
adr_goods_0380,adr_class_1,1.2L,adr_label_1,,,"ARTICLES, PYROPHORIC",adr_packing_instruction_P101,0,B,0380
adr_goods_0381,adr_class_1,1.2C,adr_label_1,,,"CARTRIDGES, POWER DEVICE","adr_packing_instruction_P134,adr_packing_instruction_LP102",1,B1000C,0381
adr_goods_0382,adr_class_1,1.2B,adr_label_1,,,"COMPONENTS, EXPLOSIVE TRAIN, N.O.S.",adr_packing_instruction_P101,1,B1000C,0382
adr_goods_0383,adr_class_1,1.4B,adr_label_1_4,,,"COMPONENTS, EXPLOSIVE TRAIN, N.O.S.",adr_packing_instruction_P101,2,E,0383
adr_goods_0384,adr_class_1,1.4S,adr_label_1_4,,,"COMPONENTS, EXPLOSIVE TRAIN, N.O.S.",adr_packing_instruction_P101,4,E,0384
adr_goods_0385,adr_class_1,1.1D,adr_label_1,,,5-NITROBENZOTRIAZOL,"adr_packing_instruction_P112b,adr_packing_instruction_P112c",1,B1000C,0385
adr_goods_0386,adr_class_1,1.1D,adr_label_1,,,TRINITROBENZENE-SULPHONIC ACID,"adr_packing_instruction_P112b,adr_packing_instruction_P112c",1,B1000C,0386
adr_goods_0387,adr_class_1,1.1D,adr_label_1,,,TRINITROFLUORENONE,"adr_packing_instruction_P112b,adr_packing_instruction_P112c",1,B1000C,0387
adr_goods_0388,adr_class_1,1.1D,adr_label_1,,,TRINITROTOLUENE (TNT) AND TRINITROBENZENE MIXTURE or TRINITROTOLUENE (TNT) AND HEXANITROSTILBENE MIXTURE,"adr_packing_instruction_P112b,adr_packing_instruction_P112c",1,B1000C,0388
adr_goods_0389,adr_class_1,1.1D,adr_label_1,,,TRINITROTOLUENE (TNT) MIXTURE CONTAINING TRINITROBENZENE AND HEXANITROSTILBENE,"adr_packing_instruction_P112b,adr_packing_instruction_P112c",1,B1000C,0389
adr_goods_0390,adr_class_1,1.1D,adr_label_1,,,TRITONAL,"adr_packing_instruction_P112b,adr_packing_instruction_P112c",1,B1000C,0390
adr_goods_0391,adr_class_1,1.1D,adr_label_1,,,"CYCLOTRIMETHYLENE-TRINITRAMINE (CYCLONITE; HEXOGEN; RDX) AND CYCLOTETRAMETHYLENE-TETRANITRAMINE (HMX; OCTOGEN) MIXTURE, WETTED with not less than 15% water, by mass or DESENSITIZED with not less than 10% phlegmatiser by mass","adr_packing_instruction_P112a,adr_packing_instruction_P112b",1,B1000C,0391
adr_goods_0392,adr_class_1,1.1D,adr_label_1,,,HEXANITROSTILBENE,"adr_packing_instruction_P112b,adr_packing_instruction_P112c",1,B1000C,0392
adr_goods_0393,adr_class_1,1.1D,adr_label_1,,,HEXOTONAL,adr_packing_instruction_P112b,1,B1000C,0393
adr_goods_0394,adr_class_1,1.1D,adr_label_1,,,"TRINITRORESORCINOL (STYPHNIC ACID), WETTED with not less than 20% water, or mixture of alcohol and water, by mass",adr_packing_instruction_P112a,1,B1000C,0394
adr_goods_0395,adr_class_1,1.2J,adr_label_1,,,"ROCKET MOTORS, LIQUID FUELLED",adr_packing_instruction_P101,1,B1000C,0395
adr_goods_0396,adr_class_1,1.3J,adr_label_1,,,"ROCKET MOTORS, LIQUID FUELLED",adr_packing_instruction_P101,1,C,0396
adr_goods_0397,adr_class_1,1.1J,adr_label_1,,,"ROCKETS, LIQUID FUELLED with bursting charge",adr_packing_instruction_P101,1,B1000C,0397
adr_goods_0398,adr_class_1,1.2J,adr_label_1,,,"ROCKETS, LIQUID FUELLED with bursting charge",adr_packing_instruction_P101,1,B1000C,0398
adr_goods_0399,adr_class_1,1.1J,adr_label_1,,,BOMBS WITH FLAMMABLE LIQUID with bursting charge,adr_packing_instruction_P101,1,B1000C,0399
adr_goods_0400,adr_class_1,1.2J,adr_label_1,,,BOMBS WITH FLAMMABLE LIQUID with bursting charge,adr_packing_instruction_P101,1,B1000C,0400
adr_goods_0401,adr_class_1,1.1D,adr_label_1,,,"DIPICRYL SULPHIDE, dry or wetted with less than 10% water, by mass","adr_packing_instruction_P112a,adr_packing_instruction_P112b,adr_packing_instruction_P112c",1,B1000C,0401
adr_goods_0402,adr_class_1,1.1D,adr_label_1,,,AMMONIUM PERCHLORATE,"adr_packing_instruction_P112b,adr_packing_instruction_P112c",1,B1000C,0402
adr_goods_0403,adr_class_1,1.4G,adr_label_1_4,,,"FLARES, AERIAL",adr_packing_instruction_P135,2,E,0403
adr_goods_0404,adr_class_1,1.4S,adr_label_1_4,,,"FLARES, AERIAL",adr_packing_instruction_P135,4,E,0404
adr_goods_0405,adr_class_1,1.4S,adr_label_1_4,,,"CARTRIDGES, SIGNAL",adr_packing_instruction_P135,4,E,0405
adr_goods_0406,adr_class_1,1.3C,adr_label_1,,,DINITROSOBENZENE,adr_packing_instruction_P114b,1,C5000D,0406
adr_goods_0407,adr_class_1,1.4C,adr_label_1_4,,,TETRAZOL-1-ACETIC ACID,adr_packing_instruction_P114b,2,E,0407
adr_goods_0408,adr_class_1,1.1D,adr_label_1,,,"FUZES, DETONATING with protective features",adr_packing_instruction_P141,1,B1000C,0408
adr_goods_0409,adr_class_1,1.2D,adr_label_1,,,"FUZES, DETONATING with protective features",adr_packing_instruction_P141,1,B1000C,0409
adr_goods_0410,adr_class_1,1.4D,adr_label_1_4,,,"FUZES, DETONATING with protective features",adr_packing_instruction_P141,2,E,0410
adr_goods_0411,adr_class_1,1.1D,adr_label_1,,,"PENTAERYTHRITE TETRANITRATE (PENTAERYTHRITOL TETRANITRATE; PETN) with not less than 7% wax, by mass","adr_packing_instruction_P112b,adr_packing_instruction_P112c",1,B1000C,0411
adr_goods_0412,adr_class_1,1.4E,adr_label_1_4,,,CARTRIDGES FOR WEAPONS with bursting charge,"adr_packing_instruction_P130,adr_packing_instruction_LP101",2,E,0412
adr_goods_0413,adr_class_1,1.2C,adr_label_1,,,"CARTRIDGES FOR WEAPONS, BLANK",adr_packing_instruction_P130,1,B1000C,0413
adr_goods_0414,adr_class_1,1.2C,adr_label_1,,,"CHARGES, PROPELLING, FOR CANNON",adr_packing_instruction_P130,1,B1000C,0414
adr_goods_0415,adr_class_1,1.2C,adr_label_1,,,"CHARGES, PROPELLING",adr_packing_instruction_P143,1,B1000C,0415
adr_goods_0417,adr_class_1,1.3C,adr_label_1,,,"CARTRIDGES FOR WEAPONS, INERT PROJECTILE or CARTRIDGES, SMALL ARMS",adr_packing_instruction_P130,1,C5000D,0417
adr_goods_0418,adr_class_1,1.1G,adr_label_1,,,"FLARES, SURFACE",adr_packing_instruction_P135,1,B1000C,0418
adr_goods_0419,adr_class_1,1.2G,adr_label_1,,,"FLARES, SURFACE",adr_packing_instruction_P135,1,B1000C,0419
adr_goods_0420,adr_class_1,1.1G,adr_label_1,,,"FLARES, AERIAL",adr_packing_instruction_P135,1,B1000C,0420
adr_goods_0421,adr_class_1,1.2G,adr_label_1,,,"FLARES, AERIAL",adr_packing_instruction_P135,1,B1000C,0421
adr_goods_0424,adr_class_1,1.3G,adr_label_1,,,"PROJECTILES, inert with tracer","adr_packing_instruction_P130,adr_packing_instruction_LP101",1,C5000D,0424
adr_goods_0425,adr_class_1,1.4G,adr_label_1_4,,,"PROJECTILES, inert with tracer","adr_packing_instruction_P130,adr_packing_instruction_LP101",2,E,0425
adr_goods_0426,adr_class_1,1.2F,adr_label_1,,,PROJECTILES with burster or expelling charge,adr_packing_instruction_P130,1,B1000C,0426
adr_goods_0427,adr_class_1,1.4F,adr_label_1_4,,,PROJECTILES with burster or expelling charge,adr_packing_instruction_P130,2,E,0427
adr_goods_0428,adr_class_1,1.1G,adr_label_1,,,"ARTICLES, PYROTECHNIC for technical purposes",adr_packing_instruction_P135,1,B1000C,0428
adr_goods_0429,adr_class_1,1.2G,adr_label_1,,,"ARTICLES, PYROTECHNIC for technical purposes",adr_packing_instruction_P135,1,B1000C,0429
adr_goods_0430,adr_class_1,1.3G,adr_label_1,,,"ARTICLES, PYROTECHNIC for technical purposes",adr_packing_instruction_P135,1,C5000D,0430
adr_goods_0431,adr_class_1,1.4G,adr_label_1_4,,,"ARTICLES, PYROTECHNIC for technical purposes",adr_packing_instruction_P135,2,E,0431
adr_goods_0432,adr_class_1,1.4S,adr_label_1_4,,,"ARTICLES, PYROTECHNIC for technical purposes",adr_packing_instruction_P135,4,E,0432
adr_goods_0433,adr_class_1,1.1C,adr_label_1,,,"POWDER CAKE (POWDER PASTE), WETTED with not less than 17% alcohol, by mass",adr_packing_instruction_P111,1,B1000C,0433
adr_goods_0434,adr_class_1,1.2G,adr_label_1,,,PROJECTILES with burster or expelling charge,"adr_packing_instruction_P130,adr_packing_instruction_LP101",1,B1000C,0434
adr_goods_0435,adr_class_1,1.4G,adr_label_1_4,,,PROJECTILES with burster or expelling charge,"adr_packing_instruction_P130,adr_packing_instruction_LP101",2,E,0435
adr_goods_0436,adr_class_1,1.2C,adr_label_1,,,ROCKETS with expelling charge,"adr_packing_instruction_P130,adr_packing_instruction_LP101",1,B1000C,0436
adr_goods_0437,adr_class_1,1.3C,adr_label_1,,,ROCKETS with expelling charge,"adr_packing_instruction_P130,adr_packing_instruction_LP101",1,C5000D,0437
adr_goods_0438,adr_class_1,1.4C,adr_label_1_4,,,ROCKETS with expelling charge,"adr_packing_instruction_P130,adr_packing_instruction_LP101",2,E,0438
adr_goods_0439,adr_class_1,1.2D,adr_label_1,,,"CHARGES, SHAPED, without detonator",adr_packing_instruction_P137,1,B1000C,0439
adr_goods_0440,adr_class_1,1.4D,adr_label_1_4,,,"CHARGES, SHAPED, without detonator",adr_packing_instruction_P137,2,E,0440
adr_goods_0441,adr_class_1,1.4S,adr_label_1_4,,,"CHARGES, SHAPED, without detonator",adr_packing_instruction_P137,4,E,0441
adr_goods_0442,adr_class_1,1.1D,adr_label_1,,,"CHARGES, EXPLOSIVE, COMMERCIAL without detonator",adr_packing_instruction_P137,1,B1000C,0442
adr_goods_0443,adr_class_1,1.2D,adr_label_1,,,"CHARGES, EXPLOSIVE, COMMERCIAL without detonator",adr_packing_instruction_P137,1,B1000C,0443
adr_goods_0444,adr_class_1,1.4D,adr_label_1_4,,,"CHARGES, EXPLOSIVE, COMMERCIAL without detonator",adr_packing_instruction_P137,2,E,0444
adr_goods_0445,adr_class_1,1.4S,adr_label_1_4,,,"CHARGES, EXPLOSIVE, COMMERCIAL without detonator",adr_packing_instruction_P137,4,E,0445
adr_goods_0446,adr_class_1,1.4C,adr_label_1_4,,,"CASES, COMBUSTIBLE, EMPTY, WITHOUT PRIMER",adr_packing_instruction_P136,2,E,0446
adr_goods_0447,adr_class_1,1.3C,adr_label_1,,,"CASES, COMBUSTIBLE, EMPTY, WITHOUT PRIMER",adr_packing_instruction_P136,1,C5000D,0447
adr_goods_0448,adr_class_1,1.4C,adr_label_1_4,,,5-MERCAPTOTETRAZOL-1-ACETIC ACID,adr_packing_instruction_P114b,2,E,0448
adr_goods_0449,adr_class_1,1.1J,adr_label_1,,,"TORPEDOES, LIQUID FUELLED with or without bursting charge",adr_packing_instruction_P101,1,B1000C,0449
adr_goods_0450,adr_class_1,1.3J,adr_label_1,,,"TORPEDOES, LIQUID FUELLED with inert head",adr_packing_instruction_P101,1,C,0450
adr_goods_0451,adr_class_1,1.1D,adr_label_1,,,TORPEDOES with bursting charge,"adr_packing_instruction_P130,adr_packing_instruction_LP101",1,B1000C,0451
adr_goods_0452,adr_class_1,1.4G,adr_label_1_4,,,"GRENADES, PRACTICE, hand or rifle",adr_packing_instruction_P141,2,E,0452
adr_goods_0453,adr_class_1,1.4G,adr_label_1_4,,,"ROCKETS, LINE-THROWING",adr_packing_instruction_P130,2,E,0453
adr_goods_0454,adr_class_1,1.4S,adr_label_1_4,,,IGNITERS,adr_packing_instruction_P142,4,E,0454
adr_goods_0455,adr_class_1,1.4S,adr_label_1_4,,,"DETONATORS, NON-ELECTRIC for blasting",adr_packing_instruction_P131,4,E,0455
adr_goods_0456,adr_class_1,1.4S,adr_label_1_4,,,"DETONATORS, ELECTRIC for blasting",adr_packing_instruction_P131,4,E,0456
adr_goods_0457,adr_class_1,1.1D,adr_label_1,,,"CHARGES, BURSTING, PLASTICS BONDED",adr_packing_instruction_P130,1,B1000C,0457
adr_goods_0458,adr_class_1,1.2D,adr_label_1,,,"CHARGES, BURSTING, PLASTICS BONDED",adr_packing_instruction_P130,1,B1000C,0458
adr_goods_0459,adr_class_1,1.4D,adr_label_1_4,,,"CHARGES, BURSTING, PLASTICS BONDED",adr_packing_instruction_P130,2,E,0459
adr_goods_0460,adr_class_1,1.4S,adr_label_1_4,,,"CHARGES, BURSTING, PLASTICS BONDED",adr_packing_instruction_P130,4,E,0460
adr_goods_0461,adr_class_1,1.1B,adr_label_1,,,"COMPONENTS, EXPLOSIVE TRAIN, N.O.S.",adr_packing_instruction_P101,1,B1000C,0461
adr_goods_0462,adr_class_1,1.1C,adr_label_1,,,"ARTICLES, EXPLOSIVE, N.O.S.",adr_packing_instruction_P101,1,B1000C,0462
adr_goods_0463,adr_class_1,1.1D,adr_label_1,,,"ARTICLES, EXPLOSIVE, N.O.S.",adr_packing_instruction_P101,1,B1000C,0463
adr_goods_0464,adr_class_1,1.1E,adr_label_1,,,"ARTICLES, EXPLOSIVE, N.O.S.",adr_packing_instruction_P101,1,B1000C,0464
adr_goods_0465,adr_class_1,1.1F,adr_label_1,,,"ARTICLES, EXPLOSIVE, N.O.S.",adr_packing_instruction_P101,1,B1000C,0465
adr_goods_0466,adr_class_1,1.2C,adr_label_1,,,"ARTICLES, EXPLOSIVE, N.O.S.",adr_packing_instruction_P101,1,B1000C,0466
adr_goods_0467,adr_class_1,1.2D,adr_label_1,,,"ARTICLES, EXPLOSIVE, N.O.S.",adr_packing_instruction_P101,1,B1000C,0467
adr_goods_0468,adr_class_1,1.2E,adr_label_1,,,"ARTICLES, EXPLOSIVE, N.O.S.",adr_packing_instruction_P101,1,B1000C,0468
adr_goods_0469,adr_class_1,1.2F,adr_label_1,,,"ARTICLES, EXPLOSIVE, N.O.S.",adr_packing_instruction_P101,1,B1000C,0469
adr_goods_0470,adr_class_1,1.3C,adr_label_1,,,"ARTICLES, EXPLOSIVE, N.O.S.",adr_packing_instruction_P101,1,C5000D,0470
adr_goods_0471,adr_class_1,1.4E,adr_label_1_4,,,"ARTICLES, EXPLOSIVE, N.O.S.",adr_packing_instruction_P101,2,E,0471
adr_goods_0472,adr_class_1,1.4F,adr_label_1_4,,,"ARTICLES, EXPLOSIVE, N.O.S.",adr_packing_instruction_P101,2,E,0472
adr_goods_0473,adr_class_1,1.1A,adr_label_1,,,"SUBSTANCES, EXPLOSIVE, N.O.S.",adr_packing_instruction_P101,0,B,0473
adr_goods_0474,adr_class_1,1.1C,adr_label_1,,,"SUBSTANCES, EXPLOSIVE, N.O.S.",adr_packing_instruction_P101,1,B1000C,0474
adr_goods_0475,adr_class_1,1.1D,adr_label_1,,,"SUBSTANCES, EXPLOSIVE, N.O.S.",adr_packing_instruction_P101,1,B1000C,0475
adr_goods_0476,adr_class_1,1.1G,adr_label_1,,,"SUBSTANCES, EXPLOSIVE, N.O.S.",adr_packing_instruction_P101,1,B1000C,0476
adr_goods_0477,adr_class_1,1.3C,adr_label_1,,,"SUBSTANCES, EXPLOSIVE, N.O.S.",adr_packing_instruction_P101,1,C5000D,0477
adr_goods_0478,adr_class_1,1.3G,adr_label_1,,,"SUBSTANCES, EXPLOSIVE, N.O.S.",adr_packing_instruction_P101,1,C5000D,0478
adr_goods_0479,adr_class_1,1.4C,adr_label_1_4,,,"SUBSTANCES, EXPLOSIVE, N.O.S.",adr_packing_instruction_P101,2,E,0479
adr_goods_0480,adr_class_1,1.4D,adr_label_1_4,,,"SUBSTANCES, EXPLOSIVE, N.O.S.",adr_packing_instruction_P101,2,E,0480
adr_goods_0481,adr_class_1,1.4S,adr_label_1_4,,,"SUBSTANCES, EXPLOSIVE, N.O.S.",adr_packing_instruction_P101,4,E,0481
adr_goods_0482,adr_class_1,1.5D,adr_label_1_5,,,"SUBSTANCES, EXPLOSIVE, VERY INSENSITIVE (SUBSTANCES, EVI), N.O.S.",adr_packing_instruction_P101,1,B1000C,0482
adr_goods_0483,adr_class_1,1.1D,adr_label_1,,,"CYCLOTRIMETHYLENE-TRINITRAMINE (CYCLONITE; HEXOGEN; RDX), DESENSITIZED","adr_packing_instruction_P112b,adr_packing_instruction_P112c",1,B1000C,0483
adr_goods_0484,adr_class_1,1.1D,adr_label_1,,,"CYCLOTETRAMETHYLENE-TETRA-NITRAMINE (HMX; OCTOGEN), DESENSITIZED","adr_packing_instruction_P112b,adr_packing_instruction_P112c",1,B1000C,0484
adr_goods_0485,adr_class_1,1.4G,adr_label_1_4,,,"SUBSTANCES, EXPLOSIVE, N.O.S.",adr_packing_instruction_P101,2,E,0485
adr_goods_0486,adr_class_1,1.6N,adr_label_1_6,,,"ARTICLES, EXPLOSIVE, EXTREMELY INSENSITIVE (ARTICLES, EEI)",adr_packing_instruction_P101,2,E,0486
adr_goods_0487,adr_class_1,1.3G,adr_label_1,,,"SIGNALS, SMOKE",adr_packing_instruction_P135,1,C5000D,0487
adr_goods_0488,adr_class_1,1.3G,adr_label_1,,,"AMMUNITION, PRACTICE","adr_packing_instruction_P130,adr_packing_instruction_LP101",1,C5000D,0488
adr_goods_0489,adr_class_1,1.1D,adr_label_1,,,DINITROGLYCOLURIL (DINGU),"adr_packing_instruction_P112b,adr_packing_instruction_P112c",1,B1000C,0489
adr_goods_0490,adr_class_1,1.1D,adr_label_1,,,NITROTRIAZOLONE (NTO),"adr_packing_instruction_P112b,adr_packing_instruction_P112c",1,B1000C,0490
adr_goods_0491,adr_class_1,1.4C,adr_label_1_4,,,"CHARGES, PROPELLING",adr_packing_instruction_P143,2,E,0491
adr_goods_0492,adr_class_1,1.3G,adr_label_1,,,"SIGNALS, RAILWAY TRACK, EXPLOSIVE",adr_packing_instruction_P135,1,C5000D,0492
adr_goods_0493,adr_class_1,1.4G,adr_label_1_4,,,"SIGNALS, RAILWAY TRACK, EXPLOSIVE",adr_packing_instruction_P135,2,E,0493
adr_goods_0494,adr_class_1,1.4D,adr_label_1_4,,,"JET PERFORATING GUNS, CHARGED, oil well, without detonator",adr_packing_instruction_P101,2,E,0494
adr_goods_0495,adr_class_1,1.3C,adr_label_1,,,"PROPELLANT, LIQUID",adr_packing_instruction_P115,1,C5000D,0495
adr_goods_0496,adr_class_1,1.1D,adr_label_1,,,OCTONAL,"adr_packing_instruction_P112b,adr_packing_instruction_P112c",1,B1000C,0496
adr_goods_0497,adr_class_1,1.1C,adr_label_1,,,"PROPELLANT, LIQUID",adr_packing_instruction_P115,1,B1000C,0497
adr_goods_0498,adr_class_1,1.1C,adr_label_1,,,"PROPELLANT, SOLID",adr_packing_instruction_P114b,1,B1000C,0498
adr_goods_0499,adr_class_1,1.3C,adr_label_1,,,"PROPELLANT, SOLID",adr_packing_instruction_P114b,1,C5000D,0499
adr_goods_0500,adr_class_1,1.4S,adr_label_1_4,,,"DETONATOR ASSEMBLIES, NON-ELECTRIC for blasting",adr_packing_instruction_P131,4,E,0500
adr_goods_0501,adr_class_1,1.4C,adr_label_1_4,,,"PROPELLANT, SOLID",adr_packing_instruction_P114b,2,E,0501
adr_goods_0502,adr_class_1,1.2C,adr_label_1,,,ROCKETS with inert head,"adr_packing_instruction_P130,adr_packing_instruction_LP101",1,B1000C,0502
adr_goods_0503,adr_class_1,1.4G,adr_label_1_4,,,"SAFETY DEVICES, PYROTECHNIC",adr_packing_instruction_P135,2,E,0503
adr_goods_0504,adr_class_1,1.1D,adr_label_1,,,1H-TETRAZOLE,adr_packing_instruction_P112c,1,B1000C,0504
adr_goods_0505,adr_class_1,1.4G,adr_label_1_4,,,"SIGNALS, DISTRESS, ship",adr_packing_instruction_P135,2,E,0505
adr_goods_0506,adr_class_1,1.4S,adr_label_1_4,,,"SIGNALS, DISTRESS, ship",adr_packing_instruction_P135,4,E,0506
adr_goods_0507,adr_class_1,1.4S,adr_label_1_4,,,"SIGNALS, SMOKE",adr_packing_instruction_P135,4,E,0507
adr_goods_0508,adr_class_1,1.3C,adr_label_1,,,"1-HYDROXY-BENZOTRIAZOLE, ANHYDROUS, dry or wetted with less than 20% water, by mass",adr_packing_instruction_P114b,1,C5000D,0508
adr_goods_0509,adr_class_1,1.4C,adr_label_1_4,,,"POWDER, SMOKELESS",adr_packing_instruction_P114b,2,E,0509
adr_goods_0510,adr_class_1,1.4C,adr_label_1_4,,,ROCKET MOTORS,"adr_packing_instruction_P130,adr_packing_instruction_LP101",2,E,0510
adr_goods_1001,adr_class_2,4F,adr_label_2_1,,,"ACETYLENE, DISSOLVED",adr_packing_instruction_P200,2,B/D,1001
adr_goods_1002,adr_class_2,1A,adr_label_2_2,120,uom.product_uom_milliliter,"AIR, COMPRESSED",adr_packing_instruction_P200,3,E,1002
adr_goods_1003,adr_class_2,3O,"adr_label_2_2,adr_label_5_1",,,"AIR, REFRIGERATED LIQUID",adr_packing_instruction_P203,3,C/E,1003
adr_goods_1005,adr_class_2,2TC,"adr_label_2_3,adr_label_8",,,"AMMONIA, ANHYDROUS",adr_packing_instruction_P200,1,C/D,1005
adr_goods_1006,adr_class_2,1A,adr_label_2_2,120,uom.product_uom_milliliter,"ARGON, COMPRESSED",adr_packing_instruction_P200,3,E,1006
adr_goods_1008,adr_class_2,2TC,"adr_label_2_3,adr_label_8",,,BORON TRIFLUORIDE,adr_packing_instruction_P200,1,C/D,1008
adr_goods_1009,adr_class_2,2A,adr_label_2_2,120,uom.product_uom_milliliter,BROMOTRIFLUORO-METHANE (REFRIGERANT GAS R 13B1),adr_packing_instruction_P200,3,C/E,1009
adr_goods_1010,adr_class_2,2F,adr_label_2_1,,,"BUTADIENES, STABILIZED or BUTADIENES AND HYDROCARBON MIXTURE, STABILIZED, having a vapour pressure at 70 °C not exceeding 1.1 Mpa (11 bar) and a density at 50 °C not lower than 0.525 kg/l",adr_packing_instruction_P200,2,B/D,1010
adr_goods_1011,adr_class_2,2F,adr_label_2_1,,,BUTANE,adr_packing_instruction_P200,2,B/D,1011
adr_goods_1012,adr_class_2,2F,adr_label_2_1,,,BUTYLENES MIXTURE or 1-BUTYLENE or cis-2-BUTYLENE or trans-2-BUTYLENE,adr_packing_instruction_P200,2,B/D,1012
adr_goods_1013,adr_class_2,2A,adr_label_2_2,120,uom.product_uom_milliliter,CARBON DIOXIDE,adr_packing_instruction_P200,3,C/E,1013
adr_goods_1016,adr_class_2,1TF,"adr_label_2_3,adr_label_2_1",,,"CARBON MONOXIDE, COMPRESSED",adr_packing_instruction_P200,1,B/D,1016
adr_goods_1017,adr_class_2,2TOC,"adr_label_2_3,adr_label_5_1,adr_label_8",,,CHLORINE,adr_packing_instruction_P200,1,C/D,1017
adr_goods_1018,adr_class_2,2A,adr_label_2_2,120,uom.product_uom_milliliter,CHLORODIFLUORO-METHANE (REFRIGERANT GAS R 22),adr_packing_instruction_P200,3,C/E,1018
adr_goods_1020,adr_class_2,2A,adr_label_2_2,120,uom.product_uom_milliliter,CHLOROPENTAFLUORO-ETHANE (REFRIGERANT GAS R 115),adr_packing_instruction_P200,3,C/E,1020
adr_goods_1021,adr_class_2,2A,adr_label_2_2,120,uom.product_uom_milliliter,"1-CHLORO-1,2,2,2-TETRAFLUOROETHANE (REFRIGERANT GAS R 124)",adr_packing_instruction_P200,3,C/E,1021
adr_goods_1022,adr_class_2,2A,adr_label_2_2,120,uom.product_uom_milliliter,CHLOROTRIFLUORO-METHANE (REFRIGERANT GAS R 13),adr_packing_instruction_P200,3,C/E,1022
adr_goods_1023,adr_class_2,1TF,"adr_label_2_3,adr_label_2_1",,,"COAL GAS, COMPRESSED",adr_packing_instruction_P200,1,B/D,1023
adr_goods_1026,adr_class_2,2TF,"adr_label_2_3,adr_label_2_1",,,CYANOGEN,adr_packing_instruction_P200,1,B/D,1026
adr_goods_1027,adr_class_2,2F,adr_label_2_1,,,CYCLOPROPANE,adr_packing_instruction_P200,2,B/D,1027
adr_goods_1028,adr_class_2,2A,adr_label_2_2,120,uom.product_uom_milliliter,DICHLORODIFLUORO-METHANE (REFRIGERANT GAS R 12),adr_packing_instruction_P200,3,C/E,1028
adr_goods_1029,adr_class_2,2A,adr_label_2_2,120,uom.product_uom_milliliter,DICHLOROFLUORO-METHANE (REFRIGERANT GAS R 21),adr_packing_instruction_P200,3,C/E,1029
adr_goods_1030,adr_class_2,2F,adr_label_2_1,,,"1,1-DIFLUOROETHANE (REFRIGERANT GAS R 152a)",adr_packing_instruction_P200,2,B/D,1030
adr_goods_1032,adr_class_2,2F,adr_label_2_1,,,"DIMETHYLAMINE, ANHYDROUS",adr_packing_instruction_P200,2,B/D,1032
adr_goods_1033,adr_class_2,2F,adr_label_2_1,,,DIMETHYL ETHER,adr_packing_instruction_P200,2,B/D,1033
adr_goods_1035,adr_class_2,2F,adr_label_2_1,,,ETHANE,adr_packing_instruction_P200,2,B/D,1035
adr_goods_1036,adr_class_2,2F,adr_label_2_1,,,ETHYLAMINE,adr_packing_instruction_P200,2,B/D,1036
adr_goods_1037,adr_class_2,2F,adr_label_2_1,,,ETHYL CHLORIDE,adr_packing_instruction_P200,2,B/D,1037
adr_goods_1038,adr_class_2,3F,adr_label_2_1,,,"ETHYLENE, REFRIGERATED LIQUID",adr_packing_instruction_P203,2,B/D,1038
adr_goods_1039,adr_class_2,2F,adr_label_2_1,,,ETHYL METHYL ETHER,adr_packing_instruction_P200,2,B/D,1039
adr_goods_1040_2TF_2dot3/2dot1_342_P200_1,adr_class_2,2TF,"adr_label_2_3,adr_label_2_1",,,ETHYLENE OXIDE,adr_packing_instruction_P200,1,B/D,1040
adr_goods_1040_2TF_2dot3/2dot1_342_P200_1_lower_pressure,adr_class_2,2TF,"adr_label_2_3,adr_label_2_1",,,ETHYLENE OXIDE WITH NITROGEN up to a total pressure of 1 MPa (10 bar) at 50 °C,adr_packing_instruction_P200,1,B/D,1040
adr_goods_1041,adr_class_2,2F,adr_label_2_1,,,ETHYLENE OXIDE AND CARBON DIOXIDE MIXTURE with more than 9% but not more than 87% ethylene oxide,adr_packing_instruction_P200,2,B/D,1041
adr_goods_1043,adr_class_2,4A,adr_label_2_2,,,FERTILIZER AMMONIATING SOLUTION with free ammonia,adr_packing_instruction_P200,-,-,1043
adr_goods_1044,adr_class_2,6A,adr_label_2_2,120,uom.product_uom_milliliter,FIRE EXTINGUISHERS with compressed or liquefied gas,adr_packing_instruction_P003,3,E,1044
adr_goods_1045,adr_class_2,1TOC,"adr_label_2_3,adr_label_5_1,adr_label_8",,,"FLUORINE, COMPRESSED",adr_packing_instruction_P200,1,D,1045
adr_goods_1046,adr_class_2,1A,adr_label_2_2,120,uom.product_uom_milliliter,"HELIUM, COMPRESSED",adr_packing_instruction_P200,3,E,1046
adr_goods_1048,adr_class_2,2TC,"adr_label_2_3,adr_label_8",,,"HYDROGEN BROMIDE, ANHYDROUS",adr_packing_instruction_P200,1,C/D,1048
adr_goods_1049,adr_class_2,1F,adr_label_2_1,,,"HYDROGEN, COMPRESSED",adr_packing_instruction_P200,2,B/D,1049
adr_goods_1050,adr_class_2,2TC,"adr_label_2_3,adr_label_8",,,"HYDROGEN CHLORIDE, ANHYDROUS",adr_packing_instruction_P200,1,C/D,1050
adr_goods_1051,adr_class_6_1,TF1,"adr_label_6_1,adr_label_3",,,"HYDROGEN CYANIDE, STABILIZED containing less than 3% water",adr_packing_instruction_P200,0,D,1051
adr_goods_1052,adr_class_8,CT1,"adr_label_8,adr_label_6_1",,,"HYDROGEN FLUORIDE, ANHYDROUS",adr_packing_instruction_P200,1,C/D,1052
adr_goods_1053,adr_class_2,2TF,"adr_label_2_3,adr_label_2_1",,,HYDROGEN SULPHIDE,adr_packing_instruction_P200,1,B/D,1053
adr_goods_1055,adr_class_2,2F,adr_label_2_1,,,ISOBUTYLENE,adr_packing_instruction_P200,2,B/D,1055
adr_goods_1056,adr_class_2,1A,adr_label_2_2,120,uom.product_uom_milliliter,"KRYPTON, COMPRESSED",adr_packing_instruction_P200,3,E,1056
adr_goods_1057,adr_class_2,6F,adr_label_2_1,,,LIGHTERS or LIGHTER REFILLS containing flammable gas,adr_packing_instruction_P002,2,D,1057
adr_goods_1058,adr_class_2,2A,adr_label_2_2,120,uom.product_uom_milliliter,"LIQUEFIED GASES, non-flammable, charged with nitrogen, carbon dioxide or air",adr_packing_instruction_P200,3,C/E,1058
adr_goods_1060,adr_class_2,2F,adr_label_2_1,,,"METHYLACETYLENE AND PROPADIENE MIXTURE, STABILIZED such as mixture P1 or mixture P2",adr_packing_instruction_P200,2,B/D,1060
adr_goods_1061,adr_class_2,2F,adr_label_2_1,,,"METHYLAMINE, ANHYDROUS",adr_packing_instruction_P200,2,B/D,1061
adr_goods_1062,adr_class_2,2T,adr_label_2_3,,,METHYL BROMIDE with not more than 2% chloropicrin,adr_packing_instruction_P200,1,C/D,1062
adr_goods_1063,adr_class_2,2F,adr_label_2_1,,,METHYL CHLORIDE (REFRIGERANT GAS R 40),adr_packing_instruction_P200,2,B/D,1063
adr_goods_1064,adr_class_2,2TF,"adr_label_2_3,adr_label_2_1",,,METHYL MERCAPTAN,adr_packing_instruction_P200,1,B/D,1064
adr_goods_1065,adr_class_2,1A,adr_label_2_2,120,uom.product_uom_milliliter,"NEON, COMPRESSED",adr_packing_instruction_P200,3,E,1065
adr_goods_1066,adr_class_2,1A,adr_label_2_2,120,uom.product_uom_milliliter,"NITROGEN, COMPRESSED",adr_packing_instruction_P200,3,E,1066
adr_goods_1067,adr_class_2,2TOC,"adr_label_2_3,adr_label_5_1,adr_label_8",,,DINITROGEN TETROXIDE (NITROGEN DIOXIDE),adr_packing_instruction_P200,1,C/D,1067
adr_goods_1069,adr_class_2,2TC,"adr_label_2_3,adr_label_8",,,NITROSYL CHLORIDE,adr_packing_instruction_P200,1,D,1069
adr_goods_1070,adr_class_2,2O,"adr_label_2_2,adr_label_5_1",,,NITROUS OXIDE,adr_packing_instruction_P200,3,C/E,1070
adr_goods_1071,adr_class_2,1TF,"adr_label_2_3,adr_label_2_1",,,"OIL GAS, COMPRESSED",adr_packing_instruction_P200,1,B/D,1071
adr_goods_1072,adr_class_2,1O,"adr_label_2_2,adr_label_5_1",,,"OXYGEN, COMPRESSED",adr_packing_instruction_P200,3,E,1072
adr_goods_1073,adr_class_2,3O,"adr_label_2_2,adr_label_5_1",,,"OXYGEN, REFRIGERATED LIQUID",adr_packing_instruction_P203,3,C/E,1073
adr_goods_1075,adr_class_2,2F,adr_label_2_1,,,"PETROLEUM GASES, LIQUEFIED",adr_packing_instruction_P200,2,B/D,1075
adr_goods_1076,adr_class_2,2TC,"adr_label_2_3,adr_label_8",,,PHOSGENE,adr_packing_instruction_P200,1,C/D,1076
adr_goods_1077,adr_class_2,2F,adr_label_2_1,,,PROPYLENE,adr_packing_instruction_P200,2,B/D,1077
adr_goods_1078,adr_class_2,2A,adr_label_2_2,120,uom.product_uom_milliliter,"REFRIGERANT GAS, N.O.S., such as mixture F1, mixture F2 or mixture F3",adr_packing_instruction_P200,3,C/E,1078
adr_goods_1079,adr_class_2,2TC,"adr_label_2_3,adr_label_8",,,SULPHUR DIOXIDE,adr_packing_instruction_P200,1,C/D,1079
adr_goods_1080,adr_class_2,2A,adr_label_2_2,120,uom.product_uom_milliliter,SULPHUR HEXAFLUORIDE,adr_packing_instruction_P200,3,C/E,1080
adr_goods_1081,adr_class_2,2F,adr_label_2_1,,,"TETRAFLUOROETHYLENE, STABILIZED",adr_packing_instruction_P200,2,B/D,1081
adr_goods_1082,adr_class_2,2TF,"adr_label_2_3,adr_label_2_1",,,"TRIFLUOROCHLORO-ETHYLENE, STABILIZED (REFRIGERANT GAS R 1113)",adr_packing_instruction_P200,1,B/D,1082
adr_goods_1083,adr_class_2,2F,adr_label_2_1,,,"TRIMETHYLAMINE, ANHYDROUS",adr_packing_instruction_P200,2,B/D,1083
adr_goods_1085,adr_class_2,2F,adr_label_2_1,,,"VINYL BROMIDE, STABILIZED",adr_packing_instruction_P200,2,B/D,1085
adr_goods_1086,adr_class_2,2F,adr_label_2_1,,,"VINYL CHLORIDE, STABILIZED",adr_packing_instruction_P200,2,B/D,1086
adr_goods_1087,adr_class_2,2F,adr_label_2_1,,,"VINYL METHYL ETHER, STABILIZED",adr_packing_instruction_P200,2,B/D,1087
adr_goods_1088,adr_class_3,F1,adr_label_3,1,uom.product_uom_litre,ACETAL,"adr_packing_instruction_P001,adr_packing_instruction_IBC02,adr_packing_instruction_R001",2,D/E,1088
adr_goods_1089,adr_class_3,F1,adr_label_3,,,ACETALDEHYDE,adr_packing_instruction_P001,1,D/E,1089
adr_goods_1090,adr_class_3,F1,adr_label_3,1,uom.product_uom_litre,ACETONE,"adr_packing_instruction_P001,adr_packing_instruction_IBC02,adr_packing_instruction_R001",2,D/E,1090
adr_goods_1091,adr_class_3,F1,adr_label_3,1,uom.product_uom_litre,ACETONE OILS,"adr_packing_instruction_P001,adr_packing_instruction_IBC02,adr_packing_instruction_R001",2,D/E,1091
adr_goods_1092,adr_class_6_1,TF1,"adr_label_6_1,adr_label_3",,,"ACROLEIN, STABILIZED",adr_packing_instruction_P601,1,C/D,1092
adr_goods_1093,adr_class_3,FT1,"adr_label_3,adr_label_6_1",,,"ACRYLONITRILE, STABILIZED",adr_packing_instruction_P001,1,C/E,1093
adr_goods_1098,adr_class_6_1,TF1,"adr_label_6_1,adr_label_3",,,ALLYL ALCOHOL,adr_packing_instruction_P602,1,C/D,1098
adr_goods_1099,adr_class_3,FT1,"adr_label_3,adr_label_6_1",,,ALLYL BROMIDE,adr_packing_instruction_P001,1,C/E,1099
adr_goods_1100,adr_class_3,FT1,"adr_label_3,adr_label_6_1",,,ALLYL CHLORIDE,adr_packing_instruction_P001,1,C/E,1100
adr_goods_1104,adr_class_3,F1,adr_label_3,5,uom.product_uom_litre,AMYL ACETATES,"adr_packing_instruction_P001,adr_packing_instruction_IBC03,adr_packing_instruction_LP01,adr_packing_instruction_R001",3,D/E,1104
adr_goods_1105_1L,adr_class_3,F1,adr_label_3,1,uom.product_uom_litre,PENTANOLS,"adr_packing_instruction_P001,adr_packing_instruction_IBC02,adr_packing_instruction_R001",2,D/E,1105
adr_goods_1105_5L,adr_class_3,F1,adr_label_3,5,uom.product_uom_litre,PENTANOLS,"adr_packing_instruction_P001,adr_packing_instruction_IBC03,adr_packing_instruction_LP01,adr_packing_instruction_R001",3,D/E,1105
adr_goods_1106_1L,adr_class_3,FC,"adr_label_3,adr_label_8",1,uom.product_uom_litre,AMYLAMINE,"adr_packing_instruction_P001,adr_packing_instruction_IBC02",2,D/E,1106
adr_goods_1106_5L,adr_class_3,FC,"adr_label_3,adr_label_8",5,uom.product_uom_litre,AMYLAMINE,"adr_packing_instruction_P001,adr_packing_instruction_IBC03,adr_packing_instruction_R001",3,D/E,1106
adr_goods_1107,adr_class_3,F1,adr_label_3,1,uom.product_uom_litre,AMYL CHLORIDE,"adr_packing_instruction_P001,adr_packing_instruction_IBC02,adr_packing_instruction_R001",2,D/E,1107
adr_goods_1108,adr_class_3,F1,adr_label_3,,,1-PENTENE (n-AMYLENE),adr_packing_instruction_P001,1,D/E,1108
adr_goods_1109,adr_class_3,F1,adr_label_3,5,uom.product_uom_litre,AMYL FORMATES,"adr_packing_instruction_P001,adr_packing_instruction_IBC03,adr_packing_instruction_LP01,adr_packing_instruction_R001",3,D/E,1109
adr_goods_1110,adr_class_3,F1,adr_label_3,5,uom.product_uom_litre,n-AMYL METHYL KETONE,"adr_packing_instruction_P001,adr_packing_instruction_IBC03,adr_packing_instruction_LP01,adr_packing_instruction_R001",3,D/E,1110
adr_goods_1111,adr_class_3,F1,adr_label_3,1,uom.product_uom_litre,AMYL MERCAPTAN,"adr_packing_instruction_P001,adr_packing_instruction_IBC02,adr_packing_instruction_R001",2,D/E,1111
adr_goods_1112,adr_class_3,F1,adr_label_3,5,uom.product_uom_litre,AMYL NITRATE,"adr_packing_instruction_P001,adr_packing_instruction_IBC03,adr_packing_instruction_LP01,adr_packing_instruction_R001",3,D/E,1112
adr_goods_1113,adr_class_3,F1,adr_label_3,1,uom.product_uom_litre,AMYL NITRITE,"adr_packing_instruction_P001,adr_packing_instruction_IBC02,adr_packing_instruction_R001",2,D/E,1113
adr_goods_1114,adr_class_3,F1,adr_label_3,1,uom.product_uom_litre,BENZENE,"adr_packing_instruction_P001,adr_packing_instruction_IBC02,adr_packing_instruction_R001",2,D/E,1114
adr_goods_1120_1L,adr_class_3,F1,adr_label_3,1,uom.product_uom_litre,BUTANOLS,"adr_packing_instruction_P001,adr_packing_instruction_IBC02,adr_packing_instruction_R001",2,D/E,1120
adr_goods_1120_5L,adr_class_3,F1,adr_label_3,5,uom.product_uom_litre,BUTANOLS,"adr_packing_instruction_P001,adr_packing_instruction_IBC03,adr_packing_instruction_LP01,adr_packing_instruction_R001",3,D/E,1120
adr_goods_1123_1L,adr_class_3,F1,adr_label_3,1,uom.product_uom_litre,BUTYL ACETATES,"adr_packing_instruction_P001,adr_packing_instruction_IBC02,adr_packing_instruction_R001",2,D/E,1123
adr_goods_1123_5L,adr_class_3,F1,adr_label_3,5,uom.product_uom_litre,BUTYL ACETATES,"adr_packing_instruction_P001,adr_packing_instruction_IBC03,adr_packing_instruction_LP01,adr_packing_instruction_R001",3,D/E,1123
adr_goods_1125,adr_class_3,FC,"adr_label_3,adr_label_8",1,uom.product_uom_litre,n-BUTYLAMINE,"adr_packing_instruction_P001,adr_packing_instruction_IBC02",2,D/E,1125
adr_goods_1126,adr_class_3,F1,adr_label_3,1,uom.product_uom_litre,1-BROMOBUTANE,"adr_packing_instruction_P001,adr_packing_instruction_IBC02,adr_packing_instruction_R001",2,D/E,1126
adr_goods_1127,adr_class_3,F1,adr_label_3,1,uom.product_uom_litre,CHLOROBUTANES,"adr_packing_instruction_P001,adr_packing_instruction_IBC02,adr_packing_instruction_R001",2,D/E,1127
adr_goods_1128,adr_class_3,F1,adr_label_3,1,uom.product_uom_litre,n-BUTYL FORMATE,"adr_packing_instruction_P001,adr_packing_instruction_IBC02,adr_packing_instruction_R001",2,D/E,1128
adr_goods_1129,adr_class_3,F1,adr_label_3,1,uom.product_uom_litre,BUTYRALDEHYDE,"adr_packing_instruction_P001,adr_packing_instruction_IBC02,adr_packing_instruction_R001",2,D/E,1129
adr_goods_1130,adr_class_3,F1,adr_label_3,5,uom.product_uom_litre,CAMPHOR OIL,"adr_packing_instruction_P001,adr_packing_instruction_IBC03,adr_packing_instruction_LP01,adr_packing_instruction_R001",3,D/E,1130
adr_goods_1131,adr_class_3,FT1,"adr_label_3,adr_label_6_1",,,CARBON DISULPHIDE,adr_packing_instruction_P001,1,C/E,1131
adr_goods_1133_F1_3_500ml_P001_1,adr_class_3,F1,adr_label_3,500,uom.product_uom_milliliter,ADHESIVES containing flammable liquid,adr_packing_instruction_P001,1,D/E,1133
adr_goods_1133_F1_3_640C_5L_P001_2,adr_class_3,F1,adr_label_3,5,uom.product_uom_litre,ADHESIVES containing flammable liquid (vapour pressure at 50 °C more than110 kPa),adr_packing_instruction_P001,2,D/E,1133
adr_goods_1133_F1_3_640D_5L_P001/IBC02/R001_2,adr_class_3,F1,adr_label_3,5,uom.product_uom_litre,ADHESIVES containing flammable liquid (vapour pressure at 50 °C more than110 kPa),"adr_packing_instruction_P001,adr_packing_instruction_IBC02,adr_packing_instruction_R001",2,D/E,1133
adr_goods_1133_F1_3_5L_P001/IBC03/LP01/R001_3,adr_class_3,F1,adr_label_3,5,uom.product_uom_litre,ADHESIVES containing flammable liquid (vapour pressure at 50 °C more than110 kPa),"adr_packing_instruction_P001,adr_packing_instruction_IBC03,adr_packing_instruction_LP01,adr_packing_instruction_R001",3,D/E,1133
adr_goods_1133_F1_3_5L_P001/R001_3,adr_class_3,F1,adr_label_3,5,uom.product_uom_litre,ADHESIVES containing flammable liquid (having a flash-point below 23 °C and viscous according to 2.2.3.1.4) (vapour pressure at 50 °C more than 110 kPa),"adr_packing_instruction_P001,adr_packing_instruction_R001",3,E,1133
adr_goods_1133_F1_3_5L_P001/IBC02/R001_3,adr_class_3,F1,adr_label_3,5,uom.product_uom_litre,ADHESIVES containing flammable liquid (having a flash-point below 23 °C and viscous according to 2.2.3.1.4) (vapour pressure at 50 °C not more than 110 kPa),"adr_packing_instruction_P001,adr_packing_instruction_IBC02,adr_packing_instruction_R001",3,E,1133
adr_goods_1134,adr_class_3,F1,adr_label_3,5,uom.product_uom_litre,CHLOROBENZENE,"adr_packing_instruction_P001,adr_packing_instruction_IBC03,adr_packing_instruction_LP01,adr_packing_instruction_R001",3,D/E,1134
adr_goods_1135,adr_class_6_1,TF1,"adr_label_6_1,adr_label_3",,,ETHYLENE CHLOROHYDRIN,adr_packing_instruction_P602,1,C/D,1135
adr_goods_1136_1L,adr_class_3,F1,adr_label_3,1,uom.product_uom_litre,"COAL TAR DISTILLATES, FLAMMABLE","adr_packing_instruction_P001,adr_packing_instruction_IBC02,adr_packing_instruction_R001",2,D/E,1136
adr_goods_1136_5L,adr_class_3,F1,adr_label_3,5,uom.product_uom_litre,"COAL TAR DISTILLATES, FLAMMABLE","adr_packing_instruction_P001,adr_packing_instruction_IBC03,adr_packing_instruction_LP01,adr_packing_instruction_R001",3,D/E,1136
adr_goods_1139_F1_3_500ml_P001_1,adr_class_3,F1,adr_label_3,500,uom.product_uom_milliliter,"COATING SOLUTION (includes surface treatments or coatings used for industrial or other purposes such as vehicle under coating, drum or barrel lining)",adr_packing_instruction_P001,1,D/E,1139
adr_goods_1139_F1_3_640C_5L_P001_2,adr_class_3,F1,adr_label_3,5,uom.product_uom_litre,"COATING SOLUTION (includes surface treatments or coatings used for industrial or other purposes such as vehicle under coating, drum or barrel lining) (vapour pressure at 50 °C more than 110 kPa)",adr_packing_instruction_P001,2,D/E,1139
adr_goods_1139_F1_3_640D_5L_P001/IBC02/R001_2,adr_class_3,F1,adr_label_3,5,uom.product_uom_litre,"COATING SOLUTION (includes surface treatments or coatings used for industrial or other purposes such as vehicle under coating, drum or barrel lining) (vapour pressure at 50 °C not more than 110 kPa)","adr_packing_instruction_P001,adr_packing_instruction_IBC02,adr_packing_instruction_R001",2,D/E,1139
adr_goods_1139_F1_3_5L_P001/IBC03/LP01/R001_3,adr_class_3,F1,adr_label_3,5,uom.product_uom_litre,"COATING SOLUTION (includes surface treatments or coatings used for industrial or other purposes such as vehicle under coating, drum or barrel lining)","adr_packing_instruction_P001,adr_packing_instruction_IBC03,adr_packing_instruction_LP01,adr_packing_instruction_R001",3,D/E,1139
adr_goods_1139_F1_3_5L_P001/R001_3,adr_class_3,F1,adr_label_3,5,uom.product_uom_litre,"COATING SOLUTION (includes surface treatments or coatings used for industrial or other purposes such as vehicle under coating, drum or barrel lining) (having a flash-point below 23 °C and viscous according to 2.2.3.1.4) (vapour pressure at 50 °C more than 110 kPa)","adr_packing_instruction_P001,adr_packing_instruction_R001",3,E,1139
adr_goods_1139_F1_3_5L_P001/IBC02/R001_3,adr_class_3,F1,adr_label_3,5,uom.product_uom_litre,"COATING SOLUTION (includes surface treatments or coatings used for industrial or other purposes such as vehicle under coating, drum or barrel lining) (having a flash-point below 23 °C and viscous according to 2.2.3.1.4) (vapour pressure at 50 °C not more than 110 kPa)","adr_packing_instruction_P001,adr_packing_instruction_IBC02,adr_packing_instruction_R001",3,E,1139
adr_goods_1143,adr_class_6_1,TF1,"adr_label_6_1,adr_label_3",,,"CROTONALDEHYDE or CROTONALDEHYDE, STABILIZED",adr_packing_instruction_P602,1,C/D,1143
adr_goods_1144,adr_class_3,F1,adr_label_3,,,CROTONYLENE,adr_packing_instruction_P001,1,D/E,1144
adr_goods_1145,adr_class_3,F1,adr_label_3,1,uom.product_uom_litre,CYCLOHEXANE,"adr_packing_instruction_P001,adr_packing_instruction_IBC02,adr_packing_instruction_R001",2,D/E,1145
adr_goods_1146,adr_class_3,F1,adr_label_3,1,uom.product_uom_litre,CYCLOPENTANE,"adr_packing_instruction_P001,adr_packing_instruction_IBC02,adr_packing_instruction_R001",2,D/E,1146
adr_goods_1147,adr_class_3,F1,adr_label_3,5,uom.product_uom_litre,DECAHYDRO-NAPHTHALENE,"adr_packing_instruction_P001,adr_packing_instruction_IBC03,adr_packing_instruction_LP01,adr_packing_instruction_R001",3,D/E,1147
adr_goods_1148_1L,adr_class_3,F1,adr_label_3,1,uom.product_uom_litre,DIACETONE ALCOHOL,"adr_packing_instruction_P001,adr_packing_instruction_IBC02,adr_packing_instruction_R001",2,D/E,1148
adr_goods_1148_5L,adr_class_3,F1,adr_label_3,5,uom.product_uom_litre,DIACETONE ALCOHOL,"adr_packing_instruction_P001,adr_packing_instruction_IBC03,adr_packing_instruction_LP01,adr_packing_instruction_R001",3,D/E,1148
adr_goods_1149,adr_class_3,F1,adr_label_3,5,uom.product_uom_litre,DIBUTYL ETHERS,"adr_packing_instruction_P001,adr_packing_instruction_IBC03,adr_packing_instruction_LP01,adr_packing_instruction_R001",3,D/E,1149
adr_goods_1150,adr_class_3,F1,adr_label_3,1,uom.product_uom_litre,"1,2-DICHLOROETHYLENE","adr_packing_instruction_P001,adr_packing_instruction_IBC02,adr_packing_instruction_R001",2,D/E,1150
adr_goods_1152,adr_class_3,F1,adr_label_3,5,uom.product_uom_litre,DICHLOROPENTANES,"adr_packing_instruction_P001,adr_packing_instruction_IBC03,adr_packing_instruction_LP01,adr_packing_instruction_R001",3,D/E,1152
adr_goods_1153_1L,adr_class_3,F1,adr_label_3,1,uom.product_uom_litre,ETHYLENE GLYCOL DIETHYL ETHER,"adr_packing_instruction_P001,adr_packing_instruction_IBC02,adr_packing_instruction_R001",2,D/E,1153
adr_goods_1153_5L,adr_class_3,F1,adr_label_3,5,uom.product_uom_litre,ETHYLENE GLYCOL DIETHYL ETHER,"adr_packing_instruction_P001,adr_packing_instruction_IBC03,adr_packing_instruction_LP01,adr_packing_instruction_R001",3,D/E,1153
adr_goods_1154,adr_class_3,FC,"adr_label_3,adr_label_8",1,uom.product_uom_litre,DIETHYLAMINE,"adr_packing_instruction_P001,adr_packing_instruction_IBC02",2,D/E,1154
adr_goods_1155,adr_class_3,F1,adr_label_3,,,DIETHYL ETHER (ETHYL ETHER),adr_packing_instruction_P001,1,D/E,1155
adr_goods_1156,adr_class_3,F1,adr_label_3,1,uom.product_uom_litre,DIETHYL KETONE,"adr_packing_instruction_P001,adr_packing_instruction_IBC02,adr_packing_instruction_R001",2,D/E,1156
adr_goods_1157,adr_class_3,F1,adr_label_3,5,uom.product_uom_litre,DIISOBUTYL KETONE,"adr_packing_instruction_P001,adr_packing_instruction_IBC03,adr_packing_instruction_LP01,adr_packing_instruction_R001",3,D/E,1157
adr_goods_1158,adr_class_3,FC,"adr_label_3,adr_label_8",1,uom.product_uom_litre,DIISOPROPYLAMINE,"adr_packing_instruction_P001,adr_packing_instruction_IBC02",2,D/E,1158
adr_goods_1159,adr_class_3,F1,adr_label_3,1,uom.product_uom_litre,DIISOPROPYL ETHER,"adr_packing_instruction_P001,adr_packing_instruction_IBC02,adr_packing_instruction_R001",2,D/E,1159
adr_goods_1160,adr_class_3,FC,"adr_label_3,adr_label_8",1,uom.product_uom_litre,DIMETHYLAMINE AQUEOUS SOLUTION,"adr_packing_instruction_P001,adr_packing_instruction_IBC02",2,D/E,1160
adr_goods_1161,adr_class_3,F1,adr_label_3,1,uom.product_uom_litre,DIMETHYL CARBONATE,"adr_packing_instruction_P001,adr_packing_instruction_IBC02,adr_packing_instruction_R001",2,D/E,1161
adr_goods_1162,adr_class_3,FC,"adr_label_3,adr_label_8",,,DIMETHYLDICHLORO-SILANE,adr_packing_instruction_P010,2,D/E,1162
adr_goods_1163,adr_class_6_1,TFC,"adr_label_6_1,adr_label_3,adr_label_8",,,"DIMETHYLHYDRAZINE, UNSYMMETRICAL",adr_packing_instruction_P602,1,C/D,1163
adr_goods_1164,adr_class_3,F1,adr_label_3,1,uom.product_uom_litre,DIMETHYL SULPHIDE,"adr_packing_instruction_P001,adr_packing_instruction_IBC02",2,D/E,1164
adr_goods_1165,adr_class_3,F1,adr_label_3,1,uom.product_uom_litre,DIOXANE,"adr_packing_instruction_P001,adr_packing_instruction_IBC02,adr_packing_instruction_R001",2,D/E,1165
adr_goods_1166,adr_class_3,F1,adr_label_3,1,uom.product_uom_litre,DIOXOLANE,"adr_packing_instruction_P001,adr_packing_instruction_IBC02,adr_packing_instruction_R001",2,D/E,1166
adr_goods_1167,adr_class_3,F1,adr_label_3,,,"DIVINYL ETHER, STABILIZED",adr_packing_instruction_P001,1,D/E,1167
adr_goods_1169_F1_3_601/640C_5L_P001_2,adr_class_3,F1,adr_label_3,5,uom.product_uom_litre,"EXTRACTS, AROMATIC, LIQUID (vapour pressure at 50 °C more than 110 kPa)",adr_packing_instruction_P001,2,D/E,1169
adr_goods_1169_F1_3_601/640D_5L_P001/IBC02/R001_2,adr_class_3,F1,adr_label_3,5,uom.product_uom_litre,"EXTRACTS, AROMATIC, LIQUID (vapour pressure at 50 °C not more than 110 kPa)","adr_packing_instruction_P001,adr_packing_instruction_IBC02,adr_packing_instruction_R001",2,D/E,1169
adr_goods_1169_F1_3_601_5L_P001/IBC03/LP01/R001_3,adr_class_3,F1,adr_label_3,5,uom.product_uom_litre,"EXTRACTS, AROMATIC, LIQUID","adr_packing_instruction_P001,adr_packing_instruction_IBC03,adr_packing_instruction_LP01,adr_packing_instruction_R001",3,D/E,1169
adr_goods_1169_F1_3_601_5L_P001/R001_3,adr_class_3,F1,adr_label_3,5,uom.product_uom_litre,"EXTRACTS, AROMATIC, LIQUID (having a flash-point below 23 °C and viscous according to 2.2.3.1.4) (vapour pressure at 50 °C more than 110 kPa)","adr_packing_instruction_P001,adr_packing_instruction_R001",3,E,1169
adr_goods_1169_F1_3_601_5L_P001/IBC02/R001_3,adr_class_3,F1,adr_label_3,5,uom.product_uom_litre,"EXTRACTS, AROMATIC, LIQUID (having a flash-point below 23 °C and viscous according to 2.2.3.1.4) (vapour pressure at 50 °C not more than 110 kPa)","adr_packing_instruction_P001,adr_packing_instruction_IBC02,adr_packing_instruction_R001",3,E,1169
adr_goods_1170_1L,adr_class_3,F1,adr_label_3,1,uom.product_uom_litre,ETHANOL (ETHYL ALCOHOL) or ETHANOL SOLUTION (ETHYL ALCOHOL SOLUTION),"adr_packing_instruction_P001,adr_packing_instruction_IBC02,adr_packing_instruction_R001",2,D/E,1170
adr_goods_1170_5L,adr_class_3,F1,adr_label_3,5,uom.product_uom_litre,ETHANOL SOLUTION (ETHYL ALCOHOL SOLUTION),"adr_packing_instruction_P001,adr_packing_instruction_IBC03,adr_packing_instruction_LP01,adr_packing_instruction_R001",3,D/E,1170
adr_goods_1171,adr_class_3,F1,adr_label_3,5,uom.product_uom_litre,ETHYLENE GLYCOL MONOETHYL ETHER,"adr_packing_instruction_P001,adr_packing_instruction_IBC03,adr_packing_instruction_LP01,adr_packing_instruction_R001",3,D/E,1171
adr_goods_1172,adr_class_3,F1,adr_label_3,5,uom.product_uom_litre,ETHYLENE GLYCOL MONOETHYL ETHER ACETATE,"adr_packing_instruction_P001,adr_packing_instruction_IBC03,adr_packing_instruction_LP01,adr_packing_instruction_R001",3,D/E,1172
adr_goods_1173,adr_class_3,F1,adr_label_3,1,uom.product_uom_litre,ETHYL ACETATE,"adr_packing_instruction_P001,adr_packing_instruction_IBC02,adr_packing_instruction_R001",2,D/E,1173
adr_goods_1175,adr_class_3,F1,adr_label_3,1,uom.product_uom_litre,ETHYLBENZENE,"adr_packing_instruction_P001,adr_packing_instruction_IBC02,adr_packing_instruction_R001",2,D/E,1175
adr_goods_1176,adr_class_3,F1,adr_label_3,1,uom.product_uom_litre,ETHYL BORATE,"adr_packing_instruction_P001,adr_packing_instruction_IBC02,adr_packing_instruction_R001",2,D/E,1176
adr_goods_1177,adr_class_3,F1,adr_label_3,5,uom.product_uom_litre,2-ETHYLBUTYL ACETATE,"adr_packing_instruction_P001,adr_packing_instruction_IBC03,adr_packing_instruction_LP01,adr_packing_instruction_R001",3,D/E,1177
adr_goods_1178,adr_class_3,F1,adr_label_3,1,uom.product_uom_litre,2-ETHYLBUTYRALDEHYDE,"adr_packing_instruction_P001,adr_packing_instruction_IBC02,adr_packing_instruction_R001",2,D/E,1178
adr_goods_1179,adr_class_3,F1,adr_label_3,1,uom.product_uom_litre,ETHYL BUTYL ETHER,"adr_packing_instruction_P001,adr_packing_instruction_IBC02,adr_packing_instruction_R001",2,D/E,1179
adr_goods_1180,adr_class_3,F1,adr_label_3,5,uom.product_uom_litre,ETHYL BUTYRATE,"adr_packing_instruction_P001,adr_packing_instruction_IBC03,adr_packing_instruction_LP01,adr_packing_instruction_R001",3,D/E,1180
adr_goods_1181,adr_class_6_1,TF1,"adr_label_6_1,adr_label_3",100,uom.product_uom_milliliter,ETHYL CHLOROACETATE,"adr_packing_instruction_P001,adr_packing_instruction_IBC02",2,D/E,1181
adr_goods_1182,adr_class_6_1,TFC,"adr_label_6_1,adr_label_3,adr_label_8",,,ETHYL CHLOROFORMATE,adr_packing_instruction_P602,1,C/D,1182
adr_goods_1183,adr_class_4_3,WFC,"adr_label_4_3,adr_label_3,adr_label_8",,,ETHYLDICHLOROSILANE,adr_packing_instruction_P401,0,B/E,1183
adr_goods_1184,adr_class_3,FT1,"adr_label_3,adr_label_6_1",1,uom.product_uom_litre,ETHYLENE DICHLORIDE,"adr_packing_instruction_P001,adr_packing_instruction_IBC02",2,D/E,1184
adr_goods_1185,adr_class_6_1,TF1,"adr_label_6_1,adr_label_3",,,"ETHYLENEIMINE, STABILIZED",adr_packing_instruction_P601,1,C/D,1185
adr_goods_1188,adr_class_3,F1,adr_label_3,5,uom.product_uom_litre,ETHYLENE GLYCOL MONOMETHYL ETHER,"adr_packing_instruction_P001,adr_packing_instruction_IBC03,adr_packing_instruction_LP01,adr_packing_instruction_R001",3,D/E,1188
adr_goods_1189,adr_class_3,F1,adr_label_3,5,uom.product_uom_litre,ETHYLENE GLYCOL MONOMETHYL ETHER ACETATE,"adr_packing_instruction_P001,adr_packing_instruction_IBC03,adr_packing_instruction_LP01,adr_packing_instruction_R001",3,D/E,1189
adr_goods_1190,adr_class_3,F1,adr_label_3,1,uom.product_uom_litre,ETHYL FORMATE,"adr_packing_instruction_P001,adr_packing_instruction_IBC02,adr_packing_instruction_R001",2,D/E,1190
adr_goods_1191,adr_class_3,F1,adr_label_3,5,uom.product_uom_litre,OCTYL ALDEHYDES,"adr_packing_instruction_P001,adr_packing_instruction_IBC03,adr_packing_instruction_LP01,adr_packing_instruction_R001",3,D/E,1191
adr_goods_1192,adr_class_3,F1,adr_label_3,5,uom.product_uom_litre,ETHYL LACTATE,"adr_packing_instruction_P001,adr_packing_instruction_IBC03,adr_packing_instruction_LP01,adr_packing_instruction_R001",3,D/E,1192
adr_goods_1193,adr_class_3,F1,adr_label_3,1,uom.product_uom_litre,ETHYL METHYL KETONE (METHYL ETHYL KETONE),"adr_packing_instruction_P001,adr_packing_instruction_IBC02,adr_packing_instruction_R001",2,D/E,1193
adr_goods_1194,adr_class_3,FT1,"adr_label_3,adr_label_6_1",,,ETHYL NITRITE SOLUTION,adr_packing_instruction_P001,1,C/E,1194
adr_goods_1195,adr_class_3,F1,adr_label_3,1,uom.product_uom_litre,ETHYL PROPIONATE,"adr_packing_instruction_P001,adr_packing_instruction_IBC02,adr_packing_instruction_R001",2,D/E,1195
adr_goods_1196,adr_class_3,FC,"adr_label_3,adr_label_8",,,ETHYLTRICHLOROSILANE,adr_packing_instruction_P010,2,D/E,1196
adr_goods_1197_F1_3_601/640C_5L_P001_2,adr_class_3,F1,adr_label_3,5,uom.product_uom_litre,"EXTRACTS, FLAVOURING, LIQUID (vapour pressure at 50 °C more than 110 kPa)",adr_packing_instruction_P001,2,D/E,1197
adr_goods_1197_F1_3_601/640D_5L_P001/IBC02/R001_2,adr_class_3,F1,adr_label_3,5,uom.product_uom_litre,"EXTRACTS, FLAVOURING, LIQUID (vapour pressure at 50 °C not more than 110 kPa)","adr_packing_instruction_P001,adr_packing_instruction_IBC02,adr_packing_instruction_R001",2,D/E,1197
adr_goods_1197_F1_3_601_5L_P001/IBC03/LP01/R001_3,adr_class_3,F1,adr_label_3,5,uom.product_uom_litre,"EXTRACTS, FLAVOURING, LIQUID","adr_packing_instruction_P001,adr_packing_instruction_IBC03,adr_packing_instruction_LP01,adr_packing_instruction_R001",3,D/E,1197
adr_goods_1197_F1_3_601_5L_P001/R001_3,adr_class_3,F1,adr_label_3,5,uom.product_uom_litre,"EXTRACTS, FLAVOURING, LIQUID (having a flash-point below 23 °C and viscous according to 2.2.3.1.4) (vapour pressure at 50 °C more than 110 kPa)","adr_packing_instruction_P001,adr_packing_instruction_R001",3,E,1197
adr_goods_1197_F1_3_601_5L_P001/IBC02/R001_3,adr_class_3,F1,adr_label_3,5,uom.product_uom_litre,"EXTRACTS, FLAVOURING, LIQUID (having a flash-point below 23 °C and viscous according to 2.2.3.1.4) (vapour pressure at 50 °C not more than 110 kPa)","adr_packing_instruction_P001,adr_packing_instruction_IBC02,adr_packing_instruction_R001",3,E,1197
adr_goods_1198,adr_class_3,FC,"adr_label_3,adr_label_8",5,uom.product_uom_litre,"FORMALDEHYDE SOLUTION, FLAMMABLE","adr_packing_instruction_P001,adr_packing_instruction_IBC03,adr_packing_instruction_R001",3,D/E,1198
adr_goods_1199,adr_class_6_1,TF1,"adr_label_6_1,adr_label_3",100,uom.product_uom_milliliter,FURALDEHYDES,"adr_packing_instruction_P001,adr_packing_instruction_IBC02",2,D/E,1199
adr_goods_1201_1L,adr_class_3,F1,adr_label_3,1,uom.product_uom_litre,FUSEL OIL,"adr_packing_instruction_P001,adr_packing_instruction_IBC02,adr_packing_instruction_R001",2,D/E,1201
adr_goods_1201_5L,adr_class_3,F1,adr_label_3,5,uom.product_uom_litre,FUSEL OIL,"adr_packing_instruction_P001,adr_packing_instruction_IBC03,adr_packing_instruction_LP01,adr_packing_instruction_R001",3,D/E,1201
adr_goods_1202_F1_3_640K/664_5L_P001/IBC03/LP01/R001_3,adr_class_3,F1,adr_label_3,5,uom.product_uom_litre,"GAS OIL or DIESEL FUEL or HEATING OIL, LIGHT (flash-point not more than 60 °C)","adr_packing_instruction_P001,adr_packing_instruction_IBC03,adr_packing_instruction_LP01,adr_packing_instruction_R001",3,D/E,1202
adr_goods_1202_F1_3_640L/664_5L_P001/IBC03/LP01/R001_3,adr_class_3,F1,adr_label_3,5,uom.product_uom_litre,"DIESEL FUEL complying with standard EN 590:2013 + AC:2014 or GAS OIL or HEATING OIL, LIGHT with a flash-point as specified in EN 590:2013 + AC:2014","adr_packing_instruction_P001,adr_packing_instruction_IBC03,adr_packing_instruction_LP01,adr_packing_instruction_R001",3,D/E,1202
adr_goods_1202_F1_3_640M/664_5L_P001/IBC03/LP01/R001_3,adr_class_3,F1,adr_label_3,5,uom.product_uom_litre,"GAS OIL or DIESEL FUEL or HEATING OIL, LIGHT (flash-point more than 60 °C and not more than 100 °C)","adr_packing_instruction_P001,adr_packing_instruction_IBC03,adr_packing_instruction_LP01,adr_packing_instruction_R001",3,D/E,1202
adr_goods_1203,adr_class_3,F1,adr_label_3,1,uom.product_uom_litre,MOTOR SPIRIT or GASOLINE or PETROL,"adr_packing_instruction_P001,adr_packing_instruction_IBC02,adr_packing_instruction_R001",2,D/E,1203
adr_goods_1204,adr_class_3,D,adr_label_3,1,uom.product_uom_litre,NITROGLYCERIN SOLUTION IN ALCOHOL with not more than 1% nitroglycerin,"adr_packing_instruction_P001,adr_packing_instruction_IBC02",2,B,1204
adr_goods_1206,adr_class_3,F1,adr_label_3,1,uom.product_uom_litre,HEPTANES,"adr_packing_instruction_P001,adr_packing_instruction_IBC02,adr_packing_instruction_R001",2,D/E,1206
adr_goods_1207,adr_class_3,F1,adr_label_3,5,uom.product_uom_litre,HEXALDEHYDE,"adr_packing_instruction_P001,adr_packing_instruction_IBC03,adr_packing_instruction_LP01,adr_packing_instruction_R001",3,D/E,1207
adr_goods_1208,adr_class_3,F1,adr_label_3,1,uom.product_uom_litre,HEXANES,"adr_packing_instruction_P001,adr_packing_instruction_IBC02,adr_packing_instruction_R001",2,D/E,1208
adr_goods_1210_F1_3_163/367_500ml_P001_1,adr_class_3,F1,adr_label_3,500,uom.product_uom_milliliter,"PRINTING INK, flammable or PRINTING INK RELATED MATERIAL (including printing ink thinning or reducing compound), flammable",adr_packing_instruction_P001,1,D/E,1210
adr_goods_1210_F1_3_163/640C/367_5L_P001_2,adr_class_3,F1,adr_label_3,5,uom.product_uom_litre,"PRINTING INK, flammable or PRINTING INK RELATED MATERIAL (including printing ink thinning or reducing compound), flammable (vapour pressure at 50 °C more than 110 kPa)",adr_packing_instruction_P001,2,D/E,1210
adr_goods_1210_F1_3_163/640D/367_5L_P001/IBC02/R001_2,adr_class_3,F1,adr_label_3,5,uom.product_uom_litre,"PRINTING INK, flammable or PRINTING INK RELATED MATERIAL (including printing ink thinning or reducing compound), flammable (vapour pressure at 50 °C not more than 110 kPa)","adr_packing_instruction_P001,adr_packing_instruction_IBC02,adr_packing_instruction_R001",2,D/E,1210
adr_goods_1210_F1_3_163/367_5L_P001/IBC03/LP01/R001_3,adr_class_3,F1,adr_label_3,5,uom.product_uom_litre,"PRINTING INK, flammable or PRINTING INK RELATED MATERIAL (including printing ink thinning or reducing compound), flammable","adr_packing_instruction_P001,adr_packing_instruction_IBC03,adr_packing_instruction_LP01,adr_packing_instruction_R001",3,D/E,1210
adr_goods_1210_F1_3_163/367_5L_P001/R001_3,adr_class_3,F1,adr_label_3,5,uom.product_uom_litre,"PRINTING INK, flammable or PRINTING INK RELATED MATERIAL (including printing ink thinning or reducing compound), flammable (having a flash-point below 23 °C and viscous according to 2.2.3.1.4) (vapour pressure at 50 °C more than 110 kPa)","adr_packing_instruction_P001,adr_packing_instruction_R001",3,E,1210
adr_goods_1210_F1_3_163/367_5L_P001/IBC02/R001_3,adr_class_3,F1,adr_label_3,5,uom.product_uom_litre,"PRINTING INK, flammable or PRINTING INK RELATED MATERIAL (including printing ink thinning or reducing compound), flammable (having a flash-point below 23 °C and viscous according to 2.2.3.1.4) (vapour pressure at 50 °C not more than 110 kPa)","adr_packing_instruction_P001,adr_packing_instruction_IBC02,adr_packing_instruction_R001",3,E,1210
adr_goods_1212,adr_class_3,F1,adr_label_3,5,uom.product_uom_litre,ISOBUTANOL (ISOBUTYL ALCOHOL),"adr_packing_instruction_P001,adr_packing_instruction_IBC03,adr_packing_instruction_LP01,adr_packing_instruction_R001",3,D/E,1212
adr_goods_1213,adr_class_3,F1,adr_label_3,1,uom.product_uom_litre,ISOBUTYL ACETATE,"adr_packing_instruction_P001,adr_packing_instruction_IBC02,adr_packing_instruction_R001",2,D/E,1213
adr_goods_1214,adr_class_3,FC,"adr_label_3,adr_label_8",1,uom.product_uom_litre,ISOBUTYLAMINE,"adr_packing_instruction_P001,adr_packing_instruction_IBC02",2,D/E,1214
adr_goods_1216,adr_class_3,F1,adr_label_3,1,uom.product_uom_litre,ISOOCTENES,"adr_packing_instruction_P001,adr_packing_instruction_IBC02,adr_packing_instruction_R001",2,D/E,1216
adr_goods_1218,adr_class_3,F1,adr_label_3,,,"ISOPRENE, STABILIZED",adr_packing_instruction_P001,1,D/E,1218
adr_goods_1219,adr_class_3,F1,adr_label_3,1,uom.product_uom_litre,ISOPROPANOL (ISOPROPYL ALCOHOL),"adr_packing_instruction_P001,adr_packing_instruction_IBC02,adr_packing_instruction_R001",2,D/E,1219
adr_goods_1220,adr_class_3,F1,adr_label_3,1,uom.product_uom_litre,ISOPROPYL ACETATE,"adr_packing_instruction_P001,adr_packing_instruction_IBC02,adr_packing_instruction_R001",2,D/E,1220
adr_goods_1221,adr_class_3,FC,"adr_label_3,adr_label_8",,,ISOPROPYLAMINE,adr_packing_instruction_P001,1,C/E,1221
adr_goods_1222,adr_class_3,F1,adr_label_3,1,uom.product_uom_litre,ISOPROPYL NITRATE,"adr_packing_instruction_P001,adr_packing_instruction_IBC02,adr_packing_instruction_R001",2,E,1222
adr_goods_1223,adr_class_3,F1,adr_label_3,5,uom.product_uom_litre,KEROSENE,"adr_packing_instruction_P001,adr_packing_instruction_IBC03,adr_packing_instruction_LP01,adr_packing_instruction_R001",3,D/E,1223
adr_goods_1224_F1_3_274/640C_1L_P001_2,adr_class_3,F1,adr_label_3,1,uom.product_uom_litre,"KETONES, LIQUID, N.O.S. (vapour pressure at 50 °C more than 110 kPa)",adr_packing_instruction_P001,2,D/E,1224
adr_goods_1224_F1_3_274/640D_1L_P001/IBC02/R001_2,adr_class_3,F1,adr_label_3,1,uom.product_uom_litre,"KETONES, LIQUID, N.O.S. (vapour pressure at 50 °C not more than 110 kPa)","adr_packing_instruction_P001,adr_packing_instruction_IBC02,adr_packing_instruction_R001",2,D/E,1224
adr_goods_1224_F1_3_274_5L_P001/IBC03/LP01/R001_3,adr_class_3,F1,adr_label_3,5,uom.product_uom_litre,"KETONES, LIQUID, N.O.S.","adr_packing_instruction_P001,adr_packing_instruction_IBC03,adr_packing_instruction_LP01,adr_packing_instruction_R001",3,D/E,1224
adr_goods_1228_1L,adr_class_3,FT1,"adr_label_3,adr_label_6_1",1,uom.product_uom_litre,"MERCAPTANS, LIQUID, FLAMMABLE, TOXIC, N.O.S. or MERCAPTAN MIXTURE, LIQUID, FLAMMABLE, TOXIC, N.O.S.","adr_packing_instruction_P001,adr_packing_instruction_IBC02",2,D/E,1228
adr_goods_1228_5L,adr_class_3,FT1,"adr_label_3,adr_label_6_1",5,uom.product_uom_litre,"MERCAPTANS, LIQUID, FLAMMABLE, TOXIC, N.O.S. or MERCAPTAN MIXTURE, LIQUID, FLAMMABLE, TOXIC, N.O.S.","adr_packing_instruction_P001,adr_packing_instruction_IBC03,adr_packing_instruction_R001",3,D/E,1228
adr_goods_1229,adr_class_3,F1,adr_label_3,5,uom.product_uom_litre,MESITYL OXIDE,"adr_packing_instruction_P001,adr_packing_instruction_IBC03,adr_packing_instruction_LP01,adr_packing_instruction_R001",3,D/E,1229
adr_goods_1230,adr_class_3,FT1,"adr_label_3,adr_label_6_1",1,uom.product_uom_litre,METHANOL,"adr_packing_instruction_P001,adr_packing_instruction_IBC02",2,D/E,1230
adr_goods_1231,adr_class_3,F1,adr_label_3,1,uom.product_uom_litre,METHYL ACETATE,"adr_packing_instruction_P001,adr_packing_instruction_IBC02,adr_packing_instruction_R001",2,D/E,1231
adr_goods_1233,adr_class_3,F1,adr_label_3,5,uom.product_uom_litre,METHYLAMYL ACETATE,"adr_packing_instruction_P001,adr_packing_instruction_IBC03,adr_packing_instruction_LP01,adr_packing_instruction_R001",3,D/E,1233
adr_goods_1234,adr_class_3,F1,adr_label_3,1,uom.product_uom_litre,METHYLAL,"adr_packing_instruction_P001,adr_packing_instruction_IBC02",2,D/E,1234
adr_goods_1235,adr_class_3,FC,"adr_label_3,adr_label_8",1,uom.product_uom_litre,"METHYLAMINE, AQUEOUS SOLUTION","adr_packing_instruction_P001,adr_packing_instruction_IBC02",2,D/E,1235
adr_goods_1237,adr_class_3,F1,adr_label_3,1,uom.product_uom_litre,METHYL BUTYRATE,"adr_packing_instruction_P001,adr_packing_instruction_IBC02,adr_packing_instruction_R001",2,D/E,1237
adr_goods_1238,adr_class_6_1,TFC,"adr_label_6_1,adr_label_3,adr_label_8",,,METHYL CHLOROFORMATE,adr_packing_instruction_P602,1,C/D,1238
adr_goods_1239,adr_class_6_1,TF1,"adr_label_6_1,adr_label_3",,,METHYL CHLORO-METHYL ETHER,adr_packing_instruction_P602,1,C/D,1239
adr_goods_1242,adr_class_4_3,WFC,"adr_label_4_3,adr_label_3,adr_label_8",,,METHYLDICHLOROSILANE,adr_packing_instruction_P401,0,B/E,1242
adr_goods_1243,adr_class_3,F1,adr_label_3,,,METHYL FORMATE,adr_packing_instruction_P001,1,D/E,1243
adr_goods_1244,adr_class_6_1,TFC,"adr_label_6_1,adr_label_3,adr_label_8",,,METHYLHYDRAZINE,adr_packing_instruction_P602,1,C/D,1244
adr_goods_1245,adr_class_3,F1,adr_label_3,1,uom.product_uom_litre,METHYL ISOBUTYL KETONE,"adr_packing_instruction_P001,adr_packing_instruction_IBC02,adr_packing_instruction_R001",2,D/E,1245
adr_goods_1246,adr_class_3,F1,adr_label_3,1,uom.product_uom_litre,"METHYL ISOPROPENYL KETONE, STABILIZED","adr_packing_instruction_P001,adr_packing_instruction_IBC02,adr_packing_instruction_R001",2,D/E,1246
adr_goods_1247,adr_class_3,F1,adr_label_3,1,uom.product_uom_litre,"METHYL METHACRYLATE MONOMER, STABILIZED","adr_packing_instruction_P001,adr_packing_instruction_IBC02,adr_packing_instruction_R001",2,D/E,1247
adr_goods_1248,adr_class_3,F1,adr_label_3,1,uom.product_uom_litre,METHYL PROPIONATE,"adr_packing_instruction_P001,adr_packing_instruction_IBC02,adr_packing_instruction_R001",2,D/E,1248
adr_goods_1249,adr_class_3,F1,adr_label_3,1,uom.product_uom_litre,METHYL PROPYL KETONE,"adr_packing_instruction_P001,adr_packing_instruction_IBC02,adr_packing_instruction_R001",2,D/E,1249
adr_goods_1250,adr_class_3,FC,"adr_label_3,adr_label_8",,,METHYLTRICHLORO-SILANE,adr_packing_instruction_P010,2,D/E,1250
adr_goods_1251,adr_class_6_1,TFC,"adr_label_6_1,adr_label_3,adr_label_8",,,"METHYL VINYL KETONE, STABILIZED",adr_packing_instruction_P601,1,C/D,1251
adr_goods_1259,adr_class_6_1,TF1,"adr_label_6_1,adr_label_3",,,NICKEL CARBONYL,adr_packing_instruction_P601,1,C/D,1259
adr_goods_1261,adr_class_3,F1,adr_label_3,1,uom.product_uom_litre,NITROMETHANE,"adr_packing_instruction_P001,adr_packing_instruction_R001",2,E,1261
adr_goods_1262,adr_class_3,F1,adr_label_3,1,uom.product_uom_litre,OCTANES,"adr_packing_instruction_P001,adr_packing_instruction_IBC02,adr_packing_instruction_R001",2,D/E,1262
adr_goods_1263_F1_3_163/367/650_500ml_P001_1,adr_class_3,F1,adr_label_3,500,uom.product_uom_milliliter,"PAINT (including paint, lacquer, enamel, stain, shellac, varnish, polish, liquid filler and liquid lacquer base) or PAINT RELATED MATERIAL (including paint thinning and reducing compound)",adr_packing_instruction_P001,1,D/E,1263
adr_goods_1263_F1_3_163/367/640C/650_5L_P001_2,adr_class_3,F1,adr_label_3,5,uom.product_uom_litre,"PAINT (including paint, lacquer, enamel, stain, shellac, varnish, polish, liquid filler and liquid lacquer base) or PAINT RELATED MATERIAL (including paint thinning and reducing compound) (vapour pressure at 50 °C more than 110 kPa)",adr_packing_instruction_P001,2,D/E,1263
adr_goods_1263_F1_3_163/367/640D/650_5L_P001/IBC02/R001_2,adr_class_3,F1,adr_label_3,5,uom.product_uom_litre,"PAINT (including paint, lacquer, enamel, stain, shellac, varnish, polish, liquid filler and liquid lacquer base) or PAINT RELATED MATERIAL (including paint thinning and reducing compound) (vapour pressure at 50 °C not more than 110 kPa)","adr_packing_instruction_P001,adr_packing_instruction_IBC02,adr_packing_instruction_R001",2,D/E,1263
adr_goods_1263_F1_3_163/367/650_5L_P001/IBC03/LP01/R001_3,adr_class_3,F1,adr_label_3,5,uom.product_uom_litre,"PAINT (including paint, lacquer, enamel, stain, shellac, varnish, polish, liquid filler and liquid lacquer base) or PAINT RELATED MATERIAL (including paint thinning and reducing compound)","adr_packing_instruction_P001,adr_packing_instruction_IBC03,adr_packing_instruction_LP01,adr_packing_instruction_R001",3,D/E,1263
adr_goods_1263_F1_3_163/367/650_5L_P001/R001_3,adr_class_3,F1,adr_label_3,5,uom.product_uom_litre,"PAINT (including paint, lacquer, enamel, stain, shellac, varnish, polish, liquid filler and liquid lacquer base) or PAINT RELATED MATERIAL (including paint thinning and reducing compound) (having a flash-point below 23 °C and viscous according to 2.2.3.1.4) (vapour pressure at 50 °C more than 110 kPa)","adr_packing_instruction_P001,adr_packing_instruction_R001",3,E,1263
adr_goods_1263_F1_3_163/367/650_5L_P001/IBC02/R001_3,adr_class_3,F1,adr_label_3,5,uom.product_uom_litre,"PAINT (including paint, lacquer, enamel, stain, shellac, varnish, polish, liquid filler and liquid lacquer base) or PAINT RELATED MATERIAL (including paint thinning and reducing compound) (having a flash-point below 23 °C and viscous according to 2.2.3.1.4) (vapour pressure at 50 °C not more than 110 kPa)","adr_packing_instruction_P001,adr_packing_instruction_IBC02,adr_packing_instruction_R001",3,E,1263
adr_goods_1264,adr_class_3,F1,adr_label_3,5,uom.product_uom_litre,PARALDEHYDE,"adr_packing_instruction_P001,adr_packing_instruction_IBC03,adr_packing_instruction_LP01,adr_packing_instruction_R001",3,D/E,1264
adr_goods_1265,adr_class_3,F1,adr_label_3,,,"PENTANES, liquid",adr_packing_instruction_P001,1,D/E,1265
adr_goods_1265_1L,adr_class_3,F1,adr_label_3,1,uom.product_uom_litre,"PENTANES, liquid","adr_packing_instruction_P001,adr_packing_instruction_IBC02",2,D/E,1265
adr_goods_1266_F1_3_640C/163_5L_P001_2,adr_class_3,F1,adr_label_3,5,uom.product_uom_litre,PERFUMERY PRODUCTS with flammable solvents (vapour pressure at 50 °C more than 110 kPa),adr_packing_instruction_P001,2,D/E,1266
adr_goods_1266_F1_3_640D/163_5L_P001/IBC02/R001_2,adr_class_3,F1,adr_label_3,5,uom.product_uom_litre,PERFUMERY PRODUCTS with flammable solvents (vapour pressure at 50 °C not more than 110 kPa),"adr_packing_instruction_P001,adr_packing_instruction_IBC02,adr_packing_instruction_R001",2,D/E,1266
adr_goods_1266_F1_3_163_5L_P001/IBC03/LP01/R001_3,adr_class_3,F1,adr_label_3,5,uom.product_uom_litre,PERFUMERY PRODUCTS with flammable solvents,"adr_packing_instruction_P001,adr_packing_instruction_IBC03,adr_packing_instruction_LP01,adr_packing_instruction_R001",3,D/E,1266
adr_goods_1266_F1_3_163_5L_P001/R001_3,adr_class_3,F1,adr_label_3,5,uom.product_uom_litre,PERFUMERY PRODUCTS with flammable solvents (having a flash-point below  23 °C and viscous according to 2.2.3.1.4) (vapour pressure at 50 °C more than 110 kPa),"adr_packing_instruction_P001,adr_packing_instruction_R001",3,E,1266
adr_goods_1266_F1_3_163_5L_P001/IBC02/R001_3,adr_class_3,F1,adr_label_3,5,uom.product_uom_litre,PERFUMERY PRODUCTS with flammable solvents (having a flash-point below  23 °C and viscous according to 2.2.3.1.4) (vapour pressure at 50 °C not more than 110 kPa),"adr_packing_instruction_P001,adr_packing_instruction_IBC02,adr_packing_instruction_R001",3,E,1266
adr_goods_1267_F1_3_357_500ml_P001_1,adr_class_3,F1,adr_label_3,500,uom.product_uom_milliliter,PETROLEUM CRUDE OIL,adr_packing_instruction_P001,1,D/E,1267
adr_goods_1267_F1_3_357/640C_1L_P001_2,adr_class_3,F1,adr_label_3,1,uom.product_uom_litre,PETROLEUM CRUDE OIL (vapour pressure at 50 °C more than 110 kPa),adr_packing_instruction_P001,2,D/E,1267
adr_goods_1267_F1_3_357/640D_1L_P001/IBC02/R001_2,adr_class_3,F1,adr_label_3,1,uom.product_uom_litre,PETROLEUM CRUDE OIL (vapour pressure at 50 °C not more than 110 kPa),"adr_packing_instruction_P001,adr_packing_instruction_IBC02,adr_packing_instruction_R001",2,D/E,1267
adr_goods_1267_F1_3_357_5L_P001/IBC03/LP01/R001_3,adr_class_3,F1,adr_label_3,5,uom.product_uom_litre,PETROLEUM CRUDE OIL,"adr_packing_instruction_P001,adr_packing_instruction_IBC03,adr_packing_instruction_LP01,adr_packing_instruction_R001",3,D/E,1267
adr_goods_1268_F1_3_664_500ml_P001_1,adr_class_3,F1,adr_label_3,500,uom.product_uom_milliliter,"PETROLEUM DISTILLATES, N.O.S. or PETROLEUM PRODUCTS, N.O.S.",adr_packing_instruction_P001,1,D/E,1268
adr_goods_1268_F1_3_640D/664_1L_P001/IBC02/R001_2,adr_class_3,F1,adr_label_3,1,uom.product_uom_litre,"PETROLEUM DISTILLATES, N.O.S. or PETROLEUM PRODUCTS, N.O.S. (vapour pressure at 50 °C more than 110 kPa)","adr_packing_instruction_P001,adr_packing_instruction_IBC02,adr_packing_instruction_R001",2,D/E,1268
adr_goods_1268_F1_3_640C/664_1L_P001_2,adr_class_3,F1,adr_label_3,1,uom.product_uom_litre,"PETROLEUM DISTILLATES, N.O.S. or PETROLEUM PRODUCTS, N.O.S. (vapour pressure at 50 °C not more than 110 kPa)",adr_packing_instruction_P001,2,D/E,1268
adr_goods_1268_F1_3_664_5L_P001/IBC03/LP01/R001_3,adr_class_3,F1,adr_label_3,5,uom.product_uom_litre,"PETROLEUM DISTILLATES, N.O.S. or PETROLEUM PRODUCTS, N.O.S.","adr_packing_instruction_P001,adr_packing_instruction_IBC03,adr_packing_instruction_LP01,adr_packing_instruction_R001",3,D/E,1268
adr_goods_1272,adr_class_3,F1,adr_label_3,5,uom.product_uom_litre,PINE OIL,"adr_packing_instruction_P001,adr_packing_instruction_IBC03,adr_packing_instruction_LP01,adr_packing_instruction_R001",3,D/E,1272
adr_goods_1274_1L,adr_class_3,F1,adr_label_3,1,uom.product_uom_litre,"n-PROPANOL (PROPYL ALCOHOL, NORMAL)","adr_packing_instruction_P001,adr_packing_instruction_IBC02,adr_packing_instruction_R001",2,D/E,1274
adr_goods_1274_5L,adr_class_3,F1,adr_label_3,5,uom.product_uom_litre,"n-PROPANOL (PROPYL ALCOHOL, NORMAL)","adr_packing_instruction_P001,adr_packing_instruction_IBC03,adr_packing_instruction_LP01,adr_packing_instruction_R001",3,D/E,1274
adr_goods_1275,adr_class_3,F1,adr_label_3,1,uom.product_uom_litre,PROPIONALDEHYDE,"adr_packing_instruction_P001,adr_packing_instruction_IBC02,adr_packing_instruction_R001",2,D/E,1275
adr_goods_1276,adr_class_3,F1,adr_label_3,1,uom.product_uom_litre,n-PROPYL ACETATE,"adr_packing_instruction_P001,adr_packing_instruction_IBC02,adr_packing_instruction_R001",2,D/E,1276
adr_goods_1277,adr_class_3,FC,"adr_label_3,adr_label_8",1,uom.product_uom_litre,PROPYLAMINE,"adr_packing_instruction_P001,adr_packing_instruction_IBC02",2,D/E,1277
adr_goods_1278,adr_class_3,F1,adr_label_3,1,uom.product_uom_litre,1-CHLOROPROPANE,"adr_packing_instruction_P001,adr_packing_instruction_IBC02",2,D/E,1278
adr_goods_1279,adr_class_3,F1,adr_label_3,1,uom.product_uom_litre,"1,2-DICHLOROPROPANE","adr_packing_instruction_P001,adr_packing_instruction_IBC02,adr_packing_instruction_R001",2,D/E,1279
adr_goods_1280,adr_class_3,F1,adr_label_3,,,PROPYLENE OXIDE,adr_packing_instruction_P001,1,D/E,1280
adr_goods_1281,adr_class_3,F1,adr_label_3,1,uom.product_uom_litre,PROPYL FORMATES,"adr_packing_instruction_P001,adr_packing_instruction_IBC02,adr_packing_instruction_R001",2,D/E,1281
adr_goods_1282,adr_class_3,F1,adr_label_3,1,uom.product_uom_litre,PYRIDINE,"adr_packing_instruction_P001,adr_packing_instruction_IBC02,adr_packing_instruction_R001",2,D/E,1282
adr_goods_1286_F1_3_640C_5L_P001_2,adr_class_3,F1,adr_label_3,5,uom.product_uom_litre,ROSIN OIL (vapour pressure at 50 °C more than 110 kPa),adr_packing_instruction_P001,2,D/E,1286
adr_goods_1286_F1_3_640D_5L_P001/IBC02/R001_2,adr_class_3,F1,adr_label_3,5,uom.product_uom_litre,ROSIN OIL (vapour pressure at 50 °C not more than 110 kPa),"adr_packing_instruction_P001,adr_packing_instruction_IBC02,adr_packing_instruction_R001",2,D/E,1286
adr_goods_1286_F1_3_5L_P001/IBC03/LP01/R001_3,adr_class_3,F1,adr_label_3,5,uom.product_uom_litre,ROSIN OIL,"adr_packing_instruction_P001,adr_packing_instruction_IBC03,adr_packing_instruction_LP01,adr_packing_instruction_R001",3,D/E,1286
adr_goods_1286_F1_3_5L_P001/R001_3,adr_class_3,F1,adr_label_3,5,uom.product_uom_litre,ROSIN OIL (having a flash-point below 23 °C and viscous according to 2.2.3.1.4) (vapour pressure at 50 °C more than 110 kPa),"adr_packing_instruction_P001,adr_packing_instruction_R001",3,E,1286
adr_goods_1286_F1_3_5L_P001/IBC02/R001_3,adr_class_3,F1,adr_label_3,5,uom.product_uom_litre,ROSIN OIL (having a flash-point below 23 °C and viscous according to 2.2.3.1.4) (vapour pressure at 50 °C not more than 110 kPa),"adr_packing_instruction_P001,adr_packing_instruction_IBC02,adr_packing_instruction_R001",3,E,1286
adr_goods_1287_F1_3_640C_5L_P001_2,adr_class_3,F1,adr_label_3,5,uom.product_uom_litre,RUBBER SOLUTION (vapour pressure at 50 °C more than 110 kPa),adr_packing_instruction_P001,2,D/E,1287
adr_goods_1287_F1_3_640D_5L_P001/IBC02/R001_2,adr_class_3,F1,adr_label_3,5,uom.product_uom_litre,RUBBER SOLUTION (vapour pressure at 50 °C not more than 110 kPa),"adr_packing_instruction_P001,adr_packing_instruction_IBC02,adr_packing_instruction_R001",2,D/E,1287
adr_goods_1287_F1_3_5L_P001/IBC03/LP01/R001_3,adr_class_3,F1,adr_label_3,5,uom.product_uom_litre,RUBBER SOLUTION,"adr_packing_instruction_P001,adr_packing_instruction_IBC03,adr_packing_instruction_LP01,adr_packing_instruction_R001",3,D/E,1287
adr_goods_1287_F1_3_5L_P001/R001_3,adr_class_3,F1,adr_label_3,5,uom.product_uom_litre,RUBBER SOLUTION (having a flash-point below 23 °C and viscous according to 2.2.3.1.4) (vapour pressure at 50 °C more than 110 kPa),"adr_packing_instruction_P001,adr_packing_instruction_R001",3,E,1287
adr_goods_1287_F1_3_5L_P001/IBC02/R001_3,adr_class_3,F1,adr_label_3,5,uom.product_uom_litre,RUBBER SOLUTION (having a flash-point below 23 °C and viscous according to 2.2.3.1.4) (vapour pressure at 50 °C not more than 110 kPa),"adr_packing_instruction_P001,adr_packing_instruction_IBC02,adr_packing_instruction_R001",3,E,1287
adr_goods_1288_1L,adr_class_3,F1,adr_label_3,1,uom.product_uom_litre,SHALE OIL,"adr_packing_instruction_P001,adr_packing_instruction_IBC02,adr_packing_instruction_R001",2,D/E,1288
adr_goods_1288_5L,adr_class_3,F1,adr_label_3,5,uom.product_uom_litre,SHALE OIL,"adr_packing_instruction_P001,adr_packing_instruction_IBC03,adr_packing_instruction_LP01,adr_packing_instruction_R001",3,D/E,1288
adr_goods_1289_1L,adr_class_3,FC,"adr_label_3,adr_label_8",1,uom.product_uom_litre,SODIUM METHYLATE SOLUTION in alcohol,"adr_packing_instruction_P001,adr_packing_instruction_IBC02",2,D/E,1289
adr_goods_1289_5L,adr_class_3,FC,"adr_label_3,adr_label_8",5,uom.product_uom_litre,SODIUM METHYLATE SOLUTION in alcohol,"adr_packing_instruction_P001,adr_packing_instruction_IBC02,adr_packing_instruction_R001",3,D/E,1289
adr_goods_1292,adr_class_3,F1,adr_label_3,5,uom.product_uom_litre,TETRAETHYL SILICATE,"adr_packing_instruction_P001,adr_packing_instruction_IBC03,adr_packing_instruction_LP01,adr_packing_instruction_R001",3,D/E,1292
adr_goods_1293_1L,adr_class_3,F1,adr_label_3,1,uom.product_uom_litre,"TINCTURES, MEDICINAL","adr_packing_instruction_P001,adr_packing_instruction_IBC02,adr_packing_instruction_R001",2,D/E,1293
adr_goods_1293_5L,adr_class_3,F1,adr_label_3,5,uom.product_uom_litre,"TINCTURES, MEDICINAL","adr_packing_instruction_P001,adr_packing_instruction_IBC03,adr_packing_instruction_LP01,adr_packing_instruction_R001",3,D/E,1293
adr_goods_1294,adr_class_3,F1,adr_label_3,1,uom.product_uom_litre,TOLUENE,"adr_packing_instruction_P001,adr_packing_instruction_IBC02,adr_packing_instruction_R001",2,D/E,1294
adr_goods_1295,adr_class_4_3,WFC,"adr_label_4_3,adr_label_3,adr_label_8",,,TRICHLOROSILANE,adr_packing_instruction_P401,0,B/E,1295
adr_goods_1296,adr_class_3,FC,"adr_label_3,adr_label_8",1,uom.product_uom_litre,TRIETHYLAMINE,"adr_packing_instruction_P001,adr_packing_instruction_IBC02",2,D/E,1296
adr_goods_1297,adr_class_3,FC,"adr_label_3,adr_label_8",,,"TRIMETHYLAMINE, AQUEOUS SOLUTION, not more than 50% trimethylamine, by mass",adr_packing_instruction_P001,1,C/E,1297
adr_goods_1297_1L,adr_class_3,FC,"adr_label_3,adr_label_8",1,uom.product_uom_litre,"TRIMETHYLAMINE, AQUEOUS SOLUTION, not more than 50% trimethylamine, by mass","adr_packing_instruction_P001,adr_packing_instruction_IBC02",2,D/E,1297
adr_goods_1297_5L,adr_class_3,FC,"adr_label_3,adr_label_8",5,uom.product_uom_litre,"TRIMETHYLAMINE, AQUEOUS SOLUTION, not more than 50% trimethylamine, by mass","adr_packing_instruction_P001,adr_packing_instruction_IBC03,adr_packing_instruction_R001",3,D/E,1297
adr_goods_1298,adr_class_3,FC,"adr_label_3,adr_label_8",,,TRIMETHYLCHLORO-SILANE,adr_packing_instruction_P010,2,D/E,1298
adr_goods_1299,adr_class_3,F1,adr_label_3,5,uom.product_uom_litre,TURPENTINE,"adr_packing_instruction_P001,adr_packing_instruction_IBC03,adr_packing_instruction_LP01,adr_packing_instruction_R001",3,D/E,1299
adr_goods_1300_1L,adr_class_3,F1,adr_label_3,1,uom.product_uom_litre,TURPENTINE SUBSTITUTE,"adr_packing_instruction_P001,adr_packing_instruction_IBC02,adr_packing_instruction_R001",2,D/E,1300
adr_goods_1300_5L,adr_class_3,F1,adr_label_3,5,uom.product_uom_litre,TURPENTINE SUBSTITUTE,"adr_packing_instruction_P001,adr_packing_instruction_IBC03,adr_packing_instruction_LP01,adr_packing_instruction_R001",3,D/E,1300
adr_goods_1301,adr_class_3,F1,adr_label_3,1,uom.product_uom_litre,"VINYL ACETATE, STABILIZED","adr_packing_instruction_P001,adr_packing_instruction_IBC02,adr_packing_instruction_R001",2,D/E,1301
adr_goods_1302,adr_class_3,F1,adr_label_3,,,"VINYL ETHYL ETHER, STABILIZED",adr_packing_instruction_P001,1,D/E,1302
adr_goods_1303,adr_class_3,F1,adr_label_3,,,"VINYLIDENE CHLORIDE, STABILIZED",adr_packing_instruction_P001,1,D/E,1303
adr_goods_1304,adr_class_3,F1,adr_label_3,1,uom.product_uom_litre,"VINYL ISOBUTYL ETHER, STABILIZED","adr_packing_instruction_P001,adr_packing_instruction_IBC02,adr_packing_instruction_R001",2,D/E,1304
adr_goods_1305,adr_class_3,FC,"adr_label_3,adr_label_8",,,VINYLTRICHLOROSILANE,adr_packing_instruction_P010,2,D/E,1305
adr_goods_1306_F1_3_640C_5L_P001_2,adr_class_3,F1,adr_label_3,5,uom.product_uom_litre,"WOOD PRESERVATIVES, LIQUID (vapour pressure at 50 °C more than 110 kPa)",adr_packing_instruction_P001,2,D/E,1306
adr_goods_1306_F1_3_640D_5L_P001/IBC02/R001_2,adr_class_3,F1,adr_label_3,5,uom.product_uom_litre,"WOOD PRESERVATIVES, LIQUID (vapour pressure at 50 °C not more than 110 kPa)","adr_packing_instruction_P001,adr_packing_instruction_IBC02,adr_packing_instruction_R001",2,D/E,1306
adr_goods_1306_F1_3_5L_P001/IBC03/LP01/R001_3,adr_class_3,F1,adr_label_3,5,uom.product_uom_litre,"WOOD PRESERVATIVES, LIQUID","adr_packing_instruction_P001,adr_packing_instruction_IBC03,adr_packing_instruction_LP01,adr_packing_instruction_R001",3,D/E,1306
adr_goods_1306_F1_3_5L_P001/R001_3,adr_class_3,F1,adr_label_3,5,uom.product_uom_litre,"WOOD PRESERVATIVES, LIQUID (having a flash-point below 23 °C and viscous according to 2.2.3.1.4) (vapour pressure at 50 °C more than 110 kPa)","adr_packing_instruction_P001,adr_packing_instruction_R001",3,E,1306
adr_goods_1306_F1_3_5L_P001/IBC02/R001_3,adr_class_3,F1,adr_label_3,5,uom.product_uom_litre,"WOOD PRESERVATIVES, LIQUID (having a flash-point below 23 °C and viscous according to 2.2.3.1.4) (vapour pressure at 50 °C not more than 110 kPa)","adr_packing_instruction_P001,adr_packing_instruction_IBC02,adr_packing_instruction_R001",3,E,1306
adr_goods_1307_1L,adr_class_3,F1,adr_label_3,1,uom.product_uom_litre,XYLENES,"adr_packing_instruction_P001,adr_packing_instruction_IBC02,adr_packing_instruction_R001",2,D/E,1307
adr_goods_1307_5L,adr_class_3,F1,adr_label_3,5,uom.product_uom_litre,XYLENES,"adr_packing_instruction_P001,adr_packing_instruction_IBC03,adr_packing_instruction_LP01,adr_packing_instruction_R001",3,D/E,1307
adr_goods_1308_F1_3_P001_1,adr_class_3,F1,adr_label_3,,,ZIRCONIUM SUSPENDED IN A FLAMMABLE LIQUID,adr_packing_instruction_P001,1,D/E,1308
adr_goods_1308_F1_3_640C_1L_P001/R001_2,adr_class_3,F1,adr_label_3,1,uom.product_uom_litre,ZIRCONIUM SUSPENDED IN A FLAMMABLE LIQUID (vapour pressure at 50 °C more than 110 kPa),"adr_packing_instruction_P001,adr_packing_instruction_R001",2,D/E,1308
adr_goods_1308_F1_3_640D_1L_P001/R001_2,adr_class_3,F1,adr_label_3,1,uom.product_uom_litre,ZIRCONIUM SUSPENDED IN A FLAMMABLE LIQUID (vapour pressure at 50 °C not more than 110 kPa),"adr_packing_instruction_P001,adr_packing_instruction_R001",2,D/E,1308
adr_goods_1308_F1_3_5L_P001/R001_3,adr_class_3,F1,adr_label_3,5,uom.product_uom_litre,ZIRCONIUM SUSPENDED IN A FLAMMABLE LIQUID,"adr_packing_instruction_P001,adr_packing_instruction_R001",3,D/E,1308
adr_goods_1309_1kg,adr_class_4_1,F3,adr_label_4_1,1,uom.product_uom_kgm,"ALUMINIUM POWDER, COATED","adr_packing_instruction_P002,adr_packing_instruction_IBC08",2,E,1309
adr_goods_1309_5kg,adr_class_4_1,F3,adr_label_4_1,5,uom.product_uom_kgm,"ALUMINIUM POWDER, COATED","adr_packing_instruction_P002,adr_packing_instruction_IBC08,adr_packing_instruction_LP02,adr_packing_instruction_R001",3,E,1309
adr_goods_1310,adr_class_4_1,D,adr_label_4_1,,,"AMMONIUM PICRATE, WETTED with not less than 10% water, by mass",adr_packing_instruction_P406,1,B,1310
adr_goods_1312,adr_class_4_1,F1,adr_label_4_1,5,uom.product_uom_kgm,BORNEOL,"adr_packing_instruction_P002,adr_packing_instruction_IBC08,adr_packing_instruction_LP02,adr_packing_instruction_R001",3,E,1312
adr_goods_1313,adr_class_4_1,F3,adr_label_4_1,5,uom.product_uom_kgm,CALCIUM RESINATE,"adr_packing_instruction_P002,adr_packing_instruction_IBC06,adr_packing_instruction_R001",3,E,1313
adr_goods_1314,adr_class_4_1,F3,adr_label_4_1,5,uom.product_uom_kgm,"CALCIUM RESINATE, FUSED","adr_packing_instruction_P002,adr_packing_instruction_IBC04,adr_packing_instruction_R001",3,E,1314
adr_goods_1318,adr_class_4_1,F3,adr_label_4_1,5,uom.product_uom_kgm,"COBALT RESINATE, PRECIPITATED","adr_packing_instruction_P002,adr_packing_instruction_IBC06,adr_packing_instruction_R001",3,E,1318
adr_goods_1320,adr_class_4_1,DT,"adr_label_4_1,adr_label_6_1",,,"DINITROPHENOL, WETTED with not less than 15% water, by mass",adr_packing_instruction_P406,1,B,1320
adr_goods_1321,adr_class_4_1,DT,"adr_label_4_1,adr_label_6_1",,,"DINITROPHENOLATES, WETTED with not less than 15% water, by mass",adr_packing_instruction_P406,1,B,1321
adr_goods_1322,adr_class_4_1,D,adr_label_4_1,,,"DINITRORESORCINOL, WETTED with not less than 15% water, by mass",adr_packing_instruction_P406,1,B,1322
adr_goods_1323,adr_class_4_1,F3,adr_label_4_1,1,uom.product_uom_kgm,FERROCERIUM,"adr_packing_instruction_P002,adr_packing_instruction_IBC08",2,E,1323
adr_goods_1324,adr_class_4_1,F1,adr_label_4_1,5,uom.product_uom_kgm,"FILMS, NITROCELLULOSE BASE, gelatin coated, except scrap","adr_packing_instruction_P002,adr_packing_instruction_R001",3,E,1324
adr_goods_1325_1kg,adr_class_4_1,F1,adr_label_4_1,1,uom.product_uom_kgm,"FLAMMABLE SOLID, ORGANIC, N.O.S.","adr_packing_instruction_P002,adr_packing_instruction_IBC08",2,E,1325
adr_goods_1325_5kg,adr_class_4_1,F1,adr_label_4_1,5,uom.product_uom_kgm,"FLAMMABLE SOLID, ORGANIC, N.O.S.","adr_packing_instruction_P002,adr_packing_instruction_IBC08,adr_packing_instruction_LP02,adr_packing_instruction_R001",3,E,1325
adr_goods_1326,adr_class_4_1,F3,adr_label_4_1,1,uom.product_uom_kgm,"HAFNIUM POWDER, WETTED with not less than 25% water","adr_packing_instruction_P410,adr_packing_instruction_IBC06",2,E,1326
adr_goods_1327,adr_class_4_1,F1,,,,"Hay, Straw or Bhusa",,NOT_SUBJECT_TO_ADR,NOT_SUBJECT_TO_ADR,1327
adr_goods_1328,adr_class_4_1,F1,adr_label_4_1,5,uom.product_uom_kgm,HEXAMETHYLENE-TETRAMINE,"adr_packing_instruction_P002,adr_packing_instruction_IBC08,adr_packing_instruction_R001",3,E,1328
adr_goods_1330,adr_class_4_1,F3,adr_label_4_1,5,uom.product_uom_kgm,MANGANESE RESINATE,"adr_packing_instruction_P002,adr_packing_instruction_IBC06,adr_packing_instruction_R001",3,E,1330
adr_goods_1331,adr_class_4_1,F1,adr_label_4_1,5,uom.product_uom_kgm,"MATCHES, 'STRIKE ANYWHERE'",adr_packing_instruction_P407,4,E,1331
adr_goods_1332,adr_class_4_1,F1,adr_label_4_1,5,uom.product_uom_kgm,METALDEHYDE,"adr_packing_instruction_P002,adr_packing_instruction_IBC08,adr_packing_instruction_LP02,adr_packing_instruction_R001",3,E,1332
adr_goods_1333,adr_class_4_1,F3,adr_label_4_1,1,uom.product_uom_kgm,"CERIUM, slabs, ingots or rods","adr_packing_instruction_P002,adr_packing_instruction_IBC08",2,E,1333
adr_goods_1334,adr_class_4_1,F1,adr_label_4_1,5,uom.product_uom_kgm,"NAPHTHALENE, CRUDE or NAPHTHALENE, REFINED","adr_packing_instruction_P002,adr_packing_instruction_IBC08,adr_packing_instruction_LP02,adr_packing_instruction_R001",3,E,1334
adr_goods_1336,adr_class_4_1,D,adr_label_4_1,,,"NITROGUANIDINE (PICRITE), WETTED with not less than 20% water, by mass",adr_packing_instruction_P406,1,B,1336
adr_goods_1337,adr_class_4_1,D,adr_label_4_1,,,"NITROSTARCH, WETTED with not less than 20% water, by mass",adr_packing_instruction_P406,1,B,1337
adr_goods_1338,adr_class_4_1,F3,adr_label_4_1,5,uom.product_uom_kgm,"PHOSPHORUS, AMORPHOUS","adr_packing_instruction_P410,adr_packing_instruction_IBC08,adr_packing_instruction_R001",3,E,1338
adr_goods_1339,adr_class_4_1,F3,adr_label_4_1,1,uom.product_uom_kgm,"PHOSPHORUS HEPTASULPHIDE, free from yellow and white phosphorus","adr_packing_instruction_P410,adr_packing_instruction_IBC04",2,E,1339
adr_goods_1340,adr_class_4_3,WF2,"adr_label_4_3,adr_label_4_1",500,uom.product_uom_gram,"PHOSPHORUS PENTASULPHIDE, free from yellow and white phosphorus","adr_packing_instruction_P410,adr_packing_instruction_IBC04",0,D/E,1340
adr_goods_1341,adr_class_4_1,F3,adr_label_4_1,1,uom.product_uom_kgm,"PHOSPHORUS SESQUISULPHIDE, free from yellow and white phosphorus","adr_packing_instruction_P410,adr_packing_instruction_IBC04",2,E,1341
adr_goods_1343,adr_class_4_1,F3,adr_label_4_1,1,uom.product_uom_kgm,"PHOSPHORUS TRISULPHIDE, free from yellow and white phosphorus","adr_packing_instruction_P410,adr_packing_instruction_IBC04",2,E,1343
adr_goods_1344,adr_class_4_1,D,adr_label_4_1,,,"TRINITROPHENOL (PICRIC ACID), WETTED with not less than 30% water, by mass",adr_packing_instruction_P406,1,B,1344
adr_goods_1345,adr_class_4_1,F1,adr_label_4_1,1,uom.product_uom_kgm,"RUBBER SCRAP or RUBBER SHODDY, powdered or granulated","adr_packing_instruction_P002,adr_packing_instruction_IBC08",4,E,1345
adr_goods_1346,adr_class_4_1,F3,adr_label_4_1,5,uom.product_uom_kgm,"SILICON POWDER, AMORPHOUS","adr_packing_instruction_P002,adr_packing_instruction_IBC08,adr_packing_instruction_LP02,adr_packing_instruction_R001",3,E,1346
adr_goods_1347,adr_class_4_1,D,adr_label_4_1,,,"SILVER PICRATE, WETTED with not less than 30% water, by mass",adr_packing_instruction_P406,1,B,1347
adr_goods_1348,adr_class_4_1,DT,"adr_label_4_1,adr_label_6_1",,,"SODIUM DINITRO-o-CRESOLATE, WETTED with not less than 15% water, by mass",adr_packing_instruction_P406,1,B,1348
adr_goods_1349,adr_class_4_1,D,adr_label_4_1,,,"SODIUM PICRAMATE, WETTED with not less than 20% water, by mass",adr_packing_instruction_P406,1,B,1349
adr_goods_1350,adr_class_4_1,F3,adr_label_4_1,5,uom.product_uom_kgm,SULPHUR,"adr_packing_instruction_P002,adr_packing_instruction_IBC08,adr_packing_instruction_LP02,adr_packing_instruction_R001",3,E,1350
adr_goods_1352,adr_class_4_1,F3,adr_label_4_1,1,uom.product_uom_kgm,"TITANIUM POWDER, WETTED with not less than 25% water","adr_packing_instruction_P410,adr_packing_instruction_IBC06",2,E,1352
adr_goods_1353,adr_class_4_1,F1,adr_label_4_1,5,uom.product_uom_kgm,"FIBRES or FABRICS IMPREGNATED WITH WEAKLY NITRATED NITROCELLULOSE, N.O.S.","adr_packing_instruction_P410,adr_packing_instruction_IBC08,adr_packing_instruction_R001",3,E,1353
adr_goods_1354,adr_class_4_1,D,adr_label_4_1,,,"TRINITROBENZENE, WETTED with not less than 30% water, by mass",adr_packing_instruction_P406,1,B,1354
adr_goods_1355,adr_class_4_1,D,adr_label_4_1,,,"TRINITROBENZOIC ACID, WETTED with not less than 30% water, by mass",adr_packing_instruction_P406,1,B,1355
adr_goods_1356,adr_class_4_1,D,adr_label_4_1,,,"TRINITROTOLUENE (TNT), WETTED with not less than 30% water, by mass",adr_packing_instruction_P406,1,B,1356
adr_goods_1357,adr_class_4_1,D,adr_label_4_1,,,"UREA NITRATE, WETTED with not less than 20% water, by mass",adr_packing_instruction_P406,1,B,1357
adr_goods_1358,adr_class_4_1,F3,adr_label_4_1,1,uom.product_uom_kgm,"ZIRCONIUM POWDER, WETTED with not less than 25% water","adr_packing_instruction_P410,adr_packing_instruction_IBC06",2,E,1358
adr_goods_1360,adr_class_4_3,WT2,"adr_label_4_3,adr_label_6_1",,,CALCIUM PHOSPHIDE,adr_packing_instruction_P403,1,E,1360
adr_goods_1361_S2_4dot2_P002/IBC06_2,adr_class_4_2,S2,adr_label_4_2,,,"CARBON, animal or vegetable origin","adr_packing_instruction_P002,adr_packing_instruction_IBC06",2,D/E,1361
adr_goods_1361_S2_4dot2_665_P002/IBC08/LP02/R001_4,adr_class_4_2,S2,adr_label_4_2,,,"CARBON, animal or vegetable origin","adr_packing_instruction_P002,adr_packing_instruction_IBC08,adr_packing_instruction_LP02,adr_packing_instruction_R001",4,E,1361
adr_goods_1362,adr_class_4_2,S2,adr_label_4_2,,,"CARBON, ACTIVATED","adr_packing_instruction_P002,adr_packing_instruction_IBC08,adr_packing_instruction_LP02,adr_packing_instruction_R001",4,E,1362
adr_goods_1363,adr_class_4_2,S2,adr_label_4_2,,,COPRA,"adr_packing_instruction_P003,adr_packing_instruction_IBC08,adr_packing_instruction_LP02,adr_packing_instruction_R001",3,E,1363
adr_goods_1364,adr_class_4_2,S2,adr_label_4_2,,,"COTTON WASTE, OILY","adr_packing_instruction_P003,adr_packing_instruction_IBC08,adr_packing_instruction_LP02,adr_packing_instruction_R001",3,E,1364
adr_goods_1365,adr_class_4_2,S2,adr_label_4_2,,,"COTTON, WET","adr_packing_instruction_P003,adr_packing_instruction_IBC08,adr_packing_instruction_LP02,adr_packing_instruction_R001",3,E,1365
adr_goods_1369,adr_class_4_2,S2,adr_label_4_2,,,p-NITROSODIMETHYL-ANILINE,"adr_packing_instruction_P410,adr_packing_instruction_IBC06",2,D/E,1369
adr_goods_1372,adr_class_4_2,S2,,,,"Fibres, animal or fibres, vegetable burnt, wet or damp",,NOT_SUBJECT_TO_ADR,NOT_SUBJECT_TO_ADR,1372
adr_goods_1373,adr_class_4_2,S2,adr_label_4_2,,,"FIBRES or FABRICS, ANIMAL or VEGETABLE or SYNTHETIC, N.O.S. with oil","adr_packing_instruction_P410,adr_packing_instruction_IBC08,adr_packing_instruction_R001",3,E,1373
adr_goods_1374,adr_class_4_2,S2,adr_label_4_2,,,"FISH MEAL (FISH SCRAP), UNSTABILIZED","adr_packing_instruction_P410,adr_packing_instruction_IBC08",2,D/E,1374
adr_goods_1376,adr_class_4_2,S4,adr_label_4_2,,,"IRON OXIDE, SPENT or IRON SPONGE, SPENT obtained from coal gas purification","adr_packing_instruction_P002,adr_packing_instruction_IBC08,adr_packing_instruction_LP02,adr_packing_instruction_R001",3,E,1376
adr_goods_1378,adr_class_4_2,S4,adr_label_4_2,,,"METAL CATALYST, WETTED with a visible excess of liquid","adr_packing_instruction_P410,adr_packing_instruction_IBC01",2,D/E,1378
adr_goods_1379,adr_class_4_2,S2,adr_label_4_2,,,"PAPER, UNSATURATED OIL TREATED, incompletely dried (including carbon paper)","adr_packing_instruction_P410,adr_packing_instruction_IBC08,adr_packing_instruction_R001",3,E,1379
adr_goods_1380,adr_class_4_2,ST3,"adr_label_4_2,adr_label_6_1",,,PENTABORANE,adr_packing_instruction_P601,0,B/E,1380
adr_goods_1381_ST3_4dot2/6dot1_503_P405_0,adr_class_4_2,ST3,"adr_label_4_2,adr_label_6_1",,,"PHOSPHORUS, WHITE or YELLOW, UNDER WATER or IN SOLUTION",adr_packing_instruction_P405,0,B/E,1381
adr_goods_1381_ST4_4dot2/6dot1_503_P405_0,adr_class_4_2,ST4,"adr_label_4_2,adr_label_6_1",,,"PHOSPHORUS, WHITE or YELLOW, DRY",adr_packing_instruction_P405,0,B/E,1381
adr_goods_1382,adr_class_4_2,S4,adr_label_4_2,,,"POTASSIUM SULPHIDE, ANHYDROUS or POTASSIUM SULPHIDE with less than 30% water of crystallization","adr_packing_instruction_P410,adr_packing_instruction_IBC06",2,D/E,1382
adr_goods_1383,adr_class_4_2,S4,adr_label_4_2,,,"PYROPHORIC METAL, N.O.S. or PYROPHORIC ALLOY, N.O.S.",adr_packing_instruction_P404,0,B/E,1383
adr_goods_1384,adr_class_4_2,S4,adr_label_4_2,,,SODIUM DITHIONITE (SODIUM HYDROSULPHITE),"adr_packing_instruction_P410,adr_packing_instruction_IBC06",2,D/E,1384
adr_goods_1385,adr_class_4_2,S4,adr_label_4_2,,,"SODIUM SULPHIDE, ANHYDROUS or SODIUM SULPHIDE with less than 30% water of crystallization","adr_packing_instruction_P410,adr_packing_instruction_IBC06",2,D/E,1385
adr_goods_1386,adr_class_4_2,S2,adr_label_4_2,,,SEED CAKE with more than 1.5% oil and not more than 11% moisture,"adr_packing_instruction_P003,adr_packing_instruction_IBC08,adr_packing_instruction_LP02,adr_packing_instruction_R001",3,E,1386
adr_goods_1387,adr_class_4_2,S2,,,,"Wool waste, wet",,NOT_SUBJECT_TO_ADR,NOT_SUBJECT_TO_ADR,1387
adr_goods_1389,adr_class_4_3,W1,adr_label_4_3,,,"ALKALI METAL AMALGAM, LIQUID",adr_packing_instruction_P402,1,B/E,1389
adr_goods_1390,adr_class_4_3,W2,adr_label_4_3,500,uom.product_uom_gram,ALKALI METAL AMIDES,"adr_packing_instruction_P410,adr_packing_instruction_IBC07",0,D/E,1390
adr_goods_1391,adr_class_4_3,W1,adr_label_4_3,,,ALKALI METAL DISPERSION or ALKALINE EARTH METAL DISPERSION,adr_packing_instruction_P402,1,B/E,1391
adr_goods_1392,adr_class_4_3,W1,adr_label_4_3,,,"ALKALINE EARTH METAL AMALGAM, LIQUID",adr_packing_instruction_P402,1,B/E,1392
adr_goods_1393,adr_class_4_3,W2,adr_label_4_3,500,uom.product_uom_gram,"ALKALINE EARTH METAL ALLOY, N.O.S.","adr_packing_instruction_P410,adr_packing_instruction_IBC07",2,D/E,1393
adr_goods_1394,adr_class_4_3,W2,adr_label_4_3,500,uom.product_uom_gram,ALUMINIUM CARBIDE,"adr_packing_instruction_P410,adr_packing_instruction_IBC07",2,D/E,1394
adr_goods_1395,adr_class_4_3,WT2,"adr_label_4_3,adr_label_6_1",500,uom.product_uom_gram,ALUMINIUM FERROSILICON POWDER,"adr_packing_instruction_P410,adr_packing_instruction_IBC05",2,D/E,1395
adr_goods_1396_500g,adr_class_4_3,W2,adr_label_4_3,500,uom.product_uom_gram,"ALUMINIUM POWDER, UNCOATED","adr_packing_instruction_P410,adr_packing_instruction_IBC07",2,D/E,1396
adr_goods_1396_1kg,adr_class_4_3,W2,adr_label_4_3,1,uom.product_uom_kgm,"ALUMINIUM POWDER, UNCOATED","adr_packing_instruction_P410,adr_packing_instruction_IBC08,adr_packing_instruction_R001",3,E,1396
adr_goods_1397,adr_class_4_3,WT2,"adr_label_4_3,adr_label_6_1",,,ALUMINIUM PHOSPHIDE,adr_packing_instruction_P403,1,E,1397
adr_goods_1398,adr_class_4_3,W2,adr_label_4_3,1,uom.product_uom_kgm,"ALUMINIUM SILICON POWDER, UNCOATED","adr_packing_instruction_P410,adr_packing_instruction_IBC08,adr_packing_instruction_R001",3,E,1398
adr_goods_1400,adr_class_4_3,W2,adr_label_4_3,500,uom.product_uom_gram,BARIUM,"adr_packing_instruction_P410,adr_packing_instruction_IBC07",2,D/E,1400
adr_goods_1401,adr_class_4_3,W2,adr_label_4_3,500,uom.product_uom_gram,CALCIUM,"adr_packing_instruction_P410,adr_packing_instruction_IBC07",2,D/E,1401
adr_goods_1402,adr_class_4_3,W2,adr_label_4_3,,,CALCIUM CARBIDE,"adr_packing_instruction_P403,adr_packing_instruction_IBC04",1,B/E,1402
adr_goods_1402_500g,adr_class_4_3,W2,adr_label_4_3,500,uom.product_uom_gram,CALCIUM CARBIDE,"adr_packing_instruction_P410,adr_packing_instruction_IBC07",2,D/E,1402
adr_goods_1403,adr_class_4_3,W2,adr_label_4_3,1,uom.product_uom_kgm,CALCIUM CYANAMIDE with more than 0.1% calcium carbide,"adr_packing_instruction_P410,adr_packing_instruction_IBC08,adr_packing_instruction_R001",0,E,1403
adr_goods_1404,adr_class_4_3,W2,adr_label_4_3,,,CALCIUM HYDRIDE,adr_packing_instruction_P403,1,E,1404
adr_goods_1405_500g,adr_class_4_3,W2,adr_label_4_3,500,uom.product_uom_gram,CALCIUM SILICIDE,"adr_packing_instruction_P410,adr_packing_instruction_IBC07",2,D/E,1405
adr_goods_1405_1kg,adr_class_4_3,W2,adr_label_4_3,1,uom.product_uom_kgm,CALCIUM SILICIDE,"adr_packing_instruction_P410,adr_packing_instruction_IBC08,adr_packing_instruction_R001",3,E,1405
adr_goods_1407,adr_class_4_3,W2,adr_label_4_3,,,CAESIUM,"adr_packing_instruction_P403,adr_packing_instruction_IBC04",1,B/E,1407
adr_goods_1408,adr_class_4_3,WT2,"adr_label_4_3,adr_label_6_1",1,uom.product_uom_kgm,FERROSILICON with 30% or more but less than 90% silicon,"adr_packing_instruction_P003,adr_packing_instruction_IBC08,adr_packing_instruction_R001",3,E,1408
adr_goods_1409,adr_class_4_3,W2,adr_label_4_3,,,"METAL HYDRIDES, WATER-REACTIVE, N.O.S.",adr_packing_instruction_P403,1,E,1409
adr_goods_1409_500g,adr_class_4_3,W2,adr_label_4_3,500,uom.product_uom_gram,"METAL HYDRIDES, WATER-REACTIVE, N.O.S.","adr_packing_instruction_P410,adr_packing_instruction_IBC04",2,D/E,1409
adr_goods_1410,adr_class_4_3,W2,adr_label_4_3,,,LITHIUM ALUMINIUM HYDRIDE,adr_packing_instruction_P403,1,E,1410
adr_goods_1411,adr_class_4_3,WF1,"adr_label_4_3,adr_label_3",,,"LITHIUM ALUMINIUM HYDRIDE, ETHEREAL",adr_packing_instruction_P402,1,E,1411
adr_goods_1413,adr_class_4_3,W2,adr_label_4_3,,,LITHIUM BOROHYDRIDE,adr_packing_instruction_P403,1,E,1413
adr_goods_1414,adr_class_4_3,W2,adr_label_4_3,,,LITHIUM HYDRIDE,adr_packing_instruction_P403,1,E,1414
adr_goods_1415,adr_class_4_3,W2,adr_label_4_3,,,LITHIUM,"adr_packing_instruction_P403,adr_packing_instruction_IBC04",1,B/E,1415
adr_goods_1417,adr_class_4_3,W2,adr_label_4_3,500,uom.product_uom_gram,LITHIUM SILICON,"adr_packing_instruction_P410,adr_packing_instruction_IBC07",2,D/E,1417
adr_goods_1418_WS_4dot3/4dot2_P403_1,adr_class_4_3,WS,"adr_label_4_3,adr_label_4_2",,,MAGNESIUM POWDER or MAGNESIUM ALLOYS POWDER,adr_packing_instruction_P403,1,E,1418
adr_goods_1418_WS_4dot3/4dot2_P410/IBC05_2,adr_class_4_3,WS,"adr_label_4_3,adr_label_4_2",,,MAGNESIUM POWDER or MAGNESIUM ALLOYS POWDER,"adr_packing_instruction_P410,adr_packing_instruction_IBC05",2,D/E,1418
adr_goods_1418_WS_4dot3/4dot2_P410/IBC08/R001_3,adr_class_4_3,WS,"adr_label_4_3,adr_label_4_2",,,MAGNESIUM POWDER or MAGNESIUM ALLOYS POWDER,"adr_packing_instruction_P410,adr_packing_instruction_IBC08,adr_packing_instruction_R001",3,E,1418
adr_goods_1419,adr_class_4_3,WT2,"adr_label_4_3,adr_label_6_1",,,MAGNESIUM ALUMINIUM PHOSPHIDE,adr_packing_instruction_P403,1,E,1419
adr_goods_1420,adr_class_4_3,W1,adr_label_4_3,,,"POTASSIUM METAL ALLOYS, LIQUID",adr_packing_instruction_P402,1,B/E,1420
adr_goods_1421,adr_class_4_3,W1,adr_label_4_3,,,"ALKALI METAL ALLOY, LIQUID, N.O.S.",adr_packing_instruction_P402,1,B/E,1421
adr_goods_1422,adr_class_4_3,W1,adr_label_4_3,,,"POTASSIUM SODIUM ALLOYS, LIQUID",adr_packing_instruction_P402,1,B/E,1422
adr_goods_1423,adr_class_4_3,W2,adr_label_4_3,,,RUBIDIUM,"adr_packing_instruction_P403,adr_packing_instruction_IBC04",1,B/E,1423
adr_goods_1426,adr_class_4_3,W2,adr_label_4_3,,,SODIUM BOROHYDRIDE,adr_packing_instruction_P403,1,E,1426
adr_goods_1427,adr_class_4_3,W2,adr_label_4_3,,,SODIUM HYDRIDE,adr_packing_instruction_P403,1,E,1427
adr_goods_1428,adr_class_4_3,W2,adr_label_4_3,,,SODIUM,"adr_packing_instruction_P403,adr_packing_instruction_IBC04",1,B/E,1428
adr_goods_1431,adr_class_4_2,SC4,"adr_label_4_2,adr_label_8",,,SODIUM METHYLATE,"adr_packing_instruction_P410,adr_packing_instruction_IBC05",2,D/E,1431
adr_goods_1432,adr_class_4_3,WT2,"adr_label_4_3,adr_label_6_1",,,SODIUM PHOSPHIDE,adr_packing_instruction_P403,1,E,1432
adr_goods_1433,adr_class_4_3,WT2,"adr_label_4_3,adr_label_6_1",,,STANNIC PHOSPHIDES,adr_packing_instruction_P403,1,E,1433
adr_goods_1435,adr_class_4_3,W2,adr_label_4_3,1,uom.product_uom_kgm,ZINC ASHES,"adr_packing_instruction_P002,adr_packing_instruction_IBC08,adr_packing_instruction_R001",3,E,1435
adr_goods_1436_WS_4dot3/4dot2_P403_1,adr_class_4_3,WS,"adr_label_4_3,adr_label_4_2",,,ZINC POWDER or ZINC DUST,adr_packing_instruction_P403,1,E,1436
adr_goods_1436_WS_4dot3/4dot2_P410/IBC07_2,adr_class_4_3,WS,"adr_label_4_3,adr_label_4_2",,,ZINC POWDER or ZINC DUST,"adr_packing_instruction_P410,adr_packing_instruction_IBC07",2,D/E,1436
adr_goods_1436_WS_4dot3/4dot2_P410/IBC08/R001_3,adr_class_4_3,WS,"adr_label_4_3,adr_label_4_2",,,ZINC POWDER or ZINC DUST,"adr_packing_instruction_P410,adr_packing_instruction_IBC08,adr_packing_instruction_R001",3,E,1436
adr_goods_1437,adr_class_4_1,F3,adr_label_4_1,1,uom.product_uom_kgm,ZIRCONIUM HYDRIDE,"adr_packing_instruction_P410,adr_packing_instruction_IBC04",2,E,1437
adr_goods_1438,adr_class_5_1,O2,adr_label_5_1,5,uom.product_uom_kgm,ALUMINIUM NITRATE,"adr_packing_instruction_P002,adr_packing_instruction_IBC08,adr_packing_instruction_LP02,adr_packing_instruction_R001",3,E,1438
adr_goods_1439,adr_class_5_1,O2,adr_label_5_1,1,uom.product_uom_kgm,AMMONIUM DICHROMATE,"adr_packing_instruction_P002,adr_packing_instruction_IBC08",2,E,1439
adr_goods_1442,adr_class_5_1,O2,adr_label_5_1,1,uom.product_uom_kgm,AMMONIUM PERCHLORATE,"adr_packing_instruction_P002,adr_packing_instruction_IBC06",2,E,1442
adr_goods_1444,adr_class_5_1,O2,adr_label_5_1,5,uom.product_uom_kgm,AMMONIUM PERSULPHATE,"adr_packing_instruction_P002,adr_packing_instruction_IBC08,adr_packing_instruction_LP02,adr_packing_instruction_R001",3,E,1444
adr_goods_1445,adr_class_5_1,OT2,"adr_label_5_1,adr_label_6_1",1,uom.product_uom_kgm,"BARIUM CHLORATE, SOLID","adr_packing_instruction_P002,adr_packing_instruction_IBC06",2,E,1445
adr_goods_1446,adr_class_5_1,OT2,"adr_label_5_1,adr_label_6_1",1,uom.product_uom_kgm,BARIUM NITRATE,"adr_packing_instruction_P002,adr_packing_instruction_IBC08",2,E,1446
adr_goods_1447,adr_class_5_1,OT2,"adr_label_5_1,adr_label_6_1",1,uom.product_uom_kgm,"BARIUM PERCHLORATE, SOLID","adr_packing_instruction_P002,adr_packing_instruction_IBC06",2,E,1447
adr_goods_1448,adr_class_5_1,OT2,"adr_label_5_1,adr_label_6_1",1,uom.product_uom_kgm,BARIUM PERMANGANATE,"adr_packing_instruction_P002,adr_packing_instruction_IBC06",2,E,1448
adr_goods_1449,adr_class_5_1,OT2,"adr_label_5_1,adr_label_6_1",1,uom.product_uom_kgm,BARIUM PEROXIDE,"adr_packing_instruction_P002,adr_packing_instruction_IBC06",2,E,1449
adr_goods_1450,adr_class_5_1,O2,adr_label_5_1,1,uom.product_uom_kgm,"BROMATES, INORGANIC, N.O.S.","adr_packing_instruction_P002,adr_packing_instruction_IBC08",2,E,1450
adr_goods_1451,adr_class_5_1,O2,adr_label_5_1,5,uom.product_uom_kgm,CAESIUM NITRATE,"adr_packing_instruction_P002,adr_packing_instruction_IBC08,adr_packing_instruction_LP02,adr_packing_instruction_R001",3,E,1451
adr_goods_1452,adr_class_5_1,O2,adr_label_5_1,1,uom.product_uom_kgm,CALCIUM CHLORATE,"adr_packing_instruction_P002,adr_packing_instruction_IBC08",2,E,1452
adr_goods_1453,adr_class_5_1,O2,adr_label_5_1,1,uom.product_uom_kgm,CALCIUM CHLORITE,"adr_packing_instruction_P002,adr_packing_instruction_IBC08",2,E,1453
adr_goods_1454,adr_class_5_1,O2,adr_label_5_1,5,uom.product_uom_kgm,CALCIUM NITRATE,"adr_packing_instruction_P002,adr_packing_instruction_IBC08,adr_packing_instruction_LP02,adr_packing_instruction_R001",3,E,1454
adr_goods_1455,adr_class_5_1,O2,adr_label_5_1,1,uom.product_uom_kgm,CALCIUM PERCHLORATE,"adr_packing_instruction_P002,adr_packing_instruction_IBC06",2,E,1455
adr_goods_1456,adr_class_5_1,O2,adr_label_5_1,1,uom.product_uom_kgm,CALCIUM PERMANGANATE,"adr_packing_instruction_P002,adr_packing_instruction_IBC06",2,E,1456
adr_goods_1457,adr_class_5_1,O2,adr_label_5_1,1,uom.product_uom_kgm,CALCIUM PEROXIDE,"adr_packing_instruction_P002,adr_packing_instruction_IBC06",2,E,1457
adr_goods_1458_1kg,adr_class_5_1,O2,adr_label_5_1,1,uom.product_uom_kgm,CHLORATE AND BORATE MIXTURE,"adr_packing_instruction_P002,adr_packing_instruction_IBC08",2,E,1458
adr_goods_1458_5kg,adr_class_5_1,O2,adr_label_5_1,5,uom.product_uom_kgm,CHLORATE AND BORATE MIXTURE,"adr_packing_instruction_P002,adr_packing_instruction_IBC08,adr_packing_instruction_LP02,adr_packing_instruction_R001",3,E,1458
adr_goods_1459_1kg,adr_class_5_1,O2,adr_label_5_1,1,uom.product_uom_kgm,"CHLORATE AND MAGNESIUM CHLORIDE MIXTURE, SOLID","adr_packing_instruction_P002,adr_packing_instruction_IBC08",2,E,1459
adr_goods_1459_5kg,adr_class_5_1,O2,adr_label_5_1,5,uom.product_uom_kgm,"CHLORATE AND MAGNESIUM CHLORIDE MIXTURE, SOLID","adr_packing_instruction_P002,adr_packing_instruction_IBC08,adr_packing_instruction_LP02,adr_packing_instruction_R001",3,E,1459
adr_goods_1461,adr_class_5_1,O2,adr_label_5_1,1,uom.product_uom_kgm,"CHLORATES, INORGANIC, N.O.S.","adr_packing_instruction_P002,adr_packing_instruction_IBC06",2,E,1461
adr_goods_1462,adr_class_5_1,O2,adr_label_5_1,1,uom.product_uom_kgm,"CHLORITES, INORGANIC, N.O.S.","adr_packing_instruction_P002,adr_packing_instruction_IBC06",2,E,1462
adr_goods_1463,adr_class_5_1,OTC,"adr_label_5_1,adr_label_6_1,adr_label_8",1,uom.product_uom_kgm,"CHROMIUM TRIOXIDE, ANHYDROUS","adr_packing_instruction_P002,adr_packing_instruction_IBC08",2,E,1463
adr_goods_1465,adr_class_5_1,O2,adr_label_5_1,5,uom.product_uom_kgm,DIDYMIUM NITRATE,"adr_packing_instruction_P002,adr_packing_instruction_IBC08,adr_packing_instruction_LP02,adr_packing_instruction_R001",3,E,1465
adr_goods_1466,adr_class_5_1,O2,adr_label_5_1,5,uom.product_uom_kgm,FERRIC NITRATE,"adr_packing_instruction_P002,adr_packing_instruction_IBC08,adr_packing_instruction_LP02,adr_packing_instruction_R001",3,E,1466
adr_goods_1467,adr_class_5_1,O2,adr_label_5_1,5,uom.product_uom_kgm,GUANIDINE NITRATE,"adr_packing_instruction_P002,adr_packing_instruction_IBC08,adr_packing_instruction_LP02,adr_packing_instruction_R001",3,E,1467
adr_goods_1469,adr_class_5_1,OT2,"adr_label_5_1,adr_label_6_1",1,uom.product_uom_kgm,LEAD NITRATE,"adr_packing_instruction_P002,adr_packing_instruction_IBC08",2,E,1469
adr_goods_1470,adr_class_5_1,OT2,"adr_label_5_1,adr_label_6_1",1,uom.product_uom_kgm,"LEAD PERCHLORATE, SOLID","adr_packing_instruction_P002,adr_packing_instruction_IBC06",2,E,1470
adr_goods_1471_1kg,adr_class_5_1,O2,adr_label_5_1,1,uom.product_uom_kgm,"LITHIUM HYPOCHLORITE, DRY or LITHIUM HYPOCHLORITE MIXTURE","adr_packing_instruction_P002,adr_packing_instruction_IBC08",2,E,1471
adr_goods_1471_5kg,adr_class_5_1,O2,adr_label_5_1,5,uom.product_uom_kgm,"LITHIUM HYPOCHLORITE, DRY or LITHIUM HYPOCHLORITE MIXTURE","adr_packing_instruction_P002,adr_packing_instruction_IBC08,adr_packing_instruction_LP02,adr_packing_instruction_R001",3,E,1471
adr_goods_1472,adr_class_5_1,O2,adr_label_5_1,1,uom.product_uom_kgm,LITHIUM PEROXIDE,"adr_packing_instruction_P002,adr_packing_instruction_IBC06",2,E,1472
adr_goods_1473,adr_class_5_1,O2,adr_label_5_1,1,uom.product_uom_kgm,MAGNESIUM BROMATE,"adr_packing_instruction_P002,adr_packing_instruction_IBC08",2,E,1473
adr_goods_1474,adr_class_5_1,O2,adr_label_5_1,5,uom.product_uom_kgm,MAGNESIUM NITRATE,"adr_packing_instruction_P002,adr_packing_instruction_IBC08,adr_packing_instruction_LP02,adr_packing_instruction_R001",3,E,1474
adr_goods_1475,adr_class_5_1,O2,adr_label_5_1,1,uom.product_uom_kgm,MAGNESIUM PERCHLORATE,"adr_packing_instruction_P002,adr_packing_instruction_IBC06",2,E,1475
adr_goods_1476,adr_class_5_1,O2,adr_label_5_1,1,uom.product_uom_kgm,MAGNESIUM PEROXIDE,"adr_packing_instruction_P002,adr_packing_instruction_IBC06",2,E,1476
adr_goods_1477_1kg,adr_class_5_1,O2,adr_label_5_1,1,uom.product_uom_kgm,"NITRATES, INORGANIC, N.O.S.","adr_packing_instruction_P002,adr_packing_instruction_IBC08",2,E,1477
adr_goods_1477_5kg,adr_class_5_1,O2,adr_label_5_1,5,uom.product_uom_kgm,"NITRATES, INORGANIC, N.O.S.","adr_packing_instruction_P002,adr_packing_instruction_IBC08,adr_packing_instruction_LP02,adr_packing_instruction_R001",3,E,1477
adr_goods_1479,adr_class_5_1,O2,adr_label_5_1,,,"OXIDIZING SOLID, N.O.S.","adr_packing_instruction_P503,adr_packing_instruction_IBC05",1,E,1479
adr_goods_1479_1kg,adr_class_5_1,O2,adr_label_5_1,1,uom.product_uom_kgm,"OXIDIZING SOLID, N.O.S.","adr_packing_instruction_P002,adr_packing_instruction_IBC08",2,E,1479
adr_goods_1479_5kg,adr_class_5_1,O2,adr_label_5_1,5,uom.product_uom_kgm,"OXIDIZING SOLID, N.O.S.","adr_packing_instruction_P002,adr_packing_instruction_IBC08,adr_packing_instruction_LP02,adr_packing_instruction_R001",3,E,1479
adr_goods_1481_1kg,adr_class_5_1,O2,adr_label_5_1,1,uom.product_uom_kgm,"PERCHLORATES, INORGANIC, N.O.S.","adr_packing_instruction_P002,adr_packing_instruction_IBC06",2,E,1481
adr_goods_1481_5kg,adr_class_5_1,O2,adr_label_5_1,5,uom.product_uom_kgm,"PERCHLORATES, INORGANIC, N.O.S.","adr_packing_instruction_P002,adr_packing_instruction_IBC08,adr_packing_instruction_LP02,adr_packing_instruction_R001",3,E,1481
adr_goods_1482_1kg,adr_class_5_1,O2,adr_label_5_1,1,uom.product_uom_kgm,"PERMANGANATES, INORGANIC, N.O.S.","adr_packing_instruction_P002,adr_packing_instruction_IBC06",2,E,1482
adr_goods_1482_5kg,adr_class_5_1,O2,adr_label_5_1,5,uom.product_uom_kgm,"PERMANGANATES, INORGANIC, N.O.S.","adr_packing_instruction_P002,adr_packing_instruction_IBC08,adr_packing_instruction_LP02,adr_packing_instruction_R001",3,E,1482
adr_goods_1483_1kg,adr_class_5_1,O2,adr_label_5_1,1,uom.product_uom_kgm,"PEROXIDES, INORGANIC, N.O.S.","adr_packing_instruction_P002,adr_packing_instruction_IBC06",2,E,1483
adr_goods_1483_5kg,adr_class_5_1,O2,adr_label_5_1,5,uom.product_uom_kgm,"PEROXIDES, INORGANIC, N.O.S.","adr_packing_instruction_P002,adr_packing_instruction_IBC08,adr_packing_instruction_LP02,adr_packing_instruction_R001",3,E,1483
adr_goods_1484,adr_class_5_1,O2,adr_label_5_1,1,uom.product_uom_kgm,POTASSIUM BROMATE,"adr_packing_instruction_P002,adr_packing_instruction_IBC08",2,E,1484
adr_goods_1485,adr_class_5_1,O2,adr_label_5_1,1,uom.product_uom_kgm,POTASSIUM CHLORATE,"adr_packing_instruction_P002,adr_packing_instruction_IBC08",2,E,1485
adr_goods_1486,adr_class_5_1,O2,adr_label_5_1,5,uom.product_uom_kgm,POTASSIUM NITRATE,"adr_packing_instruction_P002,adr_packing_instruction_IBC08,adr_packing_instruction_LP02,adr_packing_instruction_R001",3,E,1486
adr_goods_1487,adr_class_5_1,O2,adr_label_5_1,1,uom.product_uom_kgm,POTASSIUM NITRATE AND SODIUM NITRITE MIXTURE,"adr_packing_instruction_P002,adr_packing_instruction_IBC08",2,E,1487
adr_goods_1488,adr_class_5_1,O2,adr_label_5_1,1,uom.product_uom_kgm,POTASSIUM NITRITE,"adr_packing_instruction_P002,adr_packing_instruction_IBC08",2,E,1488
adr_goods_1489,adr_class_5_1,O2,adr_label_5_1,1,uom.product_uom_kgm,POTASSIUM PERCHLORATE,"adr_packing_instruction_P002,adr_packing_instruction_IBC06",2,E,1489
adr_goods_1490,adr_class_5_1,O2,adr_label_5_1,1,uom.product_uom_kgm,POTASSIUM PERMANGANATE,"adr_packing_instruction_P002,adr_packing_instruction_IBC08",2,E,1490
adr_goods_1491,adr_class_5_1,O2,adr_label_5_1,,,POTASSIUM PEROXIDE,"adr_packing_instruction_P503,adr_packing_instruction_IBC06",1,E,1491
adr_goods_1492,adr_class_5_1,O2,adr_label_5_1,5,uom.product_uom_kgm,POTASSIUM PERSULPHATE,"adr_packing_instruction_P002,adr_packing_instruction_IBC08,adr_packing_instruction_LP02,adr_packing_instruction_R001",3,E,1492
adr_goods_1493,adr_class_5_1,O2,adr_label_5_1,1,uom.product_uom_kgm,SILVER NITRATE,"adr_packing_instruction_P002,adr_packing_instruction_IBC08",2,E,1493
adr_goods_1494,adr_class_5_1,O2,adr_label_5_1,1,uom.product_uom_kgm,SODIUM BROMATE,"adr_packing_instruction_P002,adr_packing_instruction_IBC08",2,E,1494
adr_goods_1495,adr_class_5_1,O2,adr_label_5_1,1,uom.product_uom_kgm,SODIUM CHLORATE,"adr_packing_instruction_P002,adr_packing_instruction_IBC08",2,E,1495
adr_goods_1496,adr_class_5_1,O2,adr_label_5_1,1,uom.product_uom_kgm,SODIUM CHLORITE,"adr_packing_instruction_P002,adr_packing_instruction_IBC08",2,E,1496
adr_goods_1498,adr_class_5_1,O2,adr_label_5_1,5,uom.product_uom_kgm,SODIUM NITRATE,"adr_packing_instruction_P002,adr_packing_instruction_IBC08,adr_packing_instruction_LP02,adr_packing_instruction_R001",3,E,1498
adr_goods_1499,adr_class_5_1,O2,adr_label_5_1,5,uom.product_uom_kgm,SODIUM NITRATE AND POTASSIUM NITRATE MIXTURE,"adr_packing_instruction_P002,adr_packing_instruction_IBC08,adr_packing_instruction_LP02,adr_packing_instruction_R001",3,E,1499
adr_goods_1500,adr_class_5_1,OT2,"adr_label_5_1,adr_label_6_1",5,uom.product_uom_kgm,SODIUM NITRITE,"adr_packing_instruction_P002,adr_packing_instruction_IBC08,adr_packing_instruction_R001",3,E,1500
adr_goods_1502,adr_class_5_1,O2,adr_label_5_1,1,uom.product_uom_kgm,SODIUM PERCHLORATE,"adr_packing_instruction_P002,adr_packing_instruction_IBC06",2,E,1502
adr_goods_1503,adr_class_5_1,O2,adr_label_5_1,1,uom.product_uom_kgm,SODIUM PERMANGANATE,"adr_packing_instruction_P002,adr_packing_instruction_IBC06",2,E,1503
adr_goods_1504,adr_class_5_1,O2,adr_label_5_1,,,SODIUM PEROXIDE,"adr_packing_instruction_P503,adr_packing_instruction_IBC05",1,E,1504
adr_goods_1505,adr_class_5_1,O2,adr_label_5_1,5,uom.product_uom_kgm,SODIUM PERSULPHATE,"adr_packing_instruction_P002,adr_packing_instruction_IBC08,adr_packing_instruction_LP02,adr_packing_instruction_R001",3,E,1505
adr_goods_1506,adr_class_5_1,O2,adr_label_5_1,1,uom.product_uom_kgm,STRONTIUM CHLORATE,"adr_packing_instruction_P002,adr_packing_instruction_IBC08",2,E,1506
adr_goods_1507,adr_class_5_1,O2,adr_label_5_1,5,uom.product_uom_kgm,STRONTIUM NITRATE,"adr_packing_instruction_P002,adr_packing_instruction_IBC08,adr_packing_instruction_LP02,adr_packing_instruction_R001",3,E,1507
adr_goods_1508,adr_class_5_1,O2,adr_label_5_1,1,uom.product_uom_kgm,STRONTIUM PERCHLORATE,"adr_packing_instruction_P002,adr_packing_instruction_IBC06",2,E,1508
adr_goods_1509,adr_class_5_1,O2,adr_label_5_1,1,uom.product_uom_kgm,STRONTIUM PEROXIDE,"adr_packing_instruction_P002,adr_packing_instruction_IBC06",2,E,1509
adr_goods_1510,adr_class_6_1,TO1,"adr_label_6_1,adr_label_5_1",,,TETRANITROMETHANE,adr_packing_instruction_P602,1,B/D,1510
adr_goods_1511,adr_class_5_1,OC2,"adr_label_5_1,adr_label_8",5,uom.product_uom_kgm,UREA HYDROGEN PEROXIDE,"adr_packing_instruction_P002,adr_packing_instruction_IBC08,adr_packing_instruction_R001",3,E,1511
adr_goods_1512,adr_class_5_1,O2,adr_label_5_1,1,uom.product_uom_kgm,ZINC AMMONIUM NITRITE,"adr_packing_instruction_P002,adr_packing_instruction_IBC08",2,E,1512
adr_goods_1513,adr_class_5_1,O2,adr_label_5_1,1,uom.product_uom_kgm,ZINC CHLORATE,"adr_packing_instruction_P002,adr_packing_instruction_IBC08",2,E,1513
adr_goods_1514,adr_class_5_1,O2,adr_label_5_1,1,uom.product_uom_kgm,ZINC NITRATE,"adr_packing_instruction_P002,adr_packing_instruction_IBC08",2,E,1514
adr_goods_1515,adr_class_5_1,O2,adr_label_5_1,1,uom.product_uom_kgm,ZINC PERMANGANATE,"adr_packing_instruction_P002,adr_packing_instruction_IBC06",2,E,1515
adr_goods_1516,adr_class_5_1,O2,adr_label_5_1,1,uom.product_uom_kgm,ZINC PEROXIDE,"adr_packing_instruction_P002,adr_packing_instruction_IBC06",2,E,1516
adr_goods_1517,adr_class_4_1,D,adr_label_4_1,,,"ZIRCONIUM PICRAMATE, WETTED with not less than 20% water, by mass",adr_packing_instruction_P406,1,B,1517
adr_goods_1541,adr_class_6_1,T1,adr_label_6_1,,,"ACETONE CYANOHYDRIN, STABILIZED",adr_packing_instruction_P602,1,C/D,1541
adr_goods_1544,adr_class_6_1,T2,adr_label_6_1,,,"ALKALOIDS, SOLID, N.O.S. or ALKALOID SALTS, SOLID, N.O.S.","adr_packing_instruction_P002,adr_packing_instruction_IBC07",1,C/E,1544
adr_goods_1544_500g,adr_class_6_1,T2,adr_label_6_1,500,uom.product_uom_gram,"ALKALOIDS, SOLID, N.O.S. or ALKALOID SALTS, SOLID, N.O.S.","adr_packing_instruction_P002,adr_packing_instruction_IBC08",2,D/E,1544
adr_goods_1544_5kg,adr_class_6_1,T2,adr_label_6_1,5,uom.product_uom_kgm,"ALKALOIDS, SOLID, N.O.S. or ALKALOID SALTS, SOLID, N.O.S.","adr_packing_instruction_P002,adr_packing_instruction_IBC08,adr_packing_instruction_LP02,adr_packing_instruction_R001",2,E,1544
adr_goods_1545,adr_class_6_1,TF1,"adr_label_6_1,adr_label_3",100,uom.product_uom_milliliter,"ALLYL ISOTHIOCYANATE, STABILIZED","adr_packing_instruction_P001,adr_packing_instruction_IBC02",2,D/E,1545
adr_goods_1546,adr_class_6_1,T5,adr_label_6_1,500,uom.product_uom_gram,AMMONIUM ARSENATE,"adr_packing_instruction_P002,adr_packing_instruction_IBC08",2,D/E,1546
adr_goods_1547,adr_class_6_1,T1,adr_label_6_1,100,uom.product_uom_milliliter,ANILINE,"adr_packing_instruction_P001,adr_packing_instruction_IBC02",2,D/E,1547
adr_goods_1548,adr_class_6_1,T2,adr_label_6_1,5,uom.product_uom_kgm,ANILINE HYDROCHLORIDE,"adr_packing_instruction_P002,adr_packing_instruction_IBC08,adr_packing_instruction_LP02,adr_packing_instruction_R001",2,E,1548
adr_goods_1549,adr_class_6_1,T5,adr_label_6_1,5,uom.product_uom_kgm,"ANTIMONY COMPOUND, INORGANIC, SOLID, N.O.S.","adr_packing_instruction_P002,adr_packing_instruction_IBC08,adr_packing_instruction_LP02,adr_packing_instruction_R001",2,E,1549
adr_goods_1550,adr_class_6_1,T5,adr_label_6_1,5,uom.product_uom_kgm,ANTIMONY LACTATE,"adr_packing_instruction_P002,adr_packing_instruction_IBC08,adr_packing_instruction_LP02,adr_packing_instruction_R001",2,E,1550
adr_goods_1551,adr_class_6_1,T5,adr_label_6_1,5,uom.product_uom_kgm,ANTIMONY POTASSIUM TARTRATE,"adr_packing_instruction_P002,adr_packing_instruction_IBC08,adr_packing_instruction_LP02,adr_packing_instruction_R001",2,E,1551
adr_goods_1553,adr_class_6_1,T4,adr_label_6_1,,,"ARSENIC ACID, LIQUID",adr_packing_instruction_P001,1,C/E,1553
adr_goods_1554,adr_class_6_1,T5,adr_label_6_1,500,uom.product_uom_gram,"ARSENIC ACID, SOLID","adr_packing_instruction_P002,adr_packing_instruction_IBC08",2,D/E,1554
adr_goods_1555,adr_class_6_1,T5,adr_label_6_1,500,uom.product_uom_gram,ARSENIC BROMIDE,"adr_packing_instruction_P002,adr_packing_instruction_IBC08",2,D/E,1555
adr_goods_1556,adr_class_6_1,T4,adr_label_6_1,,,"ARSENIC COMPOUND, LIQUID, N.O.S., inorganic, including: Arsenates, n.o.s., Arsenites, n.o.s.; and Arsenic sulphides, n.o.s.",adr_packing_instruction_P001,1,C/E,1556
adr_goods_1556_100ml,adr_class_6_1,T4,adr_label_6_1,100,uom.product_uom_milliliter,"ARSENIC COMPOUND, LIQUID, N.O.S., inorganic, including: Arsenates, n.o.s., Arsenites, n.o.s.; and Arsenic sulphides, n.o.s.","adr_packing_instruction_P001,adr_packing_instruction_IBC02",2,D/E,1556
adr_goods_1556_5L,adr_class_6_1,T4,adr_label_6_1,5,uom.product_uom_litre,"ARSENIC COMPOUND, LIQUID, N.O.S., inorganic, including: Arsenates, n.o.s., Arsenites, n.o.s.; and Arsenic sulphides, n.o.s.","adr_packing_instruction_P001,adr_packing_instruction_IBC03,adr_packing_instruction_LP01,adr_packing_instruction_R001",2,E,1556
adr_goods_1557,adr_class_6_1,T5,adr_label_6_1,,,"ARSENIC COMPOUND, SOLID, N.O.S., inorganic, including: Arsenates, n.o.s.; Arsenites, n.o.s.; and Arsenic sulphides, n.o.s.","adr_packing_instruction_P002,adr_packing_instruction_IBC07",1,C/E,1557
adr_goods_1557_500g,adr_class_6_1,T5,adr_label_6_1,500,uom.product_uom_gram,"ARSENIC COMPOUND, SOLID, N.O.S., inorganic, including: Arsenates, n.o.s.; Arsenites, n.o.s.; and Arsenic sulphides, n.o.s.","adr_packing_instruction_P002,adr_packing_instruction_IBC08",2,D/E,1557
adr_goods_1557_5kg,adr_class_6_1,T5,adr_label_6_1,5,uom.product_uom_kgm,"ARSENIC COMPOUND, SOLID, N.O.S., inorganic, including: Arsenates, n.o.s.; Arsenites, n.o.s.; and Arsenic sulphides, n.o.s.","adr_packing_instruction_P002,adr_packing_instruction_IBC08,adr_packing_instruction_LP02,adr_packing_instruction_R001",2,E,1557
adr_goods_1558,adr_class_6_1,T5,adr_label_6_1,500,uom.product_uom_gram,ARSENIC,"adr_packing_instruction_P002,adr_packing_instruction_IBC08",2,D/E,1558
adr_goods_1559,adr_class_6_1,T5,adr_label_6_1,500,uom.product_uom_gram,ARSENIC PENTOXIDE,"adr_packing_instruction_P002,adr_packing_instruction_IBC08",2,D/E,1559
adr_goods_1560,adr_class_6_1,T4,adr_label_6_1,,,ARSENIC TRICHLORIDE,adr_packing_instruction_P602,1,C/E,1560
adr_goods_1561,adr_class_6_1,T5,adr_label_6_1,500,uom.product_uom_gram,ARSENIC TRIOXIDE,"adr_packing_instruction_P002,adr_packing_instruction_IBC08",2,D/E,1561
adr_goods_1562,adr_class_6_1,T5,adr_label_6_1,500,uom.product_uom_gram,ARSENICAL DUST,"adr_packing_instruction_P002,adr_packing_instruction_IBC08",2,D/E,1562
adr_goods_1564_500g,adr_class_6_1,T5,adr_label_6_1,500,uom.product_uom_gram,"BARIUM COMPOUND, N.O.S.","adr_packing_instruction_P002,adr_packing_instruction_IBC08",2,D/E,1564
adr_goods_1564_5kg,adr_class_6_1,T5,adr_label_6_1,5,uom.product_uom_kgm,"BARIUM COMPOUND, N.O.S.","adr_packing_instruction_P002,adr_packing_instruction_IBC08,adr_packing_instruction_LP02,adr_packing_instruction_R001",2,E,1564
adr_goods_1565,adr_class_6_1,T5,adr_label_6_1,,,BARIUM CYANIDE,"adr_packing_instruction_P002,adr_packing_instruction_IBC07",1,C/E,1565
adr_goods_1566_500g,adr_class_6_1,T5,adr_label_6_1,500,uom.product_uom_gram,"BERYLLIUM COMPOUND, N.O.S.","adr_packing_instruction_P002,adr_packing_instruction_IBC08",2,D/E,1566
adr_goods_1566_5kg,adr_class_6_1,T5,adr_label_6_1,5,uom.product_uom_kgm,"BERYLLIUM COMPOUND, N.O.S.","adr_packing_instruction_P002,adr_packing_instruction_IBC08,adr_packing_instruction_LP02,adr_packing_instruction_R001",2,E,1566
adr_goods_1567,adr_class_6_1,TF3,"adr_label_6_1,adr_label_4_1",500,uom.product_uom_gram,BERYLLIUM POWDER,"adr_packing_instruction_P002,adr_packing_instruction_IBC08",2,D/E,1567
adr_goods_1569,adr_class_6_1,TF1,"adr_label_6_1,adr_label_3",,,BROMOACETONE,adr_packing_instruction_P602,2,D/E,1569
adr_goods_1570,adr_class_6_1,T2,adr_label_6_1,,,BRUCINE,"adr_packing_instruction_P002,adr_packing_instruction_IBC07",1,C/E,1570
adr_goods_1571,adr_class_4_1,DT,"adr_label_4_1,adr_label_6_1",,,"BARIUM AZIDE, WETTED with not less than 50% water, by mass",adr_packing_instruction_P406,1,B,1571
adr_goods_1572,adr_class_6_1,T5,adr_label_6_1,500,uom.product_uom_gram,CACODYLIC ACID,"adr_packing_instruction_P002,adr_packing_instruction_IBC08",2,D/E,1572
adr_goods_1573,adr_class_6_1,T5,adr_label_6_1,500,uom.product_uom_gram,CALCIUM ARSENATE,"adr_packing_instruction_P002,adr_packing_instruction_IBC08",2,D/E,1573
adr_goods_1574,adr_class_6_1,T5,adr_label_6_1,500,uom.product_uom_gram,"CALCIUM ARSENATE AND CALCIUM ARSENITE MIXTURE, SOLID","adr_packing_instruction_P002,adr_packing_instruction_IBC08",2,D/E,1574
adr_goods_1575,adr_class_6_1,T5,adr_label_6_1,,,CALCIUM CYANIDE,"adr_packing_instruction_P002,adr_packing_instruction_IBC07",1,C/E,1575
adr_goods_1577,adr_class_6_1,T1,adr_label_6_1,100,uom.product_uom_milliliter,"CHLORODINITRO-BENZENES, LIQUID","adr_packing_instruction_P001,adr_packing_instruction_IBC02",2,D/E,1577
adr_goods_1578,adr_class_6_1,T2,adr_label_6_1,500,uom.product_uom_gram,"CHLORONITROBENZENES, SOLID","adr_packing_instruction_P002,adr_packing_instruction_IBC08",2,D/E,1578
adr_goods_1579,adr_class_6_1,T2,adr_label_6_1,5,uom.product_uom_kgm,"4-CHLORO-o-TOLUIDINE HYDROCHLORIDE, SOLID","adr_packing_instruction_P002,adr_packing_instruction_IBC08,adr_packing_instruction_LP02,adr_packing_instruction_R001",2,E,1579
adr_goods_1580,adr_class_6_1,T1,adr_label_6_1,,,CHLOROPICRIN,adr_packing_instruction_P601,1,C/D,1580
adr_goods_1581,adr_class_2,2T,adr_label_2_3,,,CHLOROPICRIN AND METHYL BROMIDE MIXTURE with more than 2% chloropicrin,adr_packing_instruction_P200,1,C/D,1581
adr_goods_1582,adr_class_2,2T,adr_label_2_3,,,CHLOROPICRIN AND METHYL CHLORIDE MIXTURE,adr_packing_instruction_P200,1,C/D,1582
adr_goods_1583,adr_class_6_1,T1,adr_label_6_1,,,"CHLOROPICRIN MIXTURE, N.O.S.",adr_packing_instruction_P602,1,C/E,1583
adr_goods_1583_100ml,adr_class_6_1,T1,adr_label_6_1,100,uom.product_uom_milliliter,"CHLOROPICRIN MIXTURE, N.O.S.","adr_packing_instruction_P001,adr_packing_instruction_IBC02",2,D/E,1583
adr_goods_1583_5L,adr_class_6_1,T1,adr_label_6_1,5,uom.product_uom_litre,"CHLOROPICRIN MIXTURE, N.O.S.","adr_packing_instruction_P001,adr_packing_instruction_IBC03,adr_packing_instruction_LP01,adr_packing_instruction_R001",2,E,1583
adr_goods_1585,adr_class_6_1,T5,adr_label_6_1,500,uom.product_uom_gram,COPPER ACETOARSENITE,"adr_packing_instruction_P002,adr_packing_instruction_IBC08",2,D/E,1585
adr_goods_1586,adr_class_6_1,T5,adr_label_6_1,500,uom.product_uom_gram,COPPER ARSENITE,"adr_packing_instruction_P002,adr_packing_instruction_IBC08",2,D/E,1586
adr_goods_1587,adr_class_6_1,T5,adr_label_6_1,500,uom.product_uom_gram,COPPER CYANIDE,"adr_packing_instruction_P002,adr_packing_instruction_IBC08",2,D/E,1587
adr_goods_1588,adr_class_6_1,T5,adr_label_6_1,,,"CYANIDES, INORGANIC, SOLID, N.O.S.","adr_packing_instruction_P002,adr_packing_instruction_IBC07",1,C/E,1588
adr_goods_1588_500g,adr_class_6_1,T5,adr_label_6_1,500,uom.product_uom_gram,"CYANIDES, INORGANIC, SOLID, N.O.S.","adr_packing_instruction_P002,adr_packing_instruction_IBC08",2,D/E,1588
adr_goods_1588_5kg,adr_class_6_1,T5,adr_label_6_1,5,uom.product_uom_kgm,"CYANIDES, INORGANIC, SOLID, N.O.S.","adr_packing_instruction_P002,adr_packing_instruction_IBC08,adr_packing_instruction_LP02,adr_packing_instruction_R001",2,E,1588
adr_goods_1589,adr_class_2,2TC,"adr_label_2_3,adr_label_8",,,"CYANOGEN CHLORIDE, STABILIZED",adr_packing_instruction_P200,1,D,1589
adr_goods_1590,adr_class_6_1,T1,adr_label_6_1,100,uom.product_uom_milliliter,"DICHLOROANILINES, LIQUID","adr_packing_instruction_P001,adr_packing_instruction_IBC02",2,D/E,1590
adr_goods_1591,adr_class_6_1,T1,adr_label_6_1,5,uom.product_uom_litre,o-DICHLOROBENZENE,"adr_packing_instruction_P001,adr_packing_instruction_IBC03,adr_packing_instruction_LP01,adr_packing_instruction_R001",2,E,1591
adr_goods_1593,adr_class_6_1,T1,adr_label_6_1,5,uom.product_uom_litre,DICHLOROMETHANE,"adr_packing_instruction_P001,adr_packing_instruction_IBC03,adr_packing_instruction_LP01,adr_packing_instruction_R001",2,E,1593
adr_goods_1594,adr_class_6_1,T1,adr_label_6_1,100,uom.product_uom_milliliter,DIETHYL SULPHATE,"adr_packing_instruction_P001,adr_packing_instruction_IBC02",2,D/E,1594
adr_goods_1595,adr_class_6_1,TC1,"adr_label_6_1,adr_label_8",,,DIMETHYL SULPHATE,adr_packing_instruction_P602,1,C/D,1595
adr_goods_1596,adr_class_6_1,T2,adr_label_6_1,500,uom.product_uom_gram,DINITROANILINES,"adr_packing_instruction_P002,adr_packing_instruction_IBC08",2,D/E,1596
adr_goods_1597_100ml,adr_class_6_1,T1,adr_label_6_1,100,uom.product_uom_milliliter,"DINITROBENZENES, LIQUID","adr_packing_instruction_P001,adr_packing_instruction_IBC02",2,D/E,1597
adr_goods_1597_5L,adr_class_6_1,T1,adr_label_6_1,5,uom.product_uom_litre,"DINITROBENZENES, LIQUID","adr_packing_instruction_P001,adr_packing_instruction_IBC03,adr_packing_instruction_LP01,adr_packing_instruction_R001",2,E,1597
adr_goods_1598,adr_class_6_1,T2,adr_label_6_1,500,uom.product_uom_gram,DINITRO-o-CRESOL,"adr_packing_instruction_P002,adr_packing_instruction_IBC08",2,D/E,1598
adr_goods_1599_100ml,adr_class_6_1,T1,adr_label_6_1,100,uom.product_uom_milliliter,DINITROPHENOL SOLUTION,"adr_packing_instruction_P001,adr_packing_instruction_IBC02",2,D/E,1599
adr_goods_1599_5L,adr_class_6_1,T1,adr_label_6_1,5,uom.product_uom_litre,DINITROPHENOL SOLUTION,"adr_packing_instruction_P001,adr_packing_instruction_IBC03,adr_packing_instruction_LP01,adr_packing_instruction_R001",2,E,1599
adr_goods_1600,adr_class_6_1,T1,adr_label_6_1,,,"DINITROTOLUENES, MOLTEN",,0,D/E,1600
adr_goods_1601,adr_class_6_1,T2,adr_label_6_1,,,"DISINFECTANT, SOLID, TOXIC, N.O.S.","adr_packing_instruction_P002,adr_packing_instruction_IBC07",1,C/E,1601
adr_goods_1601_500g,adr_class_6_1,T2,adr_label_6_1,500,uom.product_uom_gram,"DISINFECTANT, SOLID, TOXIC, N.O.S.","adr_packing_instruction_P002,adr_packing_instruction_IBC08",2,D/E,1601
adr_goods_1601_5kg,adr_class_6_1,T2,adr_label_6_1,5,uom.product_uom_kgm,"DISINFECTANT, SOLID, TOXIC, N.O.S.","adr_packing_instruction_P002,adr_packing_instruction_IBC08,adr_packing_instruction_LP02,adr_packing_instruction_R001",2,E,1601
adr_goods_1602,adr_class_6_1,T1,adr_label_6_1,,,"DYE, LIQUID, TOXIC, N.O.S. or DYE INTERMEDIATE, LIQUID, TOXIC, N.O.S.",adr_packing_instruction_P001,1,C/E,1602
adr_goods_1602_100ml,adr_class_6_1,T1,adr_label_6_1,100,uom.product_uom_milliliter,"DYE, LIQUID, TOXIC, N.O.S. or DYE INTERMEDIATE, LIQUID, TOXIC, N.O.S.","adr_packing_instruction_P001,adr_packing_instruction_IBC02",2,D/E,1602
adr_goods_1602_5L,adr_class_6_1,T1,adr_label_6_1,5,uom.product_uom_litre,"DYE, LIQUID, TOXIC, N.O.S. or DYE INTERMEDIATE, LIQUID, TOXIC, N.O.S.","adr_packing_instruction_P001,adr_packing_instruction_IBC03,adr_packing_instruction_LP01,adr_packing_instruction_R001",2,E,1602
adr_goods_1603,adr_class_6_1,TF1,"adr_label_6_1,adr_label_3",100,uom.product_uom_milliliter,ETHYL BROMOACETATE,"adr_packing_instruction_P001,adr_packing_instruction_IBC02",2,D/E,1603
adr_goods_1604,adr_class_8,CF1,"adr_label_8,adr_label_3",1,uom.product_uom_litre,ETHYLENEDIAMINE,"adr_packing_instruction_P001,adr_packing_instruction_IBC02",2,D/E,1604
adr_goods_1605,adr_class_6_1,T1,adr_label_6_1,,,ETHYLENE DIBROMIDE,adr_packing_instruction_P602,1,C/D,1605
adr_goods_1606,adr_class_6_1,T5,adr_label_6_1,500,uom.product_uom_gram,FERRIC ARSENATE,"adr_packing_instruction_P002,adr_packing_instruction_IBC08",2,D/E,1606
adr_goods_1607,adr_class_6_1,T5,adr_label_6_1,500,uom.product_uom_gram,FERRIC ARSENITE,"adr_packing_instruction_P002,adr_packing_instruction_IBC08",2,D/E,1607
adr_goods_1608,adr_class_6_1,T5,adr_label_6_1,500,uom.product_uom_gram,FERROUS ARSENATE,"adr_packing_instruction_P002,adr_packing_instruction_IBC08",2,D/E,1608
adr_goods_1611,adr_class_6_1,T1,adr_label_6_1,100,uom.product_uom_milliliter,HEXAETHYL TETRAPHOSPHATE,"adr_packing_instruction_P001,adr_packing_instruction_IBC02",2,D/E,1611
adr_goods_1612,adr_class_2,1T,adr_label_2_3,,,HEXAETHYL TETRAPHOSPHATE AND COMPRESSED GAS MIXTURE,adr_packing_instruction_P200,1,C/D,1612
adr_goods_1613,adr_class_6_1,TF1,"adr_label_6_1,adr_label_3",,,"HYDROCYANIC ACID, AQUEOUS SOLUTION (HYDROGEN CYANIDE, AQUEOUS SOLUTION) with not more than 20% hydrogen cyanide",adr_packing_instruction_P601,0,C/D,1613
adr_goods_1614,adr_class_6_1,TF1,"adr_label_6_1,adr_label_3",,,"HYDROGEN CYANIDE, STABILIZED, containing less than 3% water and absorbed in a porous inert material","adr_packing_instruction_P099,adr_packing_instruction_P601",0,D,1614
adr_goods_1616,adr_class_6_1,T5,adr_label_6_1,5,uom.product_uom_kgm,LEAD ACETATE,"adr_packing_instruction_P002,adr_packing_instruction_IBC08,adr_packing_instruction_LP02,adr_packing_instruction_R001",2,E,1616
adr_goods_1617,adr_class_6_1,T5,adr_label_6_1,500,uom.product_uom_gram,LEAD ARSENATES,"adr_packing_instruction_P002,adr_packing_instruction_IBC08",2,D/E,1617
adr_goods_1618,adr_class_6_1,T5,adr_label_6_1,500,uom.product_uom_gram,LEAD ARSENITES,"adr_packing_instruction_P002,adr_packing_instruction_IBC08",2,D/E,1618
adr_goods_1620,adr_class_6_1,T5,adr_label_6_1,500,uom.product_uom_gram,LEAD CYANIDE,"adr_packing_instruction_P002,adr_packing_instruction_IBC08",2,D/E,1620
adr_goods_1621,adr_class_6_1,T5,adr_label_6_1,500,uom.product_uom_gram,LONDON PURPLE,"adr_packing_instruction_P002,adr_packing_instruction_IBC08",2,D/E,1621
adr_goods_1622,adr_class_6_1,T5,adr_label_6_1,500,uom.product_uom_gram,MAGNESIUM ARSENATE,"adr_packing_instruction_P002,adr_packing_instruction_IBC08",2,D/E,1622
adr_goods_1623,adr_class_6_1,T5,adr_label_6_1,500,uom.product_uom_gram,MERCURIC ARSENATE,"adr_packing_instruction_P002,adr_packing_instruction_IBC08",2,D/E,1623
adr_goods_1624,adr_class_6_1,T5,adr_label_6_1,500,uom.product_uom_gram,MERCURIC CHLORIDE,"adr_packing_instruction_P002,adr_packing_instruction_IBC08",2,D/E,1624
adr_goods_1625,adr_class_6_1,T5,adr_label_6_1,500,uom.product_uom_gram,MERCURIC NITRATE,"adr_packing_instruction_P002,adr_packing_instruction_IBC08",2,D/E,1625
adr_goods_1626,adr_class_6_1,T5,adr_label_6_1,,,MERCURIC POTASSIUM CYANIDE,"adr_packing_instruction_P002,adr_packing_instruction_IBC07",1,C/E,1626
adr_goods_1627,adr_class_6_1,T5,adr_label_6_1,500,uom.product_uom_gram,MERCUROUS NITRATE,"adr_packing_instruction_P002,adr_packing_instruction_IBC08",2,D/E,1627
adr_goods_1629,adr_class_6_1,T5,adr_label_6_1,500,uom.product_uom_gram,MERCURY ACETATE,"adr_packing_instruction_P002,adr_packing_instruction_IBC08",2,D/E,1629
adr_goods_1630,adr_class_6_1,T5,adr_label_6_1,500,uom.product_uom_gram,MERCURY AMMONIUM CHLORIDE,"adr_packing_instruction_P002,adr_packing_instruction_IBC08",2,D/E,1630
adr_goods_1631,adr_class_6_1,T5,adr_label_6_1,500,uom.product_uom_gram,MERCURY BENZOATE,"adr_packing_instruction_P002,adr_packing_instruction_IBC08",2,D/E,1631
adr_goods_1634,adr_class_6_1,T5,adr_label_6_1,500,uom.product_uom_gram,MERCURY BROMIDES,"adr_packing_instruction_P002,adr_packing_instruction_IBC08",2,D/E,1634
adr_goods_1636,adr_class_6_1,T5,adr_label_6_1,500,uom.product_uom_gram,MERCURY CYANIDE,"adr_packing_instruction_P002,adr_packing_instruction_IBC08",2,D/E,1636
adr_goods_1637,adr_class_6_1,T5,adr_label_6_1,500,uom.product_uom_gram,MERCURY GLUCONATE,"adr_packing_instruction_P002,adr_packing_instruction_IBC08",2,D/E,1637
adr_goods_1638,adr_class_6_1,T5,adr_label_6_1,500,uom.product_uom_gram,MERCURY IODIDE,"adr_packing_instruction_P002,adr_packing_instruction_IBC08",2,D/E,1638
adr_goods_1639,adr_class_6_1,T5,adr_label_6_1,500,uom.product_uom_gram,MERCURY NUCLEATE,"adr_packing_instruction_P002,adr_packing_instruction_IBC08",2,D/E,1639
adr_goods_1640,adr_class_6_1,T5,adr_label_6_1,500,uom.product_uom_gram,MERCURY OLEATE,"adr_packing_instruction_P002,adr_packing_instruction_IBC08",2,D/E,1640
adr_goods_1641,adr_class_6_1,T5,adr_label_6_1,500,uom.product_uom_gram,MERCURY OXIDE,"adr_packing_instruction_P002,adr_packing_instruction_IBC08",2,D/E,1641
adr_goods_1642,adr_class_6_1,T5,adr_label_6_1,500,uom.product_uom_gram,"MERCURY OXYCYANIDE, DESENSITIZED","adr_packing_instruction_P002,adr_packing_instruction_IBC08",2,D/E,1642
adr_goods_1643,adr_class_6_1,T5,adr_label_6_1,500,uom.product_uom_gram,MERCURY POTASSIUM IODIDE,"adr_packing_instruction_P002,adr_packing_instruction_IBC08",2,D/E,1643
adr_goods_1644,adr_class_6_1,T5,adr_label_6_1,500,uom.product_uom_gram,MERCURY SALICYLATE,"adr_packing_instruction_P002,adr_packing_instruction_IBC08",2,D/E,1644
adr_goods_1645,adr_class_6_1,T5,adr_label_6_1,500,uom.product_uom_gram,MERCURY SULPHATE,"adr_packing_instruction_P002,adr_packing_instruction_IBC08",2,D/E,1645
adr_goods_1646,adr_class_6_1,T5,adr_label_6_1,500,uom.product_uom_gram,MERCURY THIOCYANATE,"adr_packing_instruction_P002,adr_packing_instruction_IBC08",2,D/E,1646
adr_goods_1647,adr_class_6_1,T1,adr_label_6_1,,,"METHYL BROMIDE AND ETHYLENE DIBROMIDE MIXTURE, LIQUID",adr_packing_instruction_P602,1,C/D,1647
adr_goods_1648,adr_class_3,F1,adr_label_3,1,uom.product_uom_litre,ACETONITRILE,"adr_packing_instruction_P001,adr_packing_instruction_IBC02,adr_packing_instruction_R001",2,D/E,1648
adr_goods_1649,adr_class_6_1,T3,adr_label_6_1,,,MOTOR FUEL ANTI-KNOCK MIXTURE,adr_packing_instruction_P602,1,C/E,1649
adr_goods_1650,adr_class_6_1,T2,adr_label_6_1,500,uom.product_uom_gram,"beta-NAPHTHYLAMINE, SOLID","adr_packing_instruction_P002,adr_packing_instruction_IBC08",2,D/E,1650
adr_goods_1651,adr_class_6_1,T2,adr_label_6_1,500,uom.product_uom_gram,NAPHTHYLTHIOUREA,"adr_packing_instruction_P002,adr_packing_instruction_IBC08",2,D/E,1651
adr_goods_1652,adr_class_6_1,T2,adr_label_6_1,500,uom.product_uom_gram,NAPHTHYLUREA,"adr_packing_instruction_P002,adr_packing_instruction_IBC08",2,D/E,1652
adr_goods_1653,adr_class_6_1,T5,adr_label_6_1,500,uom.product_uom_gram,NICKEL CYANIDE,"adr_packing_instruction_P002,adr_packing_instruction_IBC08",2,D/E,1653
adr_goods_1654,adr_class_6_1,T1,adr_label_6_1,100,uom.product_uom_milliliter,NICOTINE,"adr_packing_instruction_P001,adr_packing_instruction_IBC02",2,D/E,1654
adr_goods_1655,adr_class_6_1,T2,adr_label_6_1,,,"NICOTINE COMPOUND, SOLID, N.O.S. or NICOTINE PREPARATION, SOLID, N.O.S.","adr_packing_instruction_P002,adr_packing_instruction_IBC07",1,C/E,1655
adr_goods_1655_500g,adr_class_6_1,T2,adr_label_6_1,500,uom.product_uom_gram,"NICOTINE COMPOUND, SOLID, N.O.S. or NICOTINE PREPARATION, SOLID, N.O.S.","adr_packing_instruction_P002,adr_packing_instruction_IBC08",2,D/E,1655
adr_goods_1655_5kg,adr_class_6_1,T2,adr_label_6_1,5,uom.product_uom_kgm,"NICOTINE COMPOUND, SOLID, N.O.S. or NICOTINE PREPARATION, SOLID, N.O.S.","adr_packing_instruction_P002,adr_packing_instruction_IBC08,adr_packing_instruction_LP02,adr_packing_instruction_R001",2,E,1655
adr_goods_1656_100ml,adr_class_6_1,T1,adr_label_6_1,100,uom.product_uom_milliliter,"NICOTINE HYDROCHLORIDE, LIQUID or SOLUTION","adr_packing_instruction_P001,adr_packing_instruction_IBC02",2,D/E,1656
adr_goods_1656_5L,adr_class_6_1,T1,adr_label_6_1,5,uom.product_uom_litre,"NICOTINE HYDROCHLORIDE, LIQUID or SOLUTION","adr_packing_instruction_P001,adr_packing_instruction_IBC03,adr_packing_instruction_LP01,adr_packing_instruction_R001",2,E,1656
adr_goods_1657,adr_class_6_1,T2,adr_label_6_1,500,uom.product_uom_gram,NICOTINE SALICYLATE,"adr_packing_instruction_P002,adr_packing_instruction_IBC08",2,D/E,1657
adr_goods_1658_100ml,adr_class_6_1,T1,adr_label_6_1,100,uom.product_uom_milliliter,"NICOTINE SULPHATE, SOLUTION","adr_packing_instruction_P001,adr_packing_instruction_IBC02",2,D/E,1658
adr_goods_1658_5L,adr_class_6_1,T1,adr_label_6_1,5,uom.product_uom_litre,"NICOTINE SULPHATE, SOLUTION","adr_packing_instruction_P001,adr_packing_instruction_IBC03,adr_packing_instruction_LP01,adr_packing_instruction_R001",2,E,1658
adr_goods_1659,adr_class_6_1,T2,adr_label_6_1,500,uom.product_uom_gram,NICOTINE TARTRATE,"adr_packing_instruction_P002,adr_packing_instruction_IBC08",2,D/E,1659
adr_goods_1660,adr_class_2,1TOC,"adr_label_2_3,adr_label_5_1,adr_label_8",,,"NITRIC OXIDE, COMPRESSED",adr_packing_instruction_P200,1,D,1660
adr_goods_1661,adr_class_6_1,T2,adr_label_6_1,500,uom.product_uom_gram,"NITROANILINES (o-, m-, p-)","adr_packing_instruction_P002,adr_packing_instruction_IBC08",2,D/E,1661
adr_goods_1662,adr_class_6_1,T1,adr_label_6_1,100,uom.product_uom_milliliter,NITROBENZENE,"adr_packing_instruction_P001,adr_packing_instruction_IBC02",2,D/E,1662
adr_goods_1663,adr_class_6_1,T2,adr_label_6_1,5,uom.product_uom_kgm,"NITROPHENOLS (o-, m-, p-)","adr_packing_instruction_P002,adr_packing_instruction_IBC08,adr_packing_instruction_LP02,adr_packing_instruction_R001",2,E,1663
adr_goods_1664,adr_class_6_1,T1,adr_label_6_1,100,uom.product_uom_milliliter,"NITROTOLUENES, LIQUID","adr_packing_instruction_P001,adr_packing_instruction_IBC02",2,D/E,1664
adr_goods_1665,adr_class_6_1,T1,adr_label_6_1,100,uom.product_uom_milliliter,"NITROXYLENES, LIQUID","adr_packing_instruction_P001,adr_packing_instruction_IBC02",2,D/E,1665
adr_goods_1669,adr_class_6_1,T1,adr_label_6_1,100,uom.product_uom_milliliter,PENTACHLOROETHANE,"adr_packing_instruction_P001,adr_packing_instruction_IBC02",2,D/E,1669
adr_goods_1670,adr_class_6_1,T1,adr_label_6_1,,,PERCHLOROMETHYL MERCAPTAN,adr_packing_instruction_P602,1,C/D,1670
adr_goods_1671,adr_class_6_1,T2,adr_label_6_1,500,uom.product_uom_gram,"PHENOL, SOLID","adr_packing_instruction_P002,adr_packing_instruction_IBC08",2,D/E,1671
adr_goods_1672,adr_class_6_1,T1,adr_label_6_1,,,PHENYLCARBYLAMINE CHLORIDE,adr_packing_instruction_P602,1,C/E,1672
adr_goods_1673,adr_class_6_1,T2,adr_label_6_1,5,uom.product_uom_kgm,"PHENYLENEDIAMINES (o-, m-, p-)","adr_packing_instruction_P002,adr_packing_instruction_IBC08,adr_packing_instruction_LP02,adr_packing_instruction_R001",2,E,1673
adr_goods_1674,adr_class_6_1,T3,adr_label_6_1,500,uom.product_uom_gram,PHENYLMERCURIC ACETATE,"adr_packing_instruction_P002,adr_packing_instruction_IBC08",2,D/E,1674
adr_goods_1677,adr_class_6_1,T5,adr_label_6_1,500,uom.product_uom_gram,POTASSIUM ARSENATE,"adr_packing_instruction_P002,adr_packing_instruction_IBC08",2,D/E,1677
adr_goods_1678,adr_class_6_1,T5,adr_label_6_1,500,uom.product_uom_gram,POTASSIUM ARSENITE,"adr_packing_instruction_P002,adr_packing_instruction_IBC08",2,D/E,1678
adr_goods_1679,adr_class_6_1,T5,adr_label_6_1,500,uom.product_uom_gram,POTASSIUM CUPROCYANIDE,"adr_packing_instruction_P002,adr_packing_instruction_IBC08",2,D/E,1679
adr_goods_1680,adr_class_6_1,T5,adr_label_6_1,,,"POTASSIUM CYANIDE, SOLID","adr_packing_instruction_P002,adr_packing_instruction_IBC07",1,C/E,1680
adr_goods_1683,adr_class_6_1,T5,adr_label_6_1,500,uom.product_uom_gram,SILVER ARSENITE,"adr_packing_instruction_P002,adr_packing_instruction_IBC08",2,D/E,1683
adr_goods_1684,adr_class_6_1,T5,adr_label_6_1,500,uom.product_uom_gram,SILVER CYANIDE,"adr_packing_instruction_P002,adr_packing_instruction_IBC08",2,D/E,1684
adr_goods_1685,adr_class_6_1,T5,adr_label_6_1,500,uom.product_uom_gram,SODIUM ARSENATE,"adr_packing_instruction_P002,adr_packing_instruction_IBC08",2,D/E,1685
adr_goods_1686_100ml,adr_class_6_1,T4,adr_label_6_1,100,uom.product_uom_milliliter,"SODIUM ARSENITE, AQUEOUS SOLUTION","adr_packing_instruction_P001,adr_packing_instruction_IBC02",2,D/E,1686
adr_goods_1686_5L,adr_class_6_1,T4,adr_label_6_1,5,uom.product_uom_litre,"SODIUM ARSENITE, AQUEOUS SOLUTION","adr_packing_instruction_P001,adr_packing_instruction_IBC03,adr_packing_instruction_LP01,adr_packing_instruction_R001",2,E,1686
adr_goods_1687,adr_class_6_1,T5,adr_label_6_1,500,uom.product_uom_gram,SODIUM AZIDE,"adr_packing_instruction_P002,adr_packing_instruction_IBC08",2,E,1687
adr_goods_1688,adr_class_6_1,T5,adr_label_6_1,500,uom.product_uom_gram,SODIUM CACODYLATE,"adr_packing_instruction_P002,adr_packing_instruction_IBC08",2,D/E,1688
adr_goods_1689,adr_class_6_1,T5,adr_label_6_1,,,"SODIUM CYANIDE, SOLID","adr_packing_instruction_P002,adr_packing_instruction_IBC07",1,C/E,1689
adr_goods_1690,adr_class_6_1,T5,adr_label_6_1,5,uom.product_uom_kgm,"SODIUM FLUORIDE, SOLID","adr_packing_instruction_P002,adr_packing_instruction_IBC08,adr_packing_instruction_LP02,adr_packing_instruction_R001",2,E,1690
adr_goods_1691,adr_class_6_1,T5,adr_label_6_1,500,uom.product_uom_gram,STRONTIUM ARSENITE,"adr_packing_instruction_P002,adr_packing_instruction_IBC08",2,D/E,1691
adr_goods_1692,adr_class_6_1,T2,adr_label_6_1,,,STRYCHNINE or STRYCHNINE SALTS,"adr_packing_instruction_P002,adr_packing_instruction_IBC07",1,C/E,1692
adr_goods_1693_T1_6dot1_274_P001_1,adr_class_6_1,T1,adr_label_6_1,,,"TEAR GAS SUBSTANCE, LIQUID, N.O.S.",adr_packing_instruction_P001,1,C/E,1693
adr_goods_1693_T1_6dot1_274_P001/IBC02_2,adr_class_6_1,T1,adr_label_6_1,,,"TEAR GAS SUBSTANCE, LIQUID, N.O.S.","adr_packing_instruction_P001,adr_packing_instruction_IBC02",2,D/E,1693
adr_goods_1694,adr_class_6_1,T1,adr_label_6_1,,,"BROMOBENZYL CYANIDES, LIQUID",adr_packing_instruction_P001,1,C/E,1694
adr_goods_1695,adr_class_6_1,TFC,"adr_label_6_1,adr_label_3,adr_label_8",,,"CHLOROACETONE, STABILIZED",adr_packing_instruction_P602,1,C/D,1695
adr_goods_1697,adr_class_6_1,T2,adr_label_6_1,,,"CHLOROACETOPHENONE, SOLID","adr_packing_instruction_P002,adr_packing_instruction_IBC08",2,D/E,1697
adr_goods_1698,adr_class_6_1,T3,adr_label_6_1,,,DIPHENYLAMINE CHLOROARSINE,adr_packing_instruction_P002,1,C/E,1698
adr_goods_1699,adr_class_6_1,T3,adr_label_6_1,,,"DIPHENYLCHLORO-ARSINE, LIQUID",adr_packing_instruction_P001,1,C/E,1699
adr_goods_1700,adr_class_6_1,TF3,"adr_label_6_1,adr_label_4_1",,,TEAR GAS CANDLES,adr_packing_instruction_P600,2,E,1700
adr_goods_1701,adr_class_6_1,T1,adr_label_6_1,,,"XYLYL BROMIDE, LIQUID","adr_packing_instruction_P001,adr_packing_instruction_IBC02",2,D/E,1701
adr_goods_1702,adr_class_6_1,T1,adr_label_6_1,100,uom.product_uom_milliliter,"1,1,2,2-TETRACHLOROETHANE","adr_packing_instruction_P001,adr_packing_instruction_IBC02",2,D/E,1702
adr_goods_1704,adr_class_6_1,T1,adr_label_6_1,100,uom.product_uom_milliliter,TETRAETHYL DITHIOPYROPHOSPHATE,"adr_packing_instruction_P001,adr_packing_instruction_IBC02",2,D/E,1704
adr_goods_1707,adr_class_6_1,T5,adr_label_6_1,500,uom.product_uom_gram,"THALLIUM COMPOUND, N.O.S.","adr_packing_instruction_P002,adr_packing_instruction_IBC08",2,D/E,1707
adr_goods_1708,adr_class_6_1,T1,adr_label_6_1,100,uom.product_uom_milliliter,"TOLUIDINES, LIQUID","adr_packing_instruction_P001,adr_packing_instruction_IBC02",2,D/E,1708
adr_goods_1709,adr_class_6_1,T2,adr_label_6_1,5,uom.product_uom_kgm,"2,4-TOLUYLENEDIAMINE, SOLID","adr_packing_instruction_P002,adr_packing_instruction_IBC08,adr_packing_instruction_LP02,adr_packing_instruction_R001",2,E,1709
adr_goods_1710,adr_class_6_1,T1,adr_label_6_1,5,uom.product_uom_litre,TRICHLOROETHYLENE,"adr_packing_instruction_P001,adr_packing_instruction_IBC03,adr_packing_instruction_LP01,adr_packing_instruction_R001",2,E,1710
adr_goods_1711,adr_class_6_1,T1,adr_label_6_1,100,uom.product_uom_milliliter,"XYLIDINES, LIQUID","adr_packing_instruction_P001,adr_packing_instruction_IBC02",2,D/E,1711
adr_goods_1712,adr_class_6_1,T5,adr_label_6_1,500,uom.product_uom_gram,"ZINC ARSENATE, ZINC ARSENITE or ZINC ARSENATE AND ZINC ARSENITE MIXTURE","adr_packing_instruction_P002,adr_packing_instruction_IBC08",2,D/E,1712
adr_goods_1713,adr_class_6_1,T5,adr_label_6_1,,,ZINC CYANIDE,"adr_packing_instruction_P002,adr_packing_instruction_IBC07",1,C/E,1713
adr_goods_1714,adr_class_4_3,WT2,"adr_label_4_3,adr_label_6_1",,,ZINC PHOSPHIDE,adr_packing_instruction_P403,1,E,1714
adr_goods_1715,adr_class_8,CF1,"adr_label_8,adr_label_3",1,uom.product_uom_litre,ACETIC ANHYDRIDE,"adr_packing_instruction_P001,adr_packing_instruction_IBC02",2,D/E,1715
adr_goods_1716,adr_class_8,C3,adr_label_8,1,uom.product_uom_litre,ACETYL BROMIDE,"adr_packing_instruction_P001,adr_packing_instruction_IBC02",2,E,1716
adr_goods_1717,adr_class_3,FC,"adr_label_3,adr_label_8",1,uom.product_uom_litre,ACETYL CHLORIDE,"adr_packing_instruction_P001,adr_packing_instruction_IBC02",2,D/E,1717
adr_goods_1718,adr_class_8,C3,adr_label_8,5,uom.product_uom_litre,BUTYL ACID PHOSPHATE,"adr_packing_instruction_P001,adr_packing_instruction_IBC03,adr_packing_instruction_LP01,adr_packing_instruction_R001",3,E,1718
adr_goods_1719_1L,adr_class_8,C5,adr_label_8,1,uom.product_uom_litre,"CAUSTIC ALKALI LIQUID, N.O.S.","adr_packing_instruction_P001,adr_packing_instruction_IBC02",2,E,1719
adr_goods_1719_5L,adr_class_8,C5,adr_label_8,5,uom.product_uom_litre,"CAUSTIC ALKALI LIQUID, N.O.S.","adr_packing_instruction_P001,adr_packing_instruction_IBC03,adr_packing_instruction_R001",3,E,1719
adr_goods_1722,adr_class_6_1,TFC,"adr_label_6_1,adr_label_3,adr_label_8",,,ALLYL CHLOROFORMATE,adr_packing_instruction_P001,1,C/D,1722
adr_goods_1723,adr_class_3,FC,"adr_label_3,adr_label_8",1,uom.product_uom_litre,ALLYL IODIDE,"adr_packing_instruction_P001,adr_packing_instruction_IBC02",2,D/E,1723
adr_goods_1724,adr_class_8,CF1,"adr_label_8,adr_label_3",,,"ALLYLTRICHLOROSILANE, STABILIZED",adr_packing_instruction_P010,2,D/E,1724
adr_goods_1725,adr_class_8,C2,adr_label_8,1,uom.product_uom_kgm,"ALUMINIUM BROMIDE, ANHYDROUS","adr_packing_instruction_P002,adr_packing_instruction_IBC08",2,E,1725
adr_goods_1726,adr_class_8,C2,adr_label_8,1,uom.product_uom_kgm,"ALUMINIUM CHLORIDE, ANHYDROUS","adr_packing_instruction_P002,adr_packing_instruction_IBC08",2,E,1726
adr_goods_1727,adr_class_8,C2,adr_label_8,1,uom.product_uom_kgm,"AMMONIUM HYDROGENDIFLUORIDE, SOLID","adr_packing_instruction_P002,adr_packing_instruction_IBC08",2,E,1727
adr_goods_1728,adr_class_8,C3,adr_label_8,,,AMYLTRICHLOROSILANE,adr_packing_instruction_P010,2,E,1728
adr_goods_1729,adr_class_8,C4,adr_label_8,1,uom.product_uom_kgm,ANISOYL CHLORIDE,"adr_packing_instruction_P002,adr_packing_instruction_IBC08",2,E,1729
adr_goods_1730,adr_class_8,C1,adr_label_8,1,uom.product_uom_litre,"ANTIMONY PENTACHLORIDE, LIQUID","adr_packing_instruction_P001,adr_packing_instruction_IBC02",2,E,1730
adr_goods_1731_1L,adr_class_8,C1,adr_label_8,1,uom.product_uom_litre,ANTIMONY PENTACHLORIDE SOLUTION,"adr_packing_instruction_P001,adr_packing_instruction_IBC02",2,E,1731
adr_goods_1731_5L,adr_class_8,C1,adr_label_8,5,uom.product_uom_litre,ANTIMONY PENTACHLORIDE SOLUTION,"adr_packing_instruction_P001,adr_packing_instruction_IBC03,adr_packing_instruction_LP01,adr_packing_instruction_R001",3,E,1731
adr_goods_1732,adr_class_8,CT1,"adr_label_8,adr_label_6_1",1,uom.product_uom_litre,ANTIMONY PENTAFLUORIDE,"adr_packing_instruction_P001,adr_packing_instruction_IBC02",2,E,1732
adr_goods_1733,adr_class_8,C2,adr_label_8,1,uom.product_uom_kgm,ANTIMONY TRICHLORIDE,"adr_packing_instruction_P002,adr_packing_instruction_IBC08",2,E,1733
adr_goods_1736,adr_class_8,C3,adr_label_8,1,uom.product_uom_litre,BENZOYL CHLORIDE,"adr_packing_instruction_P001,adr_packing_instruction_IBC02",2,E,1736
adr_goods_1737,adr_class_6_1,TC1,"adr_label_6_1,adr_label_8",,,BENZYL BROMIDE,"adr_packing_instruction_P001,adr_packing_instruction_IBC02",2,D/E,1737
adr_goods_1738,adr_class_6_1,TC1,"adr_label_6_1,adr_label_8",,,BENZYL CHLORIDE,"adr_packing_instruction_P001,adr_packing_instruction_IBC02",2,D/E,1738
adr_goods_1739,adr_class_8,C9,adr_label_8,,,BENZYL CHLOROFORMATE,adr_packing_instruction_P001,1,E,1739
adr_goods_1740_1kg,adr_class_8,C2,adr_label_8,1,uom.product_uom_kgm,"HYDROGENDIFLUORIDES, SOLID, N.O.S.","adr_packing_instruction_P002,adr_packing_instruction_IBC08",2,E,1740
adr_goods_1740_5kg,adr_class_8,C2,adr_label_8,5,uom.product_uom_kgm,"HYDROGENDIFLUORIDES, SOLID, N.O.S.","adr_packing_instruction_P002,adr_packing_instruction_IBC08,adr_packing_instruction_LP02,adr_packing_instruction_R001",3,E,1740
adr_goods_1741,adr_class_2,2TC,"adr_label_2_3,adr_label_8",,,BORON TRICHLORIDE,adr_packing_instruction_P200,1,C/D,1741
adr_goods_1742,adr_class_8,C3,adr_label_8,1,uom.product_uom_litre,"BORON TRIFLUORIDE ACETIC ACID COMPLEX, LIQUID","adr_packing_instruction_P001,adr_packing_instruction_IBC02",2,E,1742
adr_goods_1743,adr_class_8,C3,adr_label_8,1,uom.product_uom_litre,"BORON TRIFLUORIDE PROPIONIC ACID COMPLEX, LIQUID","adr_packing_instruction_P001,adr_packing_instruction_IBC02",2,E,1743
adr_goods_1744,adr_class_8,CT1,"adr_label_8,adr_label_6_1",,,BROMINE or BROMINE SOLUTION,adr_packing_instruction_P804,1,C/D,1744
adr_goods_1745,adr_class_5_1,OTC,"adr_label_5_1,adr_label_6_1,adr_label_8",,,BROMINE PENTAFLUORIDE,adr_packing_instruction_P200,1,B/E,1745
adr_goods_1746,adr_class_5_1,OTC,"adr_label_5_1,adr_label_6_1,adr_label_8",,,BROMINE TRIFLUORIDE,adr_packing_instruction_P200,1,B/E,1746
adr_goods_1747,adr_class_8,CF1,"adr_label_8,adr_label_3",,,BUTYLTRICHLOROSILANE,adr_packing_instruction_P010,2,D/E,1747
adr_goods_1748_1kg,adr_class_5_1,O2,adr_label_5_1,1,uom.product_uom_kgm,"CALCIUM HYPOCHLORITE, DRY or CALCIUM HYPOCHLORITE MIXTURE, DRY with more than 39% available chlorine (8.8% available oxygen)","adr_packing_instruction_P002,adr_packing_instruction_IBC08",2,E,1748
adr_goods_1748_5kg,adr_class_5_1,O2,adr_label_5_1,5,uom.product_uom_kgm,"CALCIUM HYPOCHLORITE, DRY or CALCIUM HYPOCHLORITE MIXTURE, DRY with more than 39% available chlorine (8.8% available oxygen)","adr_packing_instruction_P002,adr_packing_instruction_IBC08,adr_packing_instruction_R001",3,E,1748
adr_goods_1749,adr_class_2,2TOC,"adr_label_2_3,adr_label_5_1,adr_label_8",,,CHLORINE TRIFLUORIDE,adr_packing_instruction_P200,1,C/D,1749
adr_goods_1750,adr_class_6_1,TC1,"adr_label_6_1,adr_label_8",100,uom.product_uom_milliliter,CHLOROACETIC ACID SOLUTION,"adr_packing_instruction_P001,adr_packing_instruction_IBC02",2,D/E,1750
adr_goods_1751,adr_class_6_1,TC2,"adr_label_6_1,adr_label_8",500,uom.product_uom_gram,"CHLOROACETIC ACID, SOLID","adr_packing_instruction_P002,adr_packing_instruction_IBC08",2,D/E,1751
adr_goods_1752,adr_class_6_1,TC1,"adr_label_6_1,adr_label_8",,,CHLOROACETYL CHLORIDE,adr_packing_instruction_P602,1,C/D,1752
adr_goods_1753,adr_class_8,C3,adr_label_8,,,CHLOROPHENYL-TRICHLOROSILANE,adr_packing_instruction_P010,2,E,1753
adr_goods_1754,adr_class_8,C1,adr_label_8,,,CHLOROSULPHONIC ACID (with or without sulphur trioxide),adr_packing_instruction_P001,1,E,1754
adr_goods_1755_1L,adr_class_8,C1,adr_label_8,1,uom.product_uom_litre,CHROMIC ACID SOLUTION,"adr_packing_instruction_P001,adr_packing_instruction_IBC02",2,E,1755
adr_goods_1755_5L,adr_class_8,C1,adr_label_8,5,uom.product_uom_litre,CHROMIC ACID SOLUTION,"adr_packing_instruction_P001,adr_packing_instruction_IBC02,adr_packing_instruction_LP01,adr_packing_instruction_R001",3,E,1755
adr_goods_1756,adr_class_8,C2,adr_label_8,1,uom.product_uom_kgm,"CHROMIC FLUORIDE, SOLID","adr_packing_instruction_P002,adr_packing_instruction_IBC08",2,E,1756
adr_goods_1757_1L,adr_class_8,C1,adr_label_8,1,uom.product_uom_litre,CHROMIC FLUORIDE SOLUTION,"adr_packing_instruction_P001,adr_packing_instruction_IBC02",2,E,1757
adr_goods_1757_5L,adr_class_8,C1,adr_label_8,5,uom.product_uom_litre,CHROMIC FLUORIDE SOLUTION,"adr_packing_instruction_P001,adr_packing_instruction_IBC03,adr_packing_instruction_LP01,adr_packing_instruction_R001",3,E,1757
adr_goods_1758,adr_class_8,C1,adr_label_8,,,CHROMIUM OXYCHLORIDE,adr_packing_instruction_P001,1,E,1758
adr_goods_1759,adr_class_8,C10,adr_label_8,,,"CORROSIVE SOLID, N.O.S.","adr_packing_instruction_P002,adr_packing_instruction_IBC07",1,E,1759
adr_goods_1759_1kg,adr_class_8,C10,adr_label_8,1,uom.product_uom_kgm,"CORROSIVE SOLID, N.O.S.","adr_packing_instruction_P002,adr_packing_instruction_IBC08",2,E,1759
adr_goods_1759_5kg,adr_class_8,C10,adr_label_8,5,uom.product_uom_kgm,"CORROSIVE SOLID, N.O.S.","adr_packing_instruction_P002,adr_packing_instruction_IBC08,adr_packing_instruction_LP02,adr_packing_instruction_R001",3,E,1759
adr_goods_1760,adr_class_8,C9,adr_label_8,,,"CORROSIVE LIQUID, N.O.S.",adr_packing_instruction_P001,1,E,1760
adr_goods_1760_1L,adr_class_8,C9,adr_label_8,1,uom.product_uom_litre,"CORROSIVE LIQUID, N.O.S.","adr_packing_instruction_P001,adr_packing_instruction_IBC02",2,E,1760
adr_goods_1760_5L,adr_class_8,C9,adr_label_8,5,uom.product_uom_litre,"CORROSIVE LIQUID, N.O.S.","adr_packing_instruction_P001,adr_packing_instruction_IBC03,adr_packing_instruction_LP01,adr_packing_instruction_R001",3,E,1760
adr_goods_1761_1L,adr_class_8,CT1,"adr_label_8,adr_label_6_1",1,uom.product_uom_litre,CUPRIETHYLENEDIAMINE SOLUTION,"adr_packing_instruction_P001,adr_packing_instruction_IBC02",2,E,1761
adr_goods_1761_5L,adr_class_8,CT1,"adr_label_8,adr_label_6_1",5,uom.product_uom_litre,CUPRIETHYLENEDIAMINE SOLUTION,"adr_packing_instruction_P001,adr_packing_instruction_IBC03,adr_packing_instruction_R001",3,E,1761
adr_goods_1762,adr_class_8,C3,adr_label_8,,,CYCLOHEXENYLTRICHLORO-SILANE,adr_packing_instruction_P010,2,E,1762
adr_goods_1763,adr_class_8,C3,adr_label_8,,,CYCLOHEXYLTRICHLORO-SILANE,adr_packing_instruction_P010,2,E,1763
adr_goods_1764,adr_class_8,C3,adr_label_8,1,uom.product_uom_litre,DICHLOROACETIC ACID,"adr_packing_instruction_P001,adr_packing_instruction_IBC02",2,E,1764
adr_goods_1765,adr_class_8,C3,adr_label_8,1,uom.product_uom_litre,DICHLOROACETYL CHLORIDE,"adr_packing_instruction_P001,adr_packing_instruction_IBC02",2,E,1765
adr_goods_1766,adr_class_8,C3,adr_label_8,,,DICHLOROPHENYL-TRICHLOROSILANE,adr_packing_instruction_P010,2,E,1766
adr_goods_1767,adr_class_8,CF1,"adr_label_8,adr_label_3",,,DIETHYLDICHLORO-SILANE,adr_packing_instruction_P010,2,D/E,1767
adr_goods_1768,adr_class_8,C1,adr_label_8,1,uom.product_uom_litre,"DIFLUOROPHOSPHORIC ACID, ANHYDROUS","adr_packing_instruction_P001,adr_packing_instruction_IBC02",2,E,1768
adr_goods_1769,adr_class_8,C3,adr_label_8,,,DIPHENYLDICHLORO-SILANE,adr_packing_instruction_P010,2,E,1769
adr_goods_1770,adr_class_8,C10,adr_label_8,1,uom.product_uom_kgm,DIPHENYLMETHYL BROMIDE,"adr_packing_instruction_P002,adr_packing_instruction_IBC08",2,E,1770
adr_goods_1771,adr_class_8,C3,adr_label_8,,,DODECYLTRICHLORO-SILANE,adr_packing_instruction_P010,2,E,1771
adr_goods_1773,adr_class_8,C2,adr_label_8,5,uom.product_uom_kgm,"FERRIC CHLORIDE, ANHYDROUS","adr_packing_instruction_P002,adr_packing_instruction_IBC08,adr_packing_instruction_LP02,adr_packing_instruction_R001",3,E,1773
adr_goods_1774,adr_class_8,C11,adr_label_8,1,uom.product_uom_litre,"FIRE EXTINGUISHER CHARGES, corrosive liquid",adr_packing_instruction_P001,2,E,1774
adr_goods_1775,adr_class_8,C1,adr_label_8,1,uom.product_uom_litre,FLUOROBORIC ACID,"adr_packing_instruction_P001,adr_packing_instruction_IBC02",2,E,1775
adr_goods_1776,adr_class_8,C1,adr_label_8,1,uom.product_uom_litre,"FLUOROPHOSPHORIC ACID, ANHYDROUS","adr_packing_instruction_P001,adr_packing_instruction_IBC02",2,E,1776
adr_goods_1777,adr_class_8,C1,adr_label_8,,,FLUOROSULPHONIC ACID,adr_packing_instruction_P001,1,E,1777
adr_goods_1778,adr_class_8,C1,adr_label_8,1,uom.product_uom_litre,FLUOROSILICIC ACID,"adr_packing_instruction_P001,adr_packing_instruction_IBC02",2,E,1778
adr_goods_1779,adr_class_8,CF1,"adr_label_8,adr_label_3",1,uom.product_uom_litre,FORMIC ACID with more than 85% acid by mass,"adr_packing_instruction_P001,adr_packing_instruction_IBC02",2,D/E,1779
adr_goods_1780,adr_class_8,C3,adr_label_8,1,uom.product_uom_litre,FUMARYL CHLORIDE,"adr_packing_instruction_P001,adr_packing_instruction_IBC02",2,E,1780
adr_goods_1781,adr_class_8,C3,adr_label_8,,,HEXADECYLTRICHLORO-SILANE,adr_packing_instruction_P010,2,E,1781
adr_goods_1782,adr_class_8,C1,adr_label_8,1,uom.product_uom_litre,HEXAFLUORO-PHOSPHORIC ACID,"adr_packing_instruction_P001,adr_packing_instruction_IBC02",2,E,1782
adr_goods_1783_1L,adr_class_8,C7,adr_label_8,1,uom.product_uom_litre,HEXAMETHYLENE-DIAMINE SOLUTION,"adr_packing_instruction_P001,adr_packing_instruction_IBC02",2,E,1783
adr_goods_1783_5L,adr_class_8,C7,adr_label_8,5,uom.product_uom_litre,HEXAMETHYLENE-DIAMINE SOLUTION,"adr_packing_instruction_P001,adr_packing_instruction_IBC03,adr_packing_instruction_LP01,adr_packing_instruction_R001",3,E,1783
adr_goods_1784,adr_class_8,C3,adr_label_8,,,HEXYLTRICHLOROSILANE,adr_packing_instruction_P010,2,E,1784
adr_goods_1786,adr_class_8,CT1,"adr_label_8,adr_label_6_1",,,HYDROFLUORIC ACID AND SULPHURIC ACID MIXTURE,adr_packing_instruction_P001,1,C/D,1786
adr_goods_1787_1L,adr_class_8,C1,adr_label_8,1,uom.product_uom_litre,HYDRIODIC ACID,"adr_packing_instruction_P001,adr_packing_instruction_IBC02",2,E,1787
adr_goods_1787_5L,adr_class_8,C1,adr_label_8,5,uom.product_uom_litre,HYDRIODIC ACID,"adr_packing_instruction_P001,adr_packing_instruction_IBC03,adr_packing_instruction_LP01,adr_packing_instruction_R001",3,E,1787
adr_goods_1788_1L,adr_class_8,C1,adr_label_8,1,uom.product_uom_litre,HYDROBROMIC ACID,"adr_packing_instruction_P001,adr_packing_instruction_IBC02",2,E,1788
adr_goods_1788_5L,adr_class_8,C1,adr_label_8,5,uom.product_uom_litre,HYDROBROMIC ACID,"adr_packing_instruction_P001,adr_packing_instruction_IBC03,adr_packing_instruction_LP01,adr_packing_instruction_R001",3,E,1788
adr_goods_1789_1L,adr_class_8,C1,adr_label_8,1,uom.product_uom_litre,HYDROCHLORIC ACID,"adr_packing_instruction_P001,adr_packing_instruction_IBC02",2,E,1789
adr_goods_1789_5L,adr_class_8,C1,adr_label_8,5,uom.product_uom_litre,HYDROCHLORIC ACID,"adr_packing_instruction_P001,adr_packing_instruction_IBC03,adr_packing_instruction_LP01,adr_packing_instruction_R001",3,E,1789
adr_goods_1790_CT1_8/6dot1_640I_P802_1,adr_class_8,CT1,"adr_label_8,adr_label_6_1",,,HYDROFLUORIC ACID with more than 85% hydrogen fluoride,adr_packing_instruction_P802,1,C/D,1790
adr_goods_1790_CT1_8/6dot1_640J_P001_1,adr_class_8,CT1,"adr_label_8,adr_label_6_1",,,HYDROFLUORIC ACID with more than 60% but not more than 85% hydrogen fluoride,adr_packing_instruction_P001,1,C/D,1790
adr_goods_1790_CT1_8/6dot1_1L_P001/IBC02_2,adr_class_8,CT1,"adr_label_8,adr_label_6_1",1,uom.product_uom_litre,HYDROFLUORIC ACID with not more than 60% hydrogen fluoride,"adr_packing_instruction_P001,adr_packing_instruction_IBC02",2,E,1790
adr_goods_1791_1L,adr_class_8,C9,adr_label_8,1,uom.product_uom_litre,HYPOCHLORITE SOLUTION,"adr_packing_instruction_P001,adr_packing_instruction_IBC02",2,E,1791
adr_goods_1791_5L,adr_class_8,C9,adr_label_8,5,uom.product_uom_litre,HYPOCHLORITE SOLUTION,"adr_packing_instruction_P001,adr_packing_instruction_IBC02,adr_packing_instruction_LP01,adr_packing_instruction_R001",3,E,1791
adr_goods_1792,adr_class_8,C2,adr_label_8,1,uom.product_uom_kgm,"IODINE MONOCHLORIDE, SOLID","adr_packing_instruction_P002,adr_packing_instruction_IBC08",2,E,1792
adr_goods_1793,adr_class_8,C3,adr_label_8,5,uom.product_uom_litre,ISOPROPYL ACID PHOSPHATE,"adr_packing_instruction_P001,adr_packing_instruction_IBC02,adr_packing_instruction_LP01,adr_packing_instruction_R001",3,E,1793
adr_goods_1794,adr_class_8,C2,adr_label_8,1,uom.product_uom_kgm,LEAD SULPHATE with more than 3% free acid,"adr_packing_instruction_P002,adr_packing_instruction_IBC08",2,E,1794
adr_goods_1796,adr_class_8,CO1,"adr_label_8,adr_label_5_1",,,NITRATING ACID MIXTURE with more than 50% nitric acid,adr_packing_instruction_P001,1,E,1796
adr_goods_1796_1L,adr_class_8,C1,adr_label_8,1,uom.product_uom_litre,NITRATING ACID MIXTURE with not more than 50% nitric acid,"adr_packing_instruction_P001,adr_packing_instruction_IBC02",2,E,1796
adr_goods_1798,adr_class_8,COT,,,,NITROHYDROCHLORIC ACID,,CARRIAGE_PROHIBITED,CARRIAGE_PROHIBITED,1798
adr_goods_1799,adr_class_8,C3,adr_label_8,,,NONYLTRICHLOROSILANE,adr_packing_instruction_P010,2,E,1799
adr_goods_1800,adr_class_8,C3,adr_label_8,,,OCTADECYLTRICHLORO-SILANE,adr_packing_instruction_P010,2,E,1800
adr_goods_1801,adr_class_8,C3,adr_label_8,,,OCTYLTRICHLOROSILANE,adr_packing_instruction_P010,2,E,1801
adr_goods_1802,adr_class_8,CO1,"adr_label_8,adr_label_5_1",1,uom.product_uom_litre,"PERCHLORIC ACID with not more than 50% acid, by mass","adr_packing_instruction_P001,adr_packing_instruction_IBC02",2,E,1802
adr_goods_1803,adr_class_8,C3,adr_label_8,1,uom.product_uom_litre,"PHENOLSULPHONIC ACID, LIQUID","adr_packing_instruction_P001,adr_packing_instruction_IBC02",2,E,1803
adr_goods_1804,adr_class_8,C3,adr_label_8,,,PHENYLTRICHLORO-SILANE,adr_packing_instruction_P010,2,E,1804
adr_goods_1805,adr_class_8,C1,adr_label_8,5,uom.product_uom_litre,"PHOSPHORIC ACID, SOLUTION","adr_packing_instruction_P001,adr_packing_instruction_IBC03,adr_packing_instruction_LP01,adr_packing_instruction_R001",3,E,1805
adr_goods_1806,adr_class_8,C2,adr_label_8,1,uom.product_uom_kgm,PHOSPHORUS PENTACHLORIDE,"adr_packing_instruction_P002,adr_packing_instruction_IBC08",2,E,1806
adr_goods_1807,adr_class_8,C2,adr_label_8,1,uom.product_uom_kgm,PHOSPHORUS PENTOXIDE,"adr_packing_instruction_P002,adr_packing_instruction_IBC08",2,E,1807
adr_goods_1808,adr_class_8,C1,adr_label_8,1,uom.product_uom_litre,PHOSPHORUS TRIBROMIDE,"adr_packing_instruction_P001,adr_packing_instruction_IBC02",2,E,1808
adr_goods_1809,adr_class_6_1,TC3,"adr_label_6_1,adr_label_8",,,PHOSPHORUS TRICHLORIDE,adr_packing_instruction_P602,1,C/D,1809
adr_goods_1810,adr_class_6_1,TC3,"adr_label_6_1,adr_label_8",,,PHOSPHORUS OXYCHLORIDE,adr_packing_instruction_P602,1,C/D,1810
adr_goods_1811,adr_class_8,CT2,"adr_label_8,adr_label_6_1",1,uom.product_uom_kgm,"POTASSIUM HYDROGENDIFLUORIDE, SOLID","adr_packing_instruction_P002,adr_packing_instruction_IBC08",2,E,1811
adr_goods_1812,adr_class_6_1,T5,adr_label_6_1,5,uom.product_uom_kgm,"POTASSIUM FLUORIDE, SOLID","adr_packing_instruction_P002,adr_packing_instruction_IBC08,adr_packing_instruction_LP02,adr_packing_instruction_R001",2,E,1812
adr_goods_1813,adr_class_8,C6,adr_label_8,1,uom.product_uom_kgm,"POTASSIUM HYDROXIDE, SOLID","adr_packing_instruction_P002,adr_packing_instruction_IBC08",2,E,1813
adr_goods_1814_1L,adr_class_8,C5,adr_label_8,1,uom.product_uom_litre,POTASSIUM HYDROXIDE SOLUTION,"adr_packing_instruction_P001,adr_packing_instruction_IBC02",2,E,1814
adr_goods_1814_5L,adr_class_8,C5,adr_label_8,5,uom.product_uom_litre,POTASSIUM HYDROXIDE SOLUTION,"adr_packing_instruction_P001,adr_packing_instruction_IBC03,adr_packing_instruction_LP01,adr_packing_instruction_R001",3,E,1814
adr_goods_1815,adr_class_3,FC,"adr_label_3,adr_label_8",1,uom.product_uom_litre,PROPIONYL CHLORIDE,"adr_packing_instruction_P001,adr_packing_instruction_IBC02",2,D/E,1815
adr_goods_1816,adr_class_8,CF1,"adr_label_8,adr_label_3",,,PROPYLTRICHLORO-SILANE,adr_packing_instruction_P010,2,D/E,1816
adr_goods_1817,adr_class_8,C1,adr_label_8,1,uom.product_uom_litre,PYROSULPHURYL CHLORIDE,"adr_packing_instruction_P001,adr_packing_instruction_IBC02",2,E,1817
adr_goods_1818,adr_class_8,C1,adr_label_8,,,SILICON TETRACHLORIDE,adr_packing_instruction_P010,2,E,1818
adr_goods_1819_1L,adr_class_8,C5,adr_label_8,1,uom.product_uom_litre,SODIUM ALUMINATE SOLUTION,"adr_packing_instruction_P001,adr_packing_instruction_IBC02",2,E,1819
adr_goods_1819_5L,adr_class_8,C5,adr_label_8,5,uom.product_uom_litre,SODIUM ALUMINATE SOLUTION,"adr_packing_instruction_P001,adr_packing_instruction_IBC03,adr_packing_instruction_LP01,adr_packing_instruction_R001",3,E,1819
adr_goods_1823,adr_class_8,C6,adr_label_8,1,uom.product_uom_kgm,"SODIUM HYDROXIDE, SOLID","adr_packing_instruction_P002,adr_packing_instruction_IBC08",2,E,1823
adr_goods_1824_1L,adr_class_8,C5,adr_label_8,1,uom.product_uom_litre,SODIUM HYDROXIDE SOLUTION,"adr_packing_instruction_P001,adr_packing_instruction_IBC02",2,E,1824
adr_goods_1824_5L,adr_class_8,C5,adr_label_8,5,uom.product_uom_litre,SODIUM HYDROXIDE SOLUTION,"adr_packing_instruction_P001,adr_packing_instruction_IBC03,adr_packing_instruction_LP01,adr_packing_instruction_R001",3,E,1824
adr_goods_1825,adr_class_8,C6,adr_label_8,1,uom.product_uom_kgm,SODIUM MONOXIDE,"adr_packing_instruction_P002,adr_packing_instruction_IBC08",2,E,1825
adr_goods_1826,adr_class_8,CO1,"adr_label_8,adr_label_5_1",,,"NITRATING ACID MIXTURE, SPENT, with more than 50% nitric acid",adr_packing_instruction_P001,1,E,1826
adr_goods_1826_1L,adr_class_8,C1,adr_label_8,1,uom.product_uom_litre,"NITRATING ACID MIXTURE, SPENT, with not more than 50% nitric acid","adr_packing_instruction_P001,adr_packing_instruction_IBC02",2,E,1826
adr_goods_1827,adr_class_8,C1,adr_label_8,1,uom.product_uom_litre,"STANNIC CHLORIDE, ANHYDROUS","adr_packing_instruction_P001,adr_packing_instruction_IBC02",2,E,1827
adr_goods_1828,adr_class_8,C1,adr_label_8,,,SULPHUR CHLORIDES,adr_packing_instruction_P602,1,E,1828
adr_goods_1829,adr_class_8,C1,adr_label_8,,,"SULPHUR TRIOXIDE, STABILIZED",adr_packing_instruction_P001,1,E,1829
adr_goods_1830,adr_class_8,C1,adr_label_8,1,uom.product_uom_litre,SULPHURIC ACID with more than 51% acid,"adr_packing_instruction_P001,adr_packing_instruction_IBC02",2,E,1830
adr_goods_1831,adr_class_8,CT1,"adr_label_8,adr_label_6_1",,,"SULPHURIC ACID, FUMING",adr_packing_instruction_P602,1,C/D,1831
adr_goods_1832,adr_class_8,C1,adr_label_8,1,uom.product_uom_litre,"SULPHURIC ACID, SPENT","adr_packing_instruction_P001,adr_packing_instruction_IBC02",2,E,1832
adr_goods_1833,adr_class_8,C1,adr_label_8,1,uom.product_uom_litre,SULPHUROUS ACID,"adr_packing_instruction_P001,adr_packing_instruction_IBC02",2,E,1833
adr_goods_1834,adr_class_6_1,TC3,"adr_label_6_1,adr_label_8",,,SULPHURYL CHLORIDE,adr_packing_instruction_P602,1,C/D,1834
adr_goods_1835_1L,adr_class_8,C7,adr_label_8,1,uom.product_uom_litre,TETRAMETHYL-AMMONIUM HYDROXIDE SOLUTION,"adr_packing_instruction_P001,adr_packing_instruction_IBC02",2,E,1835
adr_goods_1835_5L,adr_class_8,C7,adr_label_8,5,uom.product_uom_litre,TETRAMETHYL-AMMONIUM HYDROXIDE SOLUTION,"adr_packing_instruction_P001,adr_packing_instruction_IBC03,adr_packing_instruction_LP01,adr_packing_instruction_R001",3,E,1835
adr_goods_1836,adr_class_8,C1,adr_label_8,,,THIONYL CHLORIDE,adr_packing_instruction_P802,1,E,1836
adr_goods_1837,adr_class_8,C1,adr_label_8,1,uom.product_uom_litre,THIOPHOSPHORYL CHLORIDE,"adr_packing_instruction_P001,adr_packing_instruction_IBC02",2,E,1837
adr_goods_1838,adr_class_6_1,TC3,"adr_label_6_1,adr_label_8",,,TITANIUM TETRACHLORIDE,adr_packing_instruction_P602,1,C/D,1838
adr_goods_1839,adr_class_8,C4,adr_label_8,1,uom.product_uom_kgm,TRICHLOROACETIC ACID,"adr_packing_instruction_P002,adr_packing_instruction_IBC08",2,E,1839
adr_goods_1840,adr_class_8,C1,adr_label_8,5,uom.product_uom_litre,ZINC CHLORIDE SOLUTION,"adr_packing_instruction_P001,adr_packing_instruction_IBC03,adr_packing_instruction_LP01,adr_packing_instruction_R001",3,E,1840
adr_goods_1841,adr_class_9,M11,adr_label_9,5,uom.product_uom_kgm,ACETALDEHYDE AMMONIA,"adr_packing_instruction_P002,adr_packing_instruction_IBC08,adr_packing_instruction_LP02,adr_packing_instruction_R001",3,E,1841
adr_goods_1843,adr_class_6_1,T2,adr_label_6_1,500,uom.product_uom_gram,"AMMONIUM DINITRO-o-CRESOLATE, SOLID","adr_packing_instruction_P002,adr_packing_instruction_IBC08",2,D/E,1843
adr_goods_1845,adr_class_9,M11,,,,"Carbon dioxide, solid (Dry ice)",,NOT_SUBJECT_TO_ADR,NOT_SUBJECT_TO_ADR,1845
adr_goods_1846,adr_class_6_1,T1,adr_label_6_1,100,uom.product_uom_milliliter,CARBON TETRACHLORIDE,"adr_packing_instruction_P001,adr_packing_instruction_IBC02",2,D/E,1846
adr_goods_1847,adr_class_8,C6,adr_label_8,1,uom.product_uom_kgm,"POTASSIUM SULPHIDE, HYDRATED with not less than 30% water of crystallization","adr_packing_instruction_P002,adr_packing_instruction_IBC08",2,E,1847
adr_goods_1848,adr_class_8,C3,adr_label_8,5,uom.product_uom_litre,PROPIONIC ACID with not less than 10% and less than 90% acid by mass,"adr_packing_instruction_P001,adr_packing_instruction_IBC03,adr_packing_instruction_LP01,adr_packing_instruction_R001",3,E,1848
adr_goods_1849,adr_class_8,C6,adr_label_8,1,uom.product_uom_kgm,"SODIUM SULPHIDE, HYDRATED with not less than 30% water","adr_packing_instruction_P002,adr_packing_instruction_IBC08",2,E,1849
adr_goods_1851_100ml,adr_class_6_1,T1,adr_label_6_1,100,uom.product_uom_milliliter,"MEDICINE, LIQUID, TOXIC, N.O.S.",adr_packing_instruction_P001,2,D/E,1851
adr_goods_1851_5L,adr_class_6_1,T1,adr_label_6_1,5,uom.product_uom_litre,"MEDICINE, LIQUID, TOXIC, N.O.S.","adr_packing_instruction_P001,adr_packing_instruction_LP01,adr_packing_instruction_R001",2,E,1851
adr_goods_1854,adr_class_4_2,S4,adr_label_4_2,,,"BARIUM ALLOYS, PYROPHORIC",adr_packing_instruction_P404,0,B/E,1854
adr_goods_1855,adr_class_4_2,S4,adr_label_4_2,,,"CALCIUM, PYROPHORIC or CALCIUM ALLOYS, PYROPHORIC",adr_packing_instruction_P404,0,E,1855
adr_goods_1856,adr_class_4_2,S2,,,,"Rags, oily",,NOT_SUBJECT_TO_ADR,NOT_SUBJECT_TO_ADR,1856
adr_goods_1857,adr_class_4_2,S2,,,,"Textile waste, wet",,NOT_SUBJECT_TO_ADR,NOT_SUBJECT_TO_ADR,1857
adr_goods_1858,adr_class_2,2A,adr_label_2_2,120,uom.product_uom_milliliter,HEXAFLUOROPROPYLENE (REFRIGERANT GAS R 1216),adr_packing_instruction_P200,3,C/E,1858
adr_goods_1859,adr_class_2,2TC,"adr_label_2_3,adr_label_8",,,SILICON TETRAFLUORIDE,adr_packing_instruction_P200,1,C/D,1859
adr_goods_1860,adr_class_2,2F,adr_label_2_1,,,"VINYL FLUORIDE, STABILIZED",adr_packing_instruction_P200,2,B/D,1860
adr_goods_1862,adr_class_3,F1,adr_label_3,1,uom.product_uom_litre,ETHYL CROTONATE,"adr_packing_instruction_P001,adr_packing_instruction_IBC02,adr_packing_instruction_R001",2,D/E,1862
adr_goods_1863_F1_3_664_500ml_P001_1,adr_class_3,F1,adr_label_3,500,uom.product_uom_milliliter,"FUEL, AVIATION, TURBINE ENGINE",adr_packing_instruction_P001,1,D/E,1863
adr_goods_1863_F1_3_640C/664_1L_P001_2,adr_class_3,F1,adr_label_3,1,uom.product_uom_litre,"FUEL, AVIATION, TURBINE ENGINE (vapour pressure at 50 °C more than 110 kPa)",adr_packing_instruction_P001,2,D/E,1863
adr_goods_1863_F1_3_640D/664_1L_P001/IBC02/R001_2,adr_class_3,F1,adr_label_3,1,uom.product_uom_litre,"FUEL, AVIATION, TURBINE ENGINE (vapour pressure at50 °C not more than 110 kPa)","adr_packing_instruction_P001,adr_packing_instruction_IBC02,adr_packing_instruction_R001",2,D/E,1863
adr_goods_1863_F1_3_664_5L_P001/IBC03/LP01/R001_3,adr_class_3,F1,adr_label_3,5,uom.product_uom_litre,"FUEL, AVIATION, TURBINE ENGINE","adr_packing_instruction_P001,adr_packing_instruction_IBC03,adr_packing_instruction_LP01,adr_packing_instruction_R001",3,D/E,1863
adr_goods_1865,adr_class_3,F1,adr_label_3,1,uom.product_uom_litre,n-PROPYL NITRATE,"adr_packing_instruction_P001,adr_packing_instruction_IBC02,adr_packing_instruction_R001",2,E,1865
adr_goods_1866_F1_3_500ml_P001_1,adr_class_3,F1,adr_label_3,500,uom.product_uom_milliliter,"RESIN SOLUTION, flammable",adr_packing_instruction_P001,1,D/E,1866
adr_goods_1866_F1_3_640C_5L_P001_2,adr_class_3,F1,adr_label_3,5,uom.product_uom_litre,"RESIN SOLUTION, flammable (vapour pressure at 50 °C more than 110 kPa)",adr_packing_instruction_P001,2,D/E,1866
adr_goods_1866_F1_3_640D_5L_P001/IBC02/R001_2,adr_class_3,F1,adr_label_3,5,uom.product_uom_litre,"RESIN SOLUTION, flammable (vapour pressure at 50 °C not more than 110 kPa)","adr_packing_instruction_P001,adr_packing_instruction_IBC02,adr_packing_instruction_R001",2,D/E,1866
adr_goods_1866_F1_3_5L_P001/IBC03/LP01/R001_3,adr_class_3,F1,adr_label_3,5,uom.product_uom_litre,"RESIN SOLUTION, flammable","adr_packing_instruction_P001,adr_packing_instruction_IBC03,adr_packing_instruction_LP01,adr_packing_instruction_R001",3,D/E,1866
adr_goods_1866_F1_3_5L_P001/R001_3,adr_class_3,F1,adr_label_3,5,uom.product_uom_litre,"RESIN SOLUTION, flammable (having a flash-point below 23 °C and viscous according to 2.2.3.1.4) (vapour pressure at 50 °C more than 110 kPa)","adr_packing_instruction_P001,adr_packing_instruction_R001",3,E,1866
adr_goods_1866_F1_3_5L_P001/IBC02/R001_3,adr_class_3,F1,adr_label_3,5,uom.product_uom_litre,"RESIN SOLUTION, flammable (having a flash-point below 23 °C and viscous according to 2.2.3.1.4) (vapour pressure at 50 °C not more than 110 kPa)","adr_packing_instruction_P001,adr_packing_instruction_IBC02,adr_packing_instruction_R001",3,E,1866
adr_goods_1868,adr_class_4_1,FT2,"adr_label_4_1,adr_label_6_1",1,uom.product_uom_kgm,DECABORANE,"adr_packing_instruction_P002,adr_packing_instruction_IBC06",2,E,1868
adr_goods_1869,adr_class_4_1,F3,adr_label_4_1,5,uom.product_uom_kgm,"MAGNESIUM or MAGNESIUM ALLOYS with more than 50% magnesium in pellets, turnings or ribbons","adr_packing_instruction_P002,adr_packing_instruction_IBC08,adr_packing_instruction_LP02,adr_packing_instruction_R001",3,E,1869
adr_goods_1870,adr_class_4_3,W2,adr_label_4_3,,,POTASSIUM BOROHYDRIDE,adr_packing_instruction_P403,1,E,1870
adr_goods_1871,adr_class_4_1,F3,adr_label_4_1,1,uom.product_uom_kgm,TITANIUM HYDRIDE,"adr_packing_instruction_P410,adr_packing_instruction_IBC04",2,E,1871
adr_goods_1872,adr_class_5_1,OT2,"adr_label_5_1,adr_label_6_1",5,uom.product_uom_kgm,LEAD DIOXIDE,"adr_packing_instruction_P002,adr_packing_instruction_IBC08,adr_packing_instruction_LP02,adr_packing_instruction_R001",3,E,1872
adr_goods_1873,adr_class_5_1,OC1,"adr_label_5_1,adr_label_8",,,"PERCHLORIC ACID with more than 50% but not more than 72% acid, by mass",adr_packing_instruction_P502,1,B/E,1873
adr_goods_1884,adr_class_6_1,T5,adr_label_6_1,5,uom.product_uom_kgm,BARIUM OXIDE,"adr_packing_instruction_P002,adr_packing_instruction_IBC08,adr_packing_instruction_LP02,adr_packing_instruction_R001",2,E,1884
adr_goods_1885,adr_class_6_1,T2,adr_label_6_1,500,uom.product_uom_gram,BENZIDINE,"adr_packing_instruction_P002,adr_packing_instruction_IBC08",2,D/E,1885
adr_goods_1886,adr_class_6_1,T1,adr_label_6_1,100,uom.product_uom_milliliter,BENZYLIDENE CHLORIDE,"adr_packing_instruction_P001,adr_packing_instruction_IBC02",2,D/E,1886
adr_goods_1887,adr_class_6_1,T1,adr_label_6_1,5,uom.product_uom_litre,BROMOCHLOROMETHANE,"adr_packing_instruction_P001,adr_packing_instruction_IBC03,adr_packing_instruction_LP01,adr_packing_instruction_R001",2,E,1887
adr_goods_1888,adr_class_6_1,T1,adr_label_6_1,5,uom.product_uom_litre,CHLOROFORM,"adr_packing_instruction_P001,adr_packing_instruction_IBC03,adr_packing_instruction_LP01,adr_packing_instruction_R001",2,E,1888
adr_goods_1889,adr_class_6_1,TC2,"adr_label_6_1,adr_label_8",,,CYANOGEN BROMIDE,adr_packing_instruction_P002,1,C/E,1889
adr_goods_1891,adr_class_6_1,T1,adr_label_6_1,100,uom.product_uom_milliliter,ETHYL BROMIDE,"adr_packing_instruction_P001,adr_packing_instruction_IBC02",2,D/E,1891
adr_goods_1892,adr_class_6_1,T3,adr_label_6_1,,,ETHYLDICHLOROARSINE,adr_packing_instruction_P602,1,C/D,1892
adr_goods_1894,adr_class_6_1,T3,adr_label_6_1,500,uom.product_uom_gram,PHENYLMERCURIC HYDROXIDE,"adr_packing_instruction_P002,adr_packing_instruction_IBC08",2,D/E,1894
adr_goods_1895,adr_class_6_1,T3,adr_label_6_1,500,uom.product_uom_gram,PHENYLMERCURIC NITRATE,"adr_packing_instruction_P002,adr_packing_instruction_IBC08",2,D/E,1895
adr_goods_1897,adr_class_6_1,T1,adr_label_6_1,5,uom.product_uom_litre,TETRACHLOROETHYLENE,"adr_packing_instruction_P001,adr_packing_instruction_IBC03,adr_packing_instruction_LP01,adr_packing_instruction_R001",2,E,1897
adr_goods_1898,adr_class_8,C3,adr_label_8,1,uom.product_uom_litre,ACETYL IODIDE,"adr_packing_instruction_P001,adr_packing_instruction_IBC02",2,E,1898
adr_goods_1902,adr_class_8,C3,adr_label_8,5,uom.product_uom_litre,DIISOOCTYL ACID PHOSPHATE,"adr_packing_instruction_P001,adr_packing_instruction_IBC03,adr_packing_instruction_LP01,adr_packing_instruction_R001",3,E,1902
adr_goods_1903,adr_class_8,C9,adr_label_8,,,"DISINFECTANT, LIQUID, CORROSIVE, N.O.S.",adr_packing_instruction_P001,1,E,1903
adr_goods_1903_1L,adr_class_8,C9,adr_label_8,1,uom.product_uom_litre,"DISINFECTANT, LIQUID, CORROSIVE, N.O.S.","adr_packing_instruction_P001,adr_packing_instruction_IBC02",2,E,1903
adr_goods_1903_5L,adr_class_8,C9,adr_label_8,5,uom.product_uom_litre,"DISINFECTANT, LIQUID, CORROSIVE, N.O.S.","adr_packing_instruction_P001,adr_packing_instruction_IBC03,adr_packing_instruction_LP01,adr_packing_instruction_R001",3,E,1903
adr_goods_1905,adr_class_8,C2,adr_label_8,,,SELENIC ACID,"adr_packing_instruction_P002,adr_packing_instruction_IBC07",1,E,1905
adr_goods_1906,adr_class_8,C1,adr_label_8,1,uom.product_uom_litre,SLUDGE ACID,"adr_packing_instruction_P001,adr_packing_instruction_IBC02",2,E,1906
adr_goods_1907,adr_class_8,C6,adr_label_8,5,uom.product_uom_kgm,SODA LIME with more than 4% sodium hydroxide,"adr_packing_instruction_P002,adr_packing_instruction_IBC08,adr_packing_instruction_LP02,adr_packing_instruction_R001",3,E,1907
adr_goods_1908_1L,adr_class_8,C9,adr_label_8,1,uom.product_uom_litre,CHLORITE SOLUTION,"adr_packing_instruction_P001,adr_packing_instruction_IBC02",2,E,1908
adr_goods_1908_5L,adr_class_8,C9,adr_label_8,5,uom.product_uom_litre,CHLORITE SOLUTION,"adr_packing_instruction_P001,adr_packing_instruction_IBC03,adr_packing_instruction_LP01,adr_packing_instruction_R001",3,E,1908
adr_goods_1910,adr_class_8,C6,,,,Calcium oxide,,NOT_SUBJECT_TO_ADR,NOT_SUBJECT_TO_ADR,1910
adr_goods_1911,adr_class_2,2TF,"adr_label_2_3,adr_label_2_1",,,DIBORANE,adr_packing_instruction_P200,1,D,1911
adr_goods_1912,adr_class_2,2F,adr_label_2_1,,,METHYL CHLORIDE AND METHYLENE CHLORIDE MIXTURE,adr_packing_instruction_P200,2,B/D,1912
adr_goods_1913,adr_class_2,3A,adr_label_2_2,120,uom.product_uom_milliliter,"NEON, REFRIGERATED LIQUID",adr_packing_instruction_P203,3,C/E,1913
adr_goods_1914,adr_class_3,F1,adr_label_3,5,uom.product_uom_litre,BUTYL PROPIONATES,"adr_packing_instruction_P001,adr_packing_instruction_IBC03,adr_packing_instruction_LP01,adr_packing_instruction_R001",3,D/E,1914
adr_goods_1915,adr_class_3,F1,adr_label_3,5,uom.product_uom_litre,CYCLOHEXANONE,"adr_packing_instruction_P001,adr_packing_instruction_IBC03,adr_packing_instruction_LP01,adr_packing_instruction_R001",3,D/E,1915
adr_goods_1916,adr_class_6_1,TF1,"adr_label_6_1,adr_label_3",100,uom.product_uom_milliliter,"2,2'-DICHLORODIETHYL ETHER","adr_packing_instruction_P001,adr_packing_instruction_IBC02",2,D/E,1916
adr_goods_1917,adr_class_3,F1,adr_label_3,1,uom.product_uom_litre,"ETHYL ACRYLATE, STABILIZED","adr_packing_instruction_P001,adr_packing_instruction_IBC02,adr_packing_instruction_R001",2,D/E,1917
adr_goods_1918,adr_class_3,F1,adr_label_3,5,uom.product_uom_litre,ISOPROPYLBENZENE,"adr_packing_instruction_P001,adr_packing_instruction_IBC03,adr_packing_instruction_LP01,adr_packing_instruction_R001",3,D/E,1918
adr_goods_1919,adr_class_3,F1,adr_label_3,1,uom.product_uom_litre,"METHYL ACRYLATE, STABILIZED","adr_packing_instruction_P001,adr_packing_instruction_IBC02,adr_packing_instruction_R001",2,D/E,1919
adr_goods_1920,adr_class_3,F1,adr_label_3,5,uom.product_uom_litre,NONANES,"adr_packing_instruction_P001,adr_packing_instruction_IBC03,adr_packing_instruction_LP01,adr_packing_instruction_R001",3,D/E,1920
adr_goods_1921,adr_class_3,FT1,"adr_label_3,adr_label_6_1",,,"PROPYLENEIMINE, STABILIZED",adr_packing_instruction_P001,1,C/E,1921
adr_goods_1922,adr_class_3,FC,"adr_label_3,adr_label_8",1,uom.product_uom_litre,PYRROLIDINE,"adr_packing_instruction_P001,adr_packing_instruction_IBC02",2,D/E,1922
adr_goods_1923,adr_class_4_2,S4,adr_label_4_2,,,CALCIUM DITHIONITE (CALCIUM HYDROSULPHITE),"adr_packing_instruction_P410,adr_packing_instruction_IBC06",2,D/E,1923
adr_goods_1928,adr_class_4_3,WF1,"adr_label_4_3,adr_label_3",,,METHYL MAGNESIUM BROMIDE IN ETHYL ETHER,adr_packing_instruction_P402,0,B/E,1928
adr_goods_1929,adr_class_4_2,S4,adr_label_4_2,,,POTASSIUM DITHIONITE (POTASSIUM HYDROSULPHITE),"adr_packing_instruction_P410,adr_packing_instruction_IBC06",2,D/E,1929
adr_goods_1931,adr_class_9,M11,adr_label_9,5,uom.product_uom_kgm,ZINC DITHIONITE (ZINC HYDROSULPHITE),"adr_packing_instruction_P002,adr_packing_instruction_IBC08,adr_packing_instruction_LP02,adr_packing_instruction_R001",3,E,1931
adr_goods_1932,adr_class_4_2,S4,adr_label_4_2,,,ZIRCONIUM SCRAP,"adr_packing_instruction_P002,adr_packing_instruction_IBC08,adr_packing_instruction_LP02,adr_packing_instruction_R001",3,E,1932
adr_goods_1935,adr_class_6_1,T4,adr_label_6_1,,,"CYANIDE SOLUTION, N.O.S.",adr_packing_instruction_P001,1,C/E,1935
adr_goods_1935_100ml,adr_class_6_1,T4,adr_label_6_1,100,uom.product_uom_milliliter,"CYANIDE SOLUTION, N.O.S.","adr_packing_instruction_P001,adr_packing_instruction_IBC02",2,D/E,1935
adr_goods_1935_5L,adr_class_6_1,T4,adr_label_6_1,5,uom.product_uom_litre,"CYANIDE SOLUTION, N.O.S.","adr_packing_instruction_P001,adr_packing_instruction_IBC03,adr_packing_instruction_LP01,adr_packing_instruction_R001",2,E,1935
adr_goods_1938_1L,adr_class_8,C3,adr_label_8,1,uom.product_uom_litre,BROMOACETIC ACID SOLUTION,"adr_packing_instruction_P001,adr_packing_instruction_IBC02",2,E,1938
adr_goods_1938_5L,adr_class_8,C3,adr_label_8,5,uom.product_uom_litre,BROMOACETIC ACID SOLUTION,"adr_packing_instruction_P001,adr_packing_instruction_IBC02,adr_packing_instruction_LP01,adr_packing_instruction_R001",3,E,1938
adr_goods_1939,adr_class_8,C2,adr_label_8,1,uom.product_uom_kgm,PHOSPHORUS OXYBROMIDE,"adr_packing_instruction_P002,adr_packing_instruction_IBC08",2,E,1939
adr_goods_1940,adr_class_8,C3,adr_label_8,1,uom.product_uom_litre,THIOGLYCOLIC ACID,"adr_packing_instruction_P001,adr_packing_instruction_IBC02",2,E,1940
adr_goods_1941,adr_class_9,M11,adr_label_9,5,uom.product_uom_litre,DIBROMODIFLUORO-METHANE,"adr_packing_instruction_P001,adr_packing_instruction_LP01,adr_packing_instruction_R001",3,E,1941
adr_goods_1942,adr_class_5_1,O2,adr_label_5_1,5,uom.product_uom_kgm,"AMMONIUM NITRATE with not more than 0.2% combustible substances, including any organic substance calculated as carbon, to the exclusion of any other added substance","adr_packing_instruction_P002,adr_packing_instruction_IBC08,adr_packing_instruction_LP02,adr_packing_instruction_R001",3,E,1942
adr_goods_1944,adr_class_4_1,F1,adr_label_4_1,5,uom.product_uom_kgm,"MATCHES, SAFETY (book, card or strike on box)","adr_packing_instruction_P407,adr_packing_instruction_R001",4,E,1944
adr_goods_1945,adr_class_4_1,F1,adr_label_4_1,5,uom.product_uom_kgm,"MATCHES, WAX 'VESTA'","adr_packing_instruction_P407,adr_packing_instruction_R001",4,E,1945
adr_goods_1950_5A_2dot2_190/327/344/625_1L_P207/LP200_3,adr_class_2,5A,adr_label_2_2,1,uom.product_uom_litre,"AEROSOLS, asphyxiant","adr_packing_instruction_P207,adr_packing_instruction_LP200",3,E,1950
adr_goods_1950_5C_2dot2/8_190/327/344/625_1L_P207/LP200_1,adr_class_2,5C,"adr_label_2_2,adr_label_8",1,uom.product_uom_litre,"AEROSOLS, corrosive","adr_packing_instruction_P207,adr_packing_instruction_LP200",1,E,1950
adr_goods_1950_5CO_2dot2/5dot1/8_190/327/344/625_1L_P207/LP200_1,adr_class_2,5CO,"adr_label_2_2,adr_label_5_1,adr_label_8",1,uom.product_uom_litre,"AEROSOLS, corrosive, oxidizing","adr_packing_instruction_P207,adr_packing_instruction_LP200",1,E,1950
adr_goods_1950_5F_2dot1_190/327/344/625_1L_P207/LP200_2,adr_class_2,5F,adr_label_2_1,1,uom.product_uom_litre,"AEROSOLS, flammable","adr_packing_instruction_P207,adr_packing_instruction_LP200",2,D,1950
adr_goods_1950_5FC_2dot1/8_190/327/344/625_1L_P207/LP200_1,adr_class_2,5FC,"adr_label_2_1,adr_label_8",1,uom.product_uom_litre,"AEROSOLS, flammable, corrosive","adr_packing_instruction_P207,adr_packing_instruction_LP200",1,D,1950
adr_goods_1950_5O_2dot2/5dot1_190/327/344/625_1L_P207/LP200_3,adr_class_2,5O,"adr_label_2_2,adr_label_5_1",1,uom.product_uom_litre,"AEROSOLS, oxidizing","adr_packing_instruction_P207,adr_packing_instruction_LP200",3,E,1950
adr_goods_1950_5T_2dot2/6dot1_190/327/344/625_120ml_P207/LP200_1,adr_class_2,5T,"adr_label_2_2,adr_label_6_1",120,uom.product_uom_milliliter,"AEROSOLS, toxic","adr_packing_instruction_P207,adr_packing_instruction_LP200",1,D,1950
adr_goods_1950_5TC_2dot2/6dot1/8_190/327/344/625_120ml_P207/LP200_1,adr_class_2,5TC,"adr_label_2_2,adr_label_6_1,adr_label_8",120,uom.product_uom_milliliter,"AEROSOLS, toxic, corrosive","adr_packing_instruction_P207,adr_packing_instruction_LP200",1,D,1950
adr_goods_1950_5TF_2dot1/6dot1_190/327/344/625_120ml_P207/LP200_1,adr_class_2,5TF,"adr_label_2_1,adr_label_6_1",120,uom.product_uom_milliliter,"AEROSOLS, toxic, flammable","adr_packing_instruction_P207,adr_packing_instruction_LP200",1,D,1950
adr_goods_1950_5TFC_2dot1/6dot1/8_190/327/344/625_120ml_P207/LP200_1,adr_class_2,5TFC,"adr_label_2_1,adr_label_6_1,adr_label_8",120,uom.product_uom_milliliter,"AEROSOLS, toxic, flammable, corrosive","adr_packing_instruction_P207,adr_packing_instruction_LP200",1,D,1950
adr_goods_1950_5TO_2dot2/5dot1/6dot1_190/327/344/625_120ml_P207/LP200_1,adr_class_2,5TO,"adr_label_2_2,adr_label_5_1,adr_label_6_1",120,uom.product_uom_milliliter,"AEROSOLS, toxic, oxidizing","adr_packing_instruction_P207,adr_packing_instruction_LP200",1,D,1950
adr_goods_1950_5TOC_2dot2/5dot1/6dot1/8_190/327/344/625_120ml_P207/LP200_1,adr_class_2,5TOC,"adr_label_2_2,adr_label_5_1,adr_label_6_1,adr_label_8",120,uom.product_uom_milliliter,"AEROSOLS, toxic, oxidizing, corrosive","adr_packing_instruction_P207,adr_packing_instruction_LP200",1,D,1950
adr_goods_1951,adr_class_2,3A,adr_label_2_2,120,uom.product_uom_milliliter,"ARGON, REFRIGERATED LIQUID",adr_packing_instruction_P203,3,C/E,1951
adr_goods_1952,adr_class_2,2A,adr_label_2_2,120,uom.product_uom_milliliter,ETHYLENE OXIDE AND CARBON DIOXIDE MIXTURE with not more than 9% ethylene oxide,adr_packing_instruction_P200,3,C/E,1952
adr_goods_1953,adr_class_2,1TF,"adr_label_2_3,adr_label_2_1",,,"COMPRESSED GAS, TOXIC, FLAMMABLE, N.O.S.",adr_packing_instruction_P200,1,B/D,1953
adr_goods_1954,adr_class_2,1F,adr_label_2_1,,,"COMPRESSED GAS, FLAMMABLE, N.O.S.",adr_packing_instruction_P200,2,B/D,1954
adr_goods_1955,adr_class_2,1T,adr_label_2_3,,,"COMPRESSED GAS, TOXIC, N.O.S.",adr_packing_instruction_P200,1,C/D,1955
adr_goods_1956,adr_class_2,1A,adr_label_2_2,120,uom.product_uom_milliliter,"COMPRESSED GAS, N.O.S.",adr_packing_instruction_P200,3,E,1956
adr_goods_1957,adr_class_2,1F,adr_label_2_1,,,"DEUTERIUM, COMPRESSED",adr_packing_instruction_P200,2,B/D,1957
adr_goods_1958,adr_class_2,2A,adr_label_2_2,120,uom.product_uom_milliliter,"1,2-DICHLORO-1,1,2,2-TETRAFLUOROETHANE (REFRIGERANT GAS R 114)",adr_packing_instruction_P200,3,C/E,1958
adr_goods_1959,adr_class_2,2F,adr_label_2_1,,,"1,1-DIFLUOROETHYLENE (REFRIGERANT GAS R 1132a)",adr_packing_instruction_P200,2,B/D,1959
adr_goods_1961,adr_class_2,3F,adr_label_2_1,,,"ETHANE, REFRIGERATED LIQUID",adr_packing_instruction_P203,2,B/D,1961
adr_goods_1962,adr_class_2,2F,adr_label_2_1,,,ETHYLENE,adr_packing_instruction_P200,2,B/D,1962
adr_goods_1963,adr_class_2,3A,adr_label_2_2,120,uom.product_uom_milliliter,"HELIUM, REFRIGERATED LIQUID",adr_packing_instruction_P203,3,C/E,1963
adr_goods_1964,adr_class_2,1F,adr_label_2_1,,,"HYDROCARBON GAS MIXTURE, COMPRESSED, N.O.S.",adr_packing_instruction_P200,2,B/D,1964
adr_goods_1965,adr_class_2,2F,adr_label_2_1,,,"HYDROCARBON GAS MIXTURE, LIQUEFIED, N.O.S. such as mixtures A, A01, A02, A0, A1, B1, B2, B or C",adr_packing_instruction_P200,2,B/D,1965
adr_goods_1966,adr_class_2,3F,adr_label_2_1,,,"HYDROGEN, REFRIGERATED LIQUID",adr_packing_instruction_P203,2,B/D,1966
adr_goods_1967,adr_class_2,2T,adr_label_2_3,,,"INSECTICIDE GAS, TOXIC, N.O.S.",adr_packing_instruction_P200,1,C/D,1967
adr_goods_1968,adr_class_2,2A,adr_label_2_2,120,uom.product_uom_milliliter,"INSECTICIDE GAS, N.O.S.",adr_packing_instruction_P200,3,C/E,1968
adr_goods_1969,adr_class_2,2F,adr_label_2_1,,,ISOBUTANE,adr_packing_instruction_P200,2,B/D,1969
adr_goods_1970,adr_class_2,3A,adr_label_2_2,120,uom.product_uom_milliliter,"KRYPTON, REFRIGERATED LIQUID",adr_packing_instruction_P203,3,C/E,1970
adr_goods_1971,adr_class_2,1F,adr_label_2_1,,,"METHANE, COMPRESSED or NATURAL GAS, COMPRESSED with high methane content",adr_packing_instruction_P200,2,B/D,1971
adr_goods_1972,adr_class_2,3F,adr_label_2_1,,,"METHANE, REFRIGERATED LIQUID or NATURAL GAS, REFRIGERATED LIQUID with high methane content",adr_packing_instruction_P203,2,B/D,1972
adr_goods_1973,adr_class_2,2A,adr_label_2_2,120,uom.product_uom_milliliter,"CHLORODIFLUORO-METHANE AND CHLOROPENTAFLUORO-ETHANE MIXTURE with fixed boiling point, with approximately 49% chlorodifluoromethane (REFRIGERANT GAS R 502)",adr_packing_instruction_P200,3,C/E,1973
adr_goods_1974,adr_class_2,2A,adr_label_2_2,120,uom.product_uom_milliliter,CHLORODIFLUOROBROMO-METHANE (REFRIGERANT GAS R 12B1),adr_packing_instruction_P200,3,C/E,1974
adr_goods_1975,adr_class_2,2TOC,"adr_label_2_3,adr_label_5_1,adr_label_8",,,NITRIC OXIDE AND DINITROGEN TETROXIDE MIXTURE (NITRIC OXIDE AND NITROGEN DIOXIDE MIXTURE),adr_packing_instruction_P200,1,D,1975
adr_goods_1976,adr_class_2,2A,adr_label_2_2,120,uom.product_uom_milliliter,OCTAFLUOROCYCLO-BUTANE (REFRIGERANT GAS RC 318),adr_packing_instruction_P200,3,C/E,1976
adr_goods_1977,adr_class_2,3A,adr_label_2_2,120,uom.product_uom_milliliter,"NITROGEN, REFRIGERATED LIQUID",adr_packing_instruction_P203,3,C/E,1977
adr_goods_1978,adr_class_2,2F,adr_label_2_1,,,PROPANE,adr_packing_instruction_P200,2,B/D,1978
adr_goods_1982,adr_class_2,2A,adr_label_2_2,120,uom.product_uom_milliliter,TETRAFLUOROMETHANE (REFRIGERANT GAS R 14),adr_packing_instruction_P200,3,C/E,1982
adr_goods_1983,adr_class_2,2A,adr_label_2_2,120,uom.product_uom_milliliter,"1-CHLORO-2,2,2-TRIFLUOROETHANE (REFRIGERANT GAS R 133a)",adr_packing_instruction_P200,3,C/E,1983
adr_goods_1984,adr_class_2,2A,adr_label_2_2,120,uom.product_uom_milliliter,TRIFLUOROMETHANE (REFRIGERANT GAS R 23),adr_packing_instruction_P200,3,C/E,1984
adr_goods_1986,adr_class_3,FT1,"adr_label_3,adr_label_6_1",,,"ALCOHOLS, FLAMMABLE, TOXIC, N.O.S.",adr_packing_instruction_P001,1,C/E,1986
adr_goods_1986_1L,adr_class_3,FT1,"adr_label_3,adr_label_6_1",1,uom.product_uom_litre,"ALCOHOLS, FLAMMABLE, TOXIC, N.O.S.","adr_packing_instruction_P001,adr_packing_instruction_IBC02",2,D/E,1986
adr_goods_1986_5L,adr_class_3,FT1,"adr_label_3,adr_label_6_1",5,uom.product_uom_litre,"ALCOHOLS, FLAMMABLE, TOXIC, N.O.S.","adr_packing_instruction_P001,adr_packing_instruction_IBC03,adr_packing_instruction_R001",3,D/E,1986
adr_goods_1987_F1_3_274/601/640C_1L_P001_2,adr_class_3,F1,adr_label_3,1,uom.product_uom_litre,"ALCOHOLS, N.O.S. (vapour pressure at 50 °C more than 110 kPa)",adr_packing_instruction_P001,2,D/E,1987
adr_goods_1987_F1_3_274/601/640D_1L_P001/IBC02/R001_2,adr_class_3,F1,adr_label_3,1,uom.product_uom_litre,"ALCOHOLS, N.O.S. (vapour pressure at 50 °C not more than 110 kPa)","adr_packing_instruction_P001,adr_packing_instruction_IBC02,adr_packing_instruction_R001",2,D/E,1987
adr_goods_1987_F1_3_274/601_5L_P001/IBC03/LP01/R001_3,adr_class_3,F1,adr_label_3,5,uom.product_uom_litre,"ALCOHOLS, N.O.S.","adr_packing_instruction_P001,adr_packing_instruction_IBC03,adr_packing_instruction_LP01,adr_packing_instruction_R001",3,D/E,1987
adr_goods_1988,adr_class_3,FT1,"adr_label_3,adr_label_6_1",,,"ALDEHYDES, FLAMMABLE, TOXIC, N.O.S.",adr_packing_instruction_P001,1,C/E,1988
adr_goods_1988_1L,adr_class_3,FT1,"adr_label_3,adr_label_6_1",1,uom.product_uom_litre,"ALDEHYDES, FLAMMABLE, TOXIC, N.O.S.","adr_packing_instruction_P001,adr_packing_instruction_IBC02",2,D/E,1988
adr_goods_1988_5L,adr_class_3,FT1,"adr_label_3,adr_label_6_1",5,uom.product_uom_litre,"ALDEHYDES, FLAMMABLE, TOXIC, N.O.S.","adr_packing_instruction_P001,adr_packing_instruction_IBC03,adr_packing_instruction_R001",3,D/E,1988
adr_goods_1989_F1_3_274_P001_1,adr_class_3,F1,adr_label_3,,,"ALDEHYDES, N.O.S.",adr_packing_instruction_P001,1,D/E,1989
adr_goods_1989_F1_3_274/640C_1L_P001_2,adr_class_3,F1,adr_label_3,1,uom.product_uom_litre,"ALDEHYDES, N.O.S. (vapour pressure at 50 °C more than 110 kPa)",adr_packing_instruction_P001,2,D/E,1989
adr_goods_1989_F1_3_274/640D_1L_P001/IBC02/R001_2,adr_class_3,F1,adr_label_3,1,uom.product_uom_litre,"ALDEHYDES, N.O.S. (vapour pressure at 50 °C not more than 110 kPa)","adr_packing_instruction_P001,adr_packing_instruction_IBC02,adr_packing_instruction_R001",2,D/E,1989
adr_goods_1989_F1_3_274_5L_P001/IBC03/LP01/R001_3,adr_class_3,F1,adr_label_3,5,uom.product_uom_litre,"ALDEHYDES, N.O.S.","adr_packing_instruction_P001,adr_packing_instruction_IBC03,adr_packing_instruction_LP01,adr_packing_instruction_R001",3,D/E,1989
adr_goods_1990,adr_class_9,M11,adr_label_9,5,uom.product_uom_litre,BENZALDEHYDE,"adr_packing_instruction_P001,adr_packing_instruction_IBC03,adr_packing_instruction_LP01,adr_packing_instruction_R001",3,E,1990
adr_goods_1991,adr_class_3,FT1,"adr_label_3,adr_label_6_1",,,"CHLOROPRENE, STABILIZED",adr_packing_instruction_P001,1,C/E,1991
adr_goods_1992,adr_class_3,FT1,"adr_label_3,adr_label_6_1",,,"FLAMMABLE LIQUID, TOXIC, N.O.S.",adr_packing_instruction_P001,1,C/E,1992
adr_goods_1992_1L,adr_class_3,FT1,"adr_label_3,adr_label_6_1",1,uom.product_uom_litre,"FLAMMABLE LIQUID, TOXIC, N.O.S.","adr_packing_instruction_P001,adr_packing_instruction_IBC02",2,D/E,1992
adr_goods_1992_5L,adr_class_3,FT1,"adr_label_3,adr_label_6_1",5,uom.product_uom_litre,"FLAMMABLE LIQUID, TOXIC, N.O.S.","adr_packing_instruction_P001,adr_packing_instruction_IBC03,adr_packing_instruction_R001",3,D/E,1992
adr_goods_1993_F1_3_274_P001_1,adr_class_3,F1,adr_label_3,,,"FLAMMABLE LIQUID, N.O.S.",adr_packing_instruction_P001,1,D/E,1993
adr_goods_1993_F1_3_274/601/640C_1L_P001_2,adr_class_3,F1,adr_label_3,1,uom.product_uom_litre,"FLAMMABLE LIQUID, N.O.S. (vapour pressure at 50 °C more than 110 kPa)",adr_packing_instruction_P001,2,D/E,1993
adr_goods_1993_F1_3_274/601/640D_1L_P001/IBC02/R001_2,adr_class_3,F1,adr_label_3,1,uom.product_uom_litre,"FLAMMABLE LIQUID, N.O.S. (vapour pressure at 50 °C not more than 110 kPa)","adr_packing_instruction_P001,adr_packing_instruction_IBC02,adr_packing_instruction_R001",2,D/E,1993
adr_goods_1993_F1_3_274/601_5L_P001/IBC03/LP01/R001_3,adr_class_3,F1,adr_label_3,5,uom.product_uom_litre,"FLAMMABLE LIQUID, N.O.S.","adr_packing_instruction_P001,adr_packing_instruction_IBC03,adr_packing_instruction_LP01,adr_packing_instruction_R001",3,D/E,1993
adr_goods_1993_F1_3_274/601_5L_P001/R001_3,adr_class_3,F1,adr_label_3,5,uom.product_uom_litre,"FLAMMABLE LIQUID, N.O.S. (having a flash-point below 23 °C and viscous according to 2.2.3.1.4) (vapour pressure at 50 °C more than 110 kPa)","adr_packing_instruction_P001,adr_packing_instruction_R001",3,E,1993
adr_goods_1993_F1_3_274/601_5L_P001/IBC02/R001_3,adr_class_3,F1,adr_label_3,5,uom.product_uom_litre,"FLAMMABLE LIQUID, N.O.S. (having a flash-point below 23 °C and viscous according to 2.2.3.1.4) (vapour pressure at 50 °C not more than 110 kPa)","adr_packing_instruction_P001,adr_packing_instruction_IBC02,adr_packing_instruction_R001",3,E,1993
adr_goods_1994,adr_class_6_1,TF1,"adr_label_6_1,adr_label_3",,,IRON PENTACARBONYL,adr_packing_instruction_P601,1,C/D,1994
adr_goods_1999_F1_3_640C_5L_P001_2,adr_class_3,F1,adr_label_3,5,uom.product_uom_litre,"TARS, LIQUID, including road oils, and cutback bitumens (vapour pressure at 50 °C more than 110 kPa)",adr_packing_instruction_P001,2,D/E,1999
adr_goods_1999_F1_3_640D_5L_P001/IBC02/R001_2,adr_class_3,F1,adr_label_3,5,uom.product_uom_litre,"TARS, LIQUID, including road oils, and cutback bitumens (vapour pressure at 50 °C not more than 110 kPa)","adr_packing_instruction_P001,adr_packing_instruction_IBC02,adr_packing_instruction_R001",2,D/E,1999
adr_goods_1999_F1_3_5L_P001/IBC03/LP01/R001_3,adr_class_3,F1,adr_label_3,5,uom.product_uom_litre,"TARS, LIQUID, including road oils, and cutback bitumens","adr_packing_instruction_P001,adr_packing_instruction_IBC03,adr_packing_instruction_LP01,adr_packing_instruction_R001",3,D/E,1999
adr_goods_1999_F1_3_5L_P001/R001_3,adr_class_3,F1,adr_label_3,5,uom.product_uom_litre,"TARS, LIQUID, including road oils, and cutback bitumens (having a flash-point below 23 °C and viscous according to 2.2.3.1.4) (vapour pressure at 50 °C more than 110 kPa)","adr_packing_instruction_P001,adr_packing_instruction_R001",3,E,1999
adr_goods_1999_F1_3_5L_P001/IBC02/R001_3,adr_class_3,F1,adr_label_3,5,uom.product_uom_litre,"TARS, LIQUID, including road oils, and cutback bitumens (having a flash-point below 23 °C and viscous according to 2.2.3.1.4)  (vapour pressure at 50 °C not more than 110 kPa)","adr_packing_instruction_P001,adr_packing_instruction_IBC02,adr_packing_instruction_R001",3,E,1999
adr_goods_2000,adr_class_4_1,F1,adr_label_4_1,5,uom.product_uom_kgm,"CELLULOID in block, rods, rolls, sheets, tubes, etc., except scrap","adr_packing_instruction_P002,adr_packing_instruction_LP02,adr_packing_instruction_R001",3,E,2000
adr_goods_2001,adr_class_4_1,F3,adr_label_4_1,5,uom.product_uom_kgm,"COBALT NAPHTHENATES, POWDER","adr_packing_instruction_P002,adr_packing_instruction_IBC08,adr_packing_instruction_LP02,adr_packing_instruction_R001",3,E,2001
adr_goods_2002,adr_class_4_2,S2,adr_label_4_2,,,"CELLULOID, SCRAP","adr_packing_instruction_P002,adr_packing_instruction_IBC08,adr_packing_instruction_LP02,adr_packing_instruction_R001",3,E,2002
adr_goods_2004,adr_class_4_2,S4,adr_label_4_2,,,MAGNESIUM DIAMIDE,"adr_packing_instruction_P410,adr_packing_instruction_IBC06",2,D/E,2004
adr_goods_2006,adr_class_4_2,S2,adr_label_4_2,,,"PLASTICS, NITROCELLULOSE-BASED, SELF-HEATING, N.O.S.","adr_packing_instruction_P002,adr_packing_instruction_R001",3,E,2006
adr_goods_2008_S4_4dot2_524/540_P404_0,adr_class_4_2,S4,adr_label_4_2,,,"ZIRCONIUM POWDER, DRY",adr_packing_instruction_P404,0,B/E,2008
adr_goods_2008_S4_4dot2_524/540_P410/IBC06_2,adr_class_4_2,S4,adr_label_4_2,,,"ZIRCONIUM POWDER, DRY","adr_packing_instruction_P410,adr_packing_instruction_IBC06",2,D/E,2008
adr_goods_2008_S4_4dot2_524/540_P002/IBC08/LP02/R001_3,adr_class_4_2,S4,adr_label_4_2,,,"ZIRCONIUM POWDER, DRY","adr_packing_instruction_P002,adr_packing_instruction_IBC08,adr_packing_instruction_LP02,adr_packing_instruction_R001",3,E,2008
adr_goods_2009,adr_class_4_2,S4,adr_label_4_2,,,"ZIRCONIUM, DRY, finished sheets, strip or coiled wire","adr_packing_instruction_P002,adr_packing_instruction_LP02,adr_packing_instruction_R001",3,E,2009
adr_goods_2010,adr_class_4_3,W2,adr_label_4_3,,,MAGNESIUM HYDRIDE,adr_packing_instruction_P403,1,E,2010
adr_goods_2011,adr_class_4_3,WT2,"adr_label_4_3,adr_label_6_1",,,MAGNESIUM PHOSPHIDE,adr_packing_instruction_P403,1,E,2011
adr_goods_2012,adr_class_4_3,WT2,"adr_label_4_3,adr_label_6_1",,,POTASSIUM PHOSPHIDE,adr_packing_instruction_P403,1,E,2012
adr_goods_2013,adr_class_4_3,WT2,"adr_label_4_3,adr_label_6_1",,,STRONTIUM PHOSPHIDE,adr_packing_instruction_P403,1,E,2013
adr_goods_2014,adr_class_5_1,OC1,"adr_label_5_1,adr_label_8",1,uom.product_uom_litre,"HYDROGEN PEROXIDE, AQUEOUS SOLUTION with not less than 20% but not more than 60% hydrogen peroxide (stabilized as necessary)","adr_packing_instruction_P504,adr_packing_instruction_IBC02",2,E,2014
adr_goods_2015_OC1_5dot1/8_640O_P501_1,adr_class_5_1,OC1,"adr_label_5_1,adr_label_8",,,"HYDROGEN PEROXIDE, AQUEOUS SOLUTION, STABILIZED with more than 70% hydrogen peroxide",adr_packing_instruction_P501,1,B/E,2015
adr_goods_2015_OC1_5dot1/8_640N_P501_1,adr_class_5_1,OC1,"adr_label_5_1,adr_label_8",,,"HYDROGEN PEROXIDE, AQUEOUS SOLUTION, STABILIZED with more than 60% hydrogen peroxide and not more than 70% hydrogen peroxide",adr_packing_instruction_P501,1,B/E,2015
adr_goods_2016,adr_class_6_1,T2,adr_label_6_1,,,"AMMUNITION, TOXIC, NON-EXPLOSIVE without burster or expelling charge, non-fuzed",adr_packing_instruction_P600,2,E,2016
adr_goods_2017,adr_class_6_1,TC2,"adr_label_6_1,adr_label_8",,,"AMMUNITION, TEAR-PRODUCING, NON-EXPLOSIVE without burster or expelling charge, non-fuzed",adr_packing_instruction_P600,2,E,2017
adr_goods_2018,adr_class_6_1,T2,adr_label_6_1,500,uom.product_uom_gram,"CHLOROANILINES, SOLID","adr_packing_instruction_P002,adr_packing_instruction_IBC08",2,D/E,2018
adr_goods_2019,adr_class_6_1,T1,adr_label_6_1,100,uom.product_uom_milliliter,"CHLOROANILINES, LIQUID","adr_packing_instruction_P001,adr_packing_instruction_IBC02",2,D/E,2019
adr_goods_2020,adr_class_6_1,T2,adr_label_6_1,5,uom.product_uom_kgm,"CHLOROPHENOLS, SOLID","adr_packing_instruction_P002,adr_packing_instruction_IBC08,adr_packing_instruction_LP02,adr_packing_instruction_R001",2,E,2020
adr_goods_2021,adr_class_6_1,T1,adr_label_6_1,5,uom.product_uom_litre,"CHLOROPHENOLS, LIQUID","adr_packing_instruction_P001,adr_packing_instruction_IBC03,adr_packing_instruction_LP01,adr_packing_instruction_R001",2,E,2021
adr_goods_2022,adr_class_6_1,TC1,"adr_label_6_1,adr_label_8",100,uom.product_uom_milliliter,CRESYLIC ACID,"adr_packing_instruction_P001,adr_packing_instruction_IBC02",2,D/E,2022
adr_goods_2023,adr_class_6_1,TF1,"adr_label_6_1,adr_label_3",100,uom.product_uom_milliliter,EPICHLOROHYDRIN,"adr_packing_instruction_P001,adr_packing_instruction_IBC02",2,D/E,2023
adr_goods_2024,adr_class_6_1,T4,adr_label_6_1,,,"MERCURY COMPOUND, LIQUID, N.O.S.",adr_packing_instruction_P001,1,C/E,2024
adr_goods_2024_100ml,adr_class_6_1,T4,adr_label_6_1,100,uom.product_uom_milliliter,"MERCURY COMPOUND, LIQUID, N.O.S.","adr_packing_instruction_P001,adr_packing_instruction_IBC02",2,D/E,2024
adr_goods_2024_5L,adr_class_6_1,T4,adr_label_6_1,5,uom.product_uom_litre,"MERCURY COMPOUND, LIQUID, N.O.S.","adr_packing_instruction_P001,adr_packing_instruction_IBC03,adr_packing_instruction_LP01,adr_packing_instruction_R001",2,E,2024
adr_goods_2025,adr_class_6_1,T5,adr_label_6_1,,,"MERCURY COMPOUND, SOLID, N.O.S.","adr_packing_instruction_P002,adr_packing_instruction_IBC07",1,C/E,2025
adr_goods_2025_500g,adr_class_6_1,T5,adr_label_6_1,500,uom.product_uom_gram,"MERCURY COMPOUND, SOLID, N.O.S.","adr_packing_instruction_P002,adr_packing_instruction_IBC08",2,D/E,2025
adr_goods_2025_5kg,adr_class_6_1,T5,adr_label_6_1,5,uom.product_uom_kgm,"MERCURY COMPOUND, SOLID, N.O.S.","adr_packing_instruction_P002,adr_packing_instruction_IBC08,adr_packing_instruction_LP02,adr_packing_instruction_R001",2,E,2025
adr_goods_2026,adr_class_6_1,T3,adr_label_6_1,,,"PHENYLMERCURIC COMPOUND, N.O.S.","adr_packing_instruction_P002,adr_packing_instruction_IBC07",1,C/E,2026
adr_goods_2026_500g,adr_class_6_1,T3,adr_label_6_1,500,uom.product_uom_gram,"PHENYLMERCURIC COMPOUND, N.O.S.","adr_packing_instruction_P002,adr_packing_instruction_IBC08",2,D/E,2026
adr_goods_2026_5kg,adr_class_6_1,T3,adr_label_6_1,5,uom.product_uom_kgm,"PHENYLMERCURIC COMPOUND, N.O.S.","adr_packing_instruction_P002,adr_packing_instruction_IBC08,adr_packing_instruction_LP02,adr_packing_instruction_R001",2,E,2026
adr_goods_2027,adr_class_6_1,T5,adr_label_6_1,500,uom.product_uom_gram,"SODIUM ARSENITE, SOLID","adr_packing_instruction_P002,adr_packing_instruction_IBC08",2,D/E,2027
adr_goods_2028,adr_class_8,C11,adr_label_8,,,"BOMBS, SMOKE, NON-EXPLOSIVE with corrosive liquid, without initiating device",adr_packing_instruction_P803,2,E,2028
adr_goods_2029,adr_class_8,CFT,"adr_label_8,adr_label_3,adr_label_6_1",,,"HYDRAZINE, ANHYDROUS",adr_packing_instruction_P001,1,E,2029
adr_goods_2030,adr_class_8,CT1,"adr_label_8,adr_label_6_1",,,"HYDRAZINE AQUEOUS SOLUTION, with more than 37% hydrazine by mass",adr_packing_instruction_P001,1,C/D,2030
adr_goods_2030_1L,adr_class_8,CT1,"adr_label_8,adr_label_6_1",1,uom.product_uom_litre,"HYDRAZINE AQUEOUS SOLUTION, with more than 37% hydrazine by mass","adr_packing_instruction_P001,adr_packing_instruction_IBC02",2,E,2030
adr_goods_2030_5L,adr_class_8,CT1,"adr_label_8,adr_label_6_1",5,uom.product_uom_litre,"HYDRAZINE AQUEOUS SOLUTION, with more than 37% hydrazine by mass","adr_packing_instruction_P001,adr_packing_instruction_IBC03,adr_packing_instruction_LP01,adr_packing_instruction_R001",3,E,2030
adr_goods_2031_CO1_8/5dot1_P001_1,adr_class_8,CO1,"adr_label_8,adr_label_5_1",,,"NITRIC ACID, other than red fuming, with more than 70% nitric acid",adr_packing_instruction_P001,1,E,2031
adr_goods_2031_CO1_8/5dot1_1L_P001/IBC02_2,adr_class_8,CO1,"adr_label_8,adr_label_5_1",1,uom.product_uom_litre,"NITRIC ACID, other than red fuming, with at least 65%, but not more than 70% nitric acid","adr_packing_instruction_P001,adr_packing_instruction_IBC02",2,E,2031
adr_goods_2031_C1_8_1L_P001/IBC02_2,adr_class_8,C1,adr_label_8,1,uom.product_uom_litre,"NITRIC ACID, other than red fuming, with less than 65% nitric acid","adr_packing_instruction_P001,adr_packing_instruction_IBC02",2,E,2031
adr_goods_2032,adr_class_8,COT,"adr_label_8,adr_label_5_1,adr_label_6_1",,,"NITRIC ACID, RED FUMING",adr_packing_instruction_P602,1,C/D,2032
adr_goods_2033,adr_class_8,C6,adr_label_8,1,uom.product_uom_kgm,POTASSIUM MONOXIDE,"adr_packing_instruction_P002,adr_packing_instruction_IBC08",2,E,2033
adr_goods_2034,adr_class_2,1F,adr_label_2_1,,,"HYDROGEN AND METHANE MIXTURE, COMPRESSED",adr_packing_instruction_P200,2,B/D,2034
adr_goods_2035,adr_class_2,2F,adr_label_2_1,,,"1,1,1-TRIFLUOROETHANE (REFRIGERANT GAS R 143a)",adr_packing_instruction_P200,2,B/D,2035
adr_goods_2036,adr_class_2,2A,adr_label_2_2,120,uom.product_uom_milliliter,XENON,adr_packing_instruction_P200,3,C/E,2036
adr_goods_2037_5A_2dot2_191/303/344_1L_P003_3,adr_class_2,5A,adr_label_2_2,1,uom.product_uom_litre,"RECEPTACLES, SMALL, CONTAINING GAS (GAS CARTRIDGES) without a release device, non-refillable",adr_packing_instruction_P003,3,E,2037
adr_goods_2037_5F_2dot1_191/303/344_1L_P003_2,adr_class_2,5F,adr_label_2_1,1,uom.product_uom_litre,"RECEPTACLES, SMALL, CONTAINING GAS (GAS CARTRIDGES) without a release device, non-refillable",adr_packing_instruction_P003,2,D,2037
adr_goods_2037_5O_2dot2/5dot1_191/303/344_1L_P003_3,adr_class_2,5O,"adr_label_2_2,adr_label_5_1",1,uom.product_uom_litre,"RECEPTACLES, SMALL, CONTAINING GAS (GAS CARTRIDGES) without a release device, non-refillable",adr_packing_instruction_P003,3,E,2037
adr_goods_2037_5T_2dot3_303/344_120ml_P003_1,adr_class_2,5T,adr_label_2_3,120,uom.product_uom_milliliter,"RECEPTACLES, SMALL, CONTAINING GAS (GAS CARTRIDGES) without a release device, non-refillable",adr_packing_instruction_P003,1,D,2037
adr_goods_2037_5TC_2dot3/8_303/344_120ml_P003_1,adr_class_2,5TC,"adr_label_2_3,adr_label_8",120,uom.product_uom_milliliter,"RECEPTACLES, SMALL, CONTAINING GAS (GAS CARTRIDGES) without a release device, non-refillable",adr_packing_instruction_P003,1,D,2037
adr_goods_2037_5TF_2dot3/2dot1_303/344_120ml_P003_1,adr_class_2,5TF,"adr_label_2_3,adr_label_2_1",120,uom.product_uom_milliliter,"RECEPTACLES, SMALL, CONTAINING GAS (GAS CARTRIDGES) without a release device, non-refillable",adr_packing_instruction_P003,1,D,2037
adr_goods_2037_5TFC_2dot3/2dot1/8_303/344_120ml_P003_1,adr_class_2,5TFC,"adr_label_2_3,adr_label_2_1,adr_label_8",120,uom.product_uom_milliliter,"RECEPTACLES, SMALL, CONTAINING GAS (GAS CARTRIDGES) without a release device, non-refillable",adr_packing_instruction_P003,1,D,2037
adr_goods_2037_5TO_2dot3/5dot1_303/344_120ml_P003_1,adr_class_2,5TO,"adr_label_2_3,adr_label_5_1",120,uom.product_uom_milliliter,"RECEPTACLES, SMALL, CONTAINING GAS (GAS CARTRIDGES) without a release device, non-refillable",adr_packing_instruction_P003,1,D,2037
adr_goods_2037_5TOC_2dot3/5dot1/8_303/344_120ml_P003_1,adr_class_2,5TOC,"adr_label_2_3,adr_label_5_1,adr_label_8",120,uom.product_uom_milliliter,"RECEPTACLES, SMALL, CONTAINING GAS (GAS CARTRIDGES) without a release device, non-refillable",adr_packing_instruction_P003,1,D,2037
adr_goods_2038,adr_class_6_1,T1,adr_label_6_1,100,uom.product_uom_milliliter,"DINITROTOLUENES, LIQUID","adr_packing_instruction_P001,adr_packing_instruction_IBC02",2,D/E,2038
adr_goods_2044,adr_class_2,2F,adr_label_2_1,,,"2,2-DIMETHYLPROPANE",adr_packing_instruction_P200,2,B/D,2044
adr_goods_2045,adr_class_3,F1,adr_label_3,1,uom.product_uom_litre,ISOBUTYRALDEHYDE (ISOBUTYL ALDEHYDE),"adr_packing_instruction_P001,adr_packing_instruction_IBC02,adr_packing_instruction_R001",2,D/E,2045
adr_goods_2046,adr_class_3,F1,adr_label_3,5,uom.product_uom_litre,CYMENES,"adr_packing_instruction_P001,adr_packing_instruction_IBC03,adr_packing_instruction_LP01,adr_packing_instruction_R001",3,D/E,2046
adr_goods_2047_1L,adr_class_3,F1,adr_label_3,1,uom.product_uom_litre,DICHLOROPROPENES,"adr_packing_instruction_P001,adr_packing_instruction_IBC02,adr_packing_instruction_R001",2,D/E,2047
adr_goods_2047_5L,adr_class_3,F1,adr_label_3,5,uom.product_uom_litre,DICHLOROPROPENES,"adr_packing_instruction_P001,adr_packing_instruction_IBC03,adr_packing_instruction_LP01,adr_packing_instruction_R001",3,D/E,2047
adr_goods_2048,adr_class_3,F1,adr_label_3,5,uom.product_uom_litre,DICYCLOPENTADIENE,"adr_packing_instruction_P001,adr_packing_instruction_IBC03,adr_packing_instruction_LP01,adr_packing_instruction_R001",3,D/E,2048
adr_goods_2049,adr_class_3,F1,adr_label_3,5,uom.product_uom_litre,DIETHYLBENZENE,"adr_packing_instruction_P001,adr_packing_instruction_IBC03,adr_packing_instruction_LP01,adr_packing_instruction_R001",3,D/E,2049
adr_goods_2050,adr_class_3,F1,adr_label_3,1,uom.product_uom_litre,"DIISOBUTYLENE, ISOMERIC COMPOUNDS","adr_packing_instruction_P001,adr_packing_instruction_IBC02,adr_packing_instruction_R001",2,D/E,2050
adr_goods_2051,adr_class_8,CF1,"adr_label_8,adr_label_3",1,uom.product_uom_litre,2-DIMETHYLAMINO-ETHANOL,"adr_packing_instruction_P001,adr_packing_instruction_IBC02",2,D/E,2051
adr_goods_2052,adr_class_3,F1,adr_label_3,5,uom.product_uom_litre,DIPENTENE,"adr_packing_instruction_P001,adr_packing_instruction_IBC03,adr_packing_instruction_LP01,adr_packing_instruction_R001",3,D/E,2052
adr_goods_2053,adr_class_3,F1,adr_label_3,5,uom.product_uom_litre,METHYL ISOBUTYL CARBINOL,"adr_packing_instruction_P001,adr_packing_instruction_IBC03,adr_packing_instruction_LP01,adr_packing_instruction_R001",3,D/E,2053
adr_goods_2054,adr_class_8,CF1,"adr_label_8,adr_label_3",,,MORPHOLINE,adr_packing_instruction_P001,1,D/E,2054
adr_goods_2055,adr_class_3,F1,adr_label_3,5,uom.product_uom_litre,"STYRENE MONOMER, STABILIZED","adr_packing_instruction_P001,adr_packing_instruction_IBC03,adr_packing_instruction_LP01,adr_packing_instruction_R001",3,D/E,2055
adr_goods_2056,adr_class_3,F1,adr_label_3,1,uom.product_uom_litre,TETRAHYDROFURAN,"adr_packing_instruction_P001,adr_packing_instruction_IBC02,adr_packing_instruction_R001",2,D/E,2056
adr_goods_2057_1L,adr_class_3,F1,adr_label_3,1,uom.product_uom_litre,TRIPROPYLENE,"adr_packing_instruction_P001,adr_packing_instruction_IBC02,adr_packing_instruction_R001",2,D/E,2057
adr_goods_2057_5L,adr_class_3,F1,adr_label_3,5,uom.product_uom_litre,TRIPROPYLENE,"adr_packing_instruction_P001,adr_packing_instruction_IBC03,adr_packing_instruction_LP01,adr_packing_instruction_R001",3,D/E,2057
adr_goods_2058,adr_class_3,F1,adr_label_3,1,uom.product_uom_litre,VALERALDEHYDE,"adr_packing_instruction_P001,adr_packing_instruction_IBC02,adr_packing_instruction_R001",2,D/E,2058
adr_goods_2059_D_3_198/531_P001_1,adr_class_3,D,adr_label_3,,,"NITROCELLULOSE SOLUTION, FLAMMABLE with not more than 12.6% nitrogen, by dry mass, and not more than 55% nitrocellulose",adr_packing_instruction_P001,1,B,2059
adr_goods_2059_D_3_198/531/640C_1L_P001/IBC02_2,adr_class_3,D,adr_label_3,1,uom.product_uom_litre,"NITROCELLULOSE SOLUTION, FLAMMABLE with not more than 12.6% nitrogen, by dry mass, and not more than 55% nitrocellulose (vapour pressure at 50 °C more than 110 kPa)","adr_packing_instruction_P001,adr_packing_instruction_IBC02",2,B,2059
adr_goods_2059_D_3_198/531/640D_1L_P001/IBC02/R001_2,adr_class_3,D,adr_label_3,1,uom.product_uom_litre,"NITROCELLULOSE SOLUTION, FLAMMABLE with not more than 12.6% nitrogen, by dry mass, and not more than 55% nitrocellulose (vapour pressure at 50 °C not more than 110 kPa)","adr_packing_instruction_P001,adr_packing_instruction_IBC02,adr_packing_instruction_R001",2,B,2059
adr_goods_2059_D_3_198/531_5L_P001/IBC03/LP01/R001_3,adr_class_3,D,adr_label_3,5,uom.product_uom_litre,"NITROCELLULOSE SOLUTION, FLAMMABLE with not more than 12.6% nitrogen, by dry mass, and not more than 55% nitrocellulose","adr_packing_instruction_P001,adr_packing_instruction_IBC03,adr_packing_instruction_LP01,adr_packing_instruction_R001",3,B,2059
adr_goods_2067,adr_class_5_1,O2,adr_label_5_1,5,uom.product_uom_kgm,AMMONIUM NITRATE BASED FERTILIZER,"adr_packing_instruction_P002,adr_packing_instruction_IBC08,adr_packing_instruction_LP02,adr_packing_instruction_R001",3,E,2067
adr_goods_2071,adr_class_9,M11,,,,"AMMONIUM NITRATE BASED FERTILIZER, uniform mixtures of the nitrogen/phosphate, nitrogen/potash or nitrogen/phosphate/potash type, containing not more than 70% ammonium nitrate and not more than 0.4% total combustible/organic material calculated as carbon or with not more than 45% ammonium nitrate and unrestricted combustible material",,-,-,2071
adr_goods_2073,adr_class_2,4A,adr_label_2_2,120,uom.product_uom_milliliter,"AMMONIA SOLUTION, relative density less than 0.880 at 15  °C  in water, with more than 35% but not more than 50% ammonia",adr_packing_instruction_P200,3,E,2073
adr_goods_2074,adr_class_6_1,T2,adr_label_6_1,5,uom.product_uom_kgm,"ACRYLAMIDE, SOLID","adr_packing_instruction_P002,adr_packing_instruction_IBC08,adr_packing_instruction_LP02,adr_packing_instruction_R001",2,E,2074
adr_goods_2075,adr_class_6_1,T1,adr_label_6_1,100,uom.product_uom_milliliter,"CHLORAL, ANHYDROUS, STABILIZED","adr_packing_instruction_P001,adr_packing_instruction_IBC02",2,D/E,2075
adr_goods_2076,adr_class_6_1,TC1,"adr_label_6_1,adr_label_8",100,uom.product_uom_milliliter,"CRESOLS, LIQUID","adr_packing_instruction_P001,adr_packing_instruction_IBC02",2,D/E,2076
adr_goods_2077,adr_class_6_1,T2,adr_label_6_1,5,uom.product_uom_kgm,alpha-NAPHTHYLAMINE,"adr_packing_instruction_P002,adr_packing_instruction_IBC08,adr_packing_instruction_LP02,adr_packing_instruction_R001",2,E,2077
adr_goods_2078,adr_class_6_1,T1,adr_label_6_1,100,uom.product_uom_milliliter,TOLUENE DIISOCYANATE,"adr_packing_instruction_P001,adr_packing_instruction_IBC02",2,D/E,2078
adr_goods_2079,adr_class_8,C7,adr_label_8,1,uom.product_uom_litre,DIETHYLENETRIAMINE,"adr_packing_instruction_P001,adr_packing_instruction_IBC02",2,E,2079
adr_goods_2186,adr_class_2,3TC,,,,"HYDROGEN CHLORIDE, REFRIGERATED LIQUID",,CARRIAGE_PROHIBITED,CARRIAGE_PROHIBITED,2186
adr_goods_2187,adr_class_2,3A,adr_label_2_2,120,uom.product_uom_milliliter,"CARBON DIOXIDE, REFRIGERATED LIQUID",adr_packing_instruction_P203,3,C/E,2187
adr_goods_2188,adr_class_2,2TF,"adr_label_2_3,adr_label_2_1",,,ARSINE,adr_packing_instruction_P200,1,D,2188
adr_goods_2189,adr_class_2,2TFC,"adr_label_2_3,adr_label_2_1,adr_label_8",,,DICHLOROSILANE,adr_packing_instruction_P200,1,B/D,2189
adr_goods_2190,adr_class_2,1TOC,"adr_label_2_3,adr_label_5_1,adr_label_8",,,"OXYGEN DIFLUORIDE, COMPRESSED",adr_packing_instruction_P200,1,D,2190
adr_goods_2191,adr_class_2,2T,adr_label_2_3,,,SULPHURYL FLUORIDE,adr_packing_instruction_P200,1,C/D,2191
adr_goods_2192,adr_class_2,2TF,"adr_label_2_3,adr_label_2_1",,,GERMANE,adr_packing_instruction_P200,1,B/D,2192
adr_goods_2193,adr_class_2,2A,adr_label_2_2,120,uom.product_uom_milliliter,HEXAFLUOROETHANE (REFRIGERANT GAS R 116),adr_packing_instruction_P200,3,C/E,2193
adr_goods_2194,adr_class_2,2TC,"adr_label_2_3,adr_label_8",,,SELENIUM HEXAFLUORIDE,adr_packing_instruction_P200,1,D,2194
adr_goods_2195,adr_class_2,2TC,"adr_label_2_3,adr_label_8",,,TELLURIUM HEXAFLUORIDE,adr_packing_instruction_P200,1,D,2195
adr_goods_2196,adr_class_2,2TC,"adr_label_2_3,adr_label_8",,,TUNGSTEN HEXAFLUORIDE,adr_packing_instruction_P200,1,D,2196
adr_goods_2197,adr_class_2,2TC,"adr_label_2_3,adr_label_8",,,"HYDROGEN IODIDE, ANHYDROUS",adr_packing_instruction_P200,1,C/D,2197
adr_goods_2198,adr_class_2,2TC,"adr_label_2_3,adr_label_8",,,PHOSPHORUS PENTAFLUORIDE,adr_packing_instruction_P200,1,D,2198
adr_goods_2199,adr_class_2,2TF,"adr_label_2_3,adr_label_2_1",,,PHOSPHINE,adr_packing_instruction_P200,1,D,2199
adr_goods_2200,adr_class_2,2F,adr_label_2_1,,,"PROPADIENE, STABILIZED",adr_packing_instruction_P200,2,B/D,2200
adr_goods_2201,adr_class_2,3O,"adr_label_2_2,adr_label_5_1",,,"NITROUS OXIDE, REFRIGERATED LIQUID",adr_packing_instruction_P203,3,C/E,2201
adr_goods_2202,adr_class_2,2TF,"adr_label_2_3,adr_label_2_1",,,"HYDROGEN SELENIDE, ANHYDROUS",adr_packing_instruction_P200,1,D,2202
adr_goods_2203,adr_class_2,2F,adr_label_2_1,,,SILANE,adr_packing_instruction_P200,2,B/D,2203
adr_goods_2204,adr_class_2,2TF,"adr_label_2_3,adr_label_2_1",,,CARBONYL SULPHIDE,adr_packing_instruction_P200,1,B/D,2204
adr_goods_2205,adr_class_6_1,T1,adr_label_6_1,5,uom.product_uom_litre,ADIPONITRILE,"adr_packing_instruction_P001,adr_packing_instruction_IBC03,adr_packing_instruction_LP01,adr_packing_instruction_R001",2,E,2205
adr_goods_2206_100ml,adr_class_6_1,T1,adr_label_6_1,100,uom.product_uom_milliliter,"ISOCYANATES, TOXIC, N.O.S. or ISOCYANATE SOLUTION, TOXIC, N.O.S.","adr_packing_instruction_P001,adr_packing_instruction_IBC02",2,D/E,2206
adr_goods_2206_5L,adr_class_6_1,T1,adr_label_6_1,5,uom.product_uom_litre,"ISOCYANATES, TOXIC, N.O.S. or ISOCYANATE SOLUTION, TOXIC, N.O.S.","adr_packing_instruction_P001,adr_packing_instruction_IBC03,adr_packing_instruction_LP01,adr_packing_instruction_R001",2,E,2206
adr_goods_2208,adr_class_5_1,O2,adr_label_5_1,5,uom.product_uom_kgm,"CALCIUM HYPOCHLORITE MIXTURE, DRY with more than 10% but not more than 39% available chlorine","adr_packing_instruction_P002,adr_packing_instruction_IBC08,adr_packing_instruction_LP02,adr_packing_instruction_R001",3,E,2208
adr_goods_2209,adr_class_8,C9,adr_label_8,5,uom.product_uom_litre,FORMALDEHYDE SOLUTION with not less than 25% formaldehyde,"adr_packing_instruction_P001,adr_packing_instruction_IBC03,adr_packing_instruction_LP01,adr_packing_instruction_R001",3,E,2209
adr_goods_2210,adr_class_4_2,SW,"adr_label_4_2,adr_label_4_3",,,MANEB or MANEB PREPARATION with not less than 60% maneb,"adr_packing_instruction_P002,adr_packing_instruction_IBC06,adr_packing_instruction_R001",3,E,2210
adr_goods_2211,adr_class_9,M3,,5,uom.product_uom_kgm,"POLYMERIC BEADS, EXPANDABLE, evolving flammable vapour","adr_packing_instruction_P002,adr_packing_instruction_IBC08,adr_packing_instruction_R001",3,D/E,2211
adr_goods_2212,adr_class_9,M1,adr_label_9,1,uom.product_uom_kgm,"ASBESTOS, AMPHIBOLE (amosite, tremolite, actinolite, anthophyllite, crocidolite)","adr_packing_instruction_P002,adr_packing_instruction_IBC08",2,E,2212
adr_goods_2213,adr_class_4_1,F1,adr_label_4_1,5,uom.product_uom_kgm,PARAFORMALDEHYDE,"adr_packing_instruction_P002,adr_packing_instruction_IBC08,adr_packing_instruction_LP02,adr_packing_instruction_R001",3,E,2213
adr_goods_2214,adr_class_8,C4,adr_label_8,5,uom.product_uom_kgm,PHTHALIC ANHYDRIDE with more than 0.05% of maleic anhydride,"adr_packing_instruction_P002,adr_packing_instruction_IBC08,adr_packing_instruction_LP02,adr_packing_instruction_R001",3,E,2214
adr_goods_2215,adr_class_8,C3,adr_label_8,,,"MALEIC ANHYDRIDE, MOLTEN",,0,E,2215
adr_goods_2215_5kg,adr_class_8,C4,adr_label_8,5,uom.product_uom_kgm,MALEIC ANHYDRIDE,"adr_packing_instruction_P002,adr_packing_instruction_IBC08,adr_packing_instruction_R001",3,E,2215
adr_goods_2216,adr_class_9,M11,,,,"Fish meal (Fish scrap), stabilized",,NOT_SUBJECT_TO_ADR,NOT_SUBJECT_TO_ADR,2216
adr_goods_2217,adr_class_4_2,S2,adr_label_4_2,,,SEED CAKE with not more than 1.5% oil and not more than 11% moisture,"adr_packing_instruction_P002,adr_packing_instruction_IBC08,adr_packing_instruction_LP02,adr_packing_instruction_R001",3,E,2217
adr_goods_2218,adr_class_8,CF1,"adr_label_8,adr_label_3",1,uom.product_uom_litre,"ACRYLIC ACID, STABILIZED","adr_packing_instruction_P001,adr_packing_instruction_IBC02",2,D/E,2218
adr_goods_2219,adr_class_3,F1,adr_label_3,5,uom.product_uom_litre,ALLYL GLYCIDYL ETHER,"adr_packing_instruction_P001,adr_packing_instruction_IBC03,adr_packing_instruction_LP01,adr_packing_instruction_R001",3,D/E,2219
adr_goods_2222,adr_class_3,F1,adr_label_3,5,uom.product_uom_litre,ANISOLE,"adr_packing_instruction_P001,adr_packing_instruction_IBC03,adr_packing_instruction_LP01,adr_packing_instruction_R001",3,D/E,2222
adr_goods_2224,adr_class_6_1,T1,adr_label_6_1,100,uom.product_uom_milliliter,BENZONITRILE,"adr_packing_instruction_P001,adr_packing_instruction_IBC02",2,D/E,2224
adr_goods_2225,adr_class_8,C3,adr_label_8,5,uom.product_uom_litre,BENZENESULPHONYL CHLORIDE,"adr_packing_instruction_P001,adr_packing_instruction_IBC03,adr_packing_instruction_LP01,adr_packing_instruction_R001",3,E,2225
adr_goods_2226,adr_class_8,C9,adr_label_8,1,uom.product_uom_litre,BENZOTRICHLORIDE,"adr_packing_instruction_P001,adr_packing_instruction_IBC02",2,E,2226
adr_goods_2227,adr_class_3,F1,adr_label_3,5,uom.product_uom_litre,"n-BUTYL METHACRYLATE, STABILIZED","adr_packing_instruction_P001,adr_packing_instruction_IBC03,adr_packing_instruction_LP01,adr_packing_instruction_R001",3,D/E,2227
adr_goods_2232,adr_class_6_1,T1,adr_label_6_1,,,2-CHLOROETHANAL,adr_packing_instruction_P602,1,C/D,2232
adr_goods_2233,adr_class_6_1,T2,adr_label_6_1,5,uom.product_uom_kgm,CHLOROANISIDINES,"adr_packing_instruction_P002,adr_packing_instruction_IBC08,adr_packing_instruction_LP02,adr_packing_instruction_R001",2,E,2233
adr_goods_2234,adr_class_3,F1,adr_label_3,5,uom.product_uom_litre,CHLOROBENZOTRI-FLUORIDES,"adr_packing_instruction_P001,adr_packing_instruction_IBC03,adr_packing_instruction_LP01,adr_packing_instruction_R001",3,D/E,2234
adr_goods_2235,adr_class_6_1,T1,adr_label_6_1,5,uom.product_uom_litre,"CHLOROBENZYL CHLORIDES, LIQUID","adr_packing_instruction_P001,adr_packing_instruction_IBC03,adr_packing_instruction_LP01,adr_packing_instruction_R001",2,E,2235
adr_goods_2236,adr_class_6_1,T1,adr_label_6_1,100,uom.product_uom_milliliter,"3-CHLORO-4-METHYLPHENYL ISOCYANATE, LIQUID","adr_packing_instruction_P001,adr_packing_instruction_IBC02",2,D/E,2236
adr_goods_2237,adr_class_6_1,T2,adr_label_6_1,5,uom.product_uom_kgm,CHLORONITROANILINES,"adr_packing_instruction_P002,adr_packing_instruction_IBC08,adr_packing_instruction_LP02,adr_packing_instruction_R001",2,E,2237
adr_goods_2238,adr_class_3,F1,adr_label_3,5,uom.product_uom_litre,CHLOROTOLUENES,"adr_packing_instruction_P001,adr_packing_instruction_IBC03,adr_packing_instruction_LP01,adr_packing_instruction_R001",3,D/E,2238
adr_goods_2239,adr_class_6_1,T2,adr_label_6_1,5,uom.product_uom_kgm,"CHLOROTOLUIDINES, SOLID","adr_packing_instruction_P002,adr_packing_instruction_IBC08,adr_packing_instruction_LP02,adr_packing_instruction_R001",2,E,2239
adr_goods_2240,adr_class_8,C1,adr_label_8,,,CHROMOSULPHURIC ACID,adr_packing_instruction_P001,1,E,2240
adr_goods_2241,adr_class_3,F1,adr_label_3,1,uom.product_uom_litre,CYCLOHEPTANE,"adr_packing_instruction_P001,adr_packing_instruction_IBC02,adr_packing_instruction_R001",2,D/E,2241
adr_goods_2242,adr_class_3,F1,adr_label_3,1,uom.product_uom_litre,CYCLOHEPTENE,"adr_packing_instruction_P001,adr_packing_instruction_IBC02,adr_packing_instruction_R001",2,D/E,2242
adr_goods_2243,adr_class_3,F1,adr_label_3,5,uom.product_uom_litre,CYCLOHEXYL ACETATE,"adr_packing_instruction_P001,adr_packing_instruction_IBC03,adr_packing_instruction_LP01,adr_packing_instruction_R001",3,D/E,2243
adr_goods_2244,adr_class_3,F1,adr_label_3,5,uom.product_uom_litre,CYCLOPENTANOL,"adr_packing_instruction_P001,adr_packing_instruction_IBC03,adr_packing_instruction_LP01,adr_packing_instruction_R001",3,D/E,2244
adr_goods_2245,adr_class_3,F1,adr_label_3,5,uom.product_uom_litre,CYCLOPENTANONE,"adr_packing_instruction_P001,adr_packing_instruction_IBC03,adr_packing_instruction_LP01,adr_packing_instruction_R001",3,D/E,2245
adr_goods_2246,adr_class_3,F1,adr_label_3,1,uom.product_uom_litre,CYCLOPENTENE,"adr_packing_instruction_P001,adr_packing_instruction_IBC02",2,D/E,2246
adr_goods_2247,adr_class_3,F1,adr_label_3,5,uom.product_uom_litre,n-DECANE,"adr_packing_instruction_P001,adr_packing_instruction_IBC03,adr_packing_instruction_LP01,adr_packing_instruction_R001",3,D/E,2247
adr_goods_2248,adr_class_8,CF1,"adr_label_8,adr_label_3",1,uom.product_uom_litre,DI-n-BUTYLAMINE,"adr_packing_instruction_P001,adr_packing_instruction_IBC02",2,D/E,2248
adr_goods_2249,adr_class_6_1,TF1,,,,"DICHLORODIMETHYL ETHER, SYMMETRICAL",,CARRIAGE_PROHIBITED,CARRIAGE_PROHIBITED,2249
adr_goods_2250,adr_class_6_1,T2,adr_label_6_1,500,uom.product_uom_gram,DICHLOROPHENYL ISOCYANATES,"adr_packing_instruction_P002,adr_packing_instruction_IBC08",2,D/E,2250
adr_goods_2251,adr_class_3,F1,adr_label_3,1,uom.product_uom_litre,"BICYCLO[2.2.1]HEPTA-2,5-DIENE, STABILIZED (2,5-NORBORNADIENE, STABILIZED)","adr_packing_instruction_P001,adr_packing_instruction_IBC02,adr_packing_instruction_R001",2,D/E,2251
adr_goods_2252,adr_class_3,F1,adr_label_3,1,uom.product_uom_litre,"1,2-DIMETHOXYETHANE","adr_packing_instruction_P001,adr_packing_instruction_IBC02,adr_packing_instruction_R001",2,D/E,2252
adr_goods_2253,adr_class_6_1,T1,adr_label_6_1,100,uom.product_uom_milliliter,"N,N-DIMETHYLANILINE","adr_packing_instruction_P001,adr_packing_instruction_IBC02",2,D/E,2253
adr_goods_2254,adr_class_4_1,F1,adr_label_4_1,5,uom.product_uom_kgm,"MATCHES, FUSEE","adr_packing_instruction_P407,adr_packing_instruction_R001",4,E,2254
adr_goods_2256,adr_class_3,F1,adr_label_3,1,uom.product_uom_litre,CYCLOHEXENE,"adr_packing_instruction_P001,adr_packing_instruction_IBC02,adr_packing_instruction_R001",2,D/E,2256
adr_goods_2257,adr_class_4_3,W2,adr_label_4_3,,,POTASSIUM,"adr_packing_instruction_P403,adr_packing_instruction_IBC04",1,B/E,2257
adr_goods_2258,adr_class_8,CF1,"adr_label_8,adr_label_3",1,uom.product_uom_litre,"1,2-PROPYLENEDIAMINE","adr_packing_instruction_P001,adr_packing_instruction_IBC02",2,D/E,2258
adr_goods_2259,adr_class_8,C7,adr_label_8,1,uom.product_uom_litre,TRIETHYLENETETRAMINE,"adr_packing_instruction_P001,adr_packing_instruction_IBC02",2,E,2259
adr_goods_2260,adr_class_3,FC,"adr_label_3,adr_label_8",5,uom.product_uom_litre,TRIPROPYLAMINE,"adr_packing_instruction_P001,adr_packing_instruction_IBC03,adr_packing_instruction_R001",3,D/E,2260
adr_goods_2261,adr_class_6_1,T2,adr_label_6_1,500,uom.product_uom_gram,"XYLENOLS, SOLID","adr_packing_instruction_P002,adr_packing_instruction_IBC08",2,D/E,2261
adr_goods_2262,adr_class_8,C3,adr_label_8,1,uom.product_uom_litre,DIMETHYLCARBAMOYL CHLORIDE,"adr_packing_instruction_P001,adr_packing_instruction_IBC02",2,E,2262
adr_goods_2263,adr_class_3,F1,adr_label_3,1,uom.product_uom_litre,DIMETHYL-CYCLOHEXANES,"adr_packing_instruction_P001,adr_packing_instruction_IBC02,adr_packing_instruction_R001",2,D/E,2263
adr_goods_2264,adr_class_8,CF1,"adr_label_8,adr_label_3",1,uom.product_uom_litre,"N,N-DIMETHYL-CYCLOHEXYLAMINE","adr_packing_instruction_P001,adr_packing_instruction_IBC02",2,D/E,2264
adr_goods_2265,adr_class_3,F1,adr_label_3,5,uom.product_uom_litre,"N,N-DIMETHYL-FORMAMIDE","adr_packing_instruction_P001,adr_packing_instruction_IBC03,adr_packing_instruction_LP01,adr_packing_instruction_R001",3,D/E,2265
adr_goods_2266,adr_class_3,FC,"adr_label_3,adr_label_8",1,uom.product_uom_litre,DIMETHYL-N-PROPYLAMINE,"adr_packing_instruction_P001,adr_packing_instruction_IBC02",2,D/E,2266
adr_goods_2267,adr_class_6_1,TC1,"adr_label_6_1,adr_label_8",100,uom.product_uom_milliliter,DIMETHYL THIOPHOSPHORYL CHLORIDE,"adr_packing_instruction_P001,adr_packing_instruction_IBC02",2,D/E,2267
adr_goods_2269,adr_class_8,C7,adr_label_8,5,uom.product_uom_litre,"3,3'-IMINODIPROPYLAMINE","adr_packing_instruction_P001,adr_packing_instruction_IBC03,adr_packing_instruction_LP01,adr_packing_instruction_R001",3,E,2269
adr_goods_2270,adr_class_3,FC,"adr_label_3,adr_label_8",1,uom.product_uom_litre,"ETHYLAMINE, AQUEOUS SOLUTION with not less than 50% but not more than 70% ethylamine","adr_packing_instruction_P001,adr_packing_instruction_IBC02",2,D/E,2270
adr_goods_2271,adr_class_3,F1,adr_label_3,5,uom.product_uom_litre,ETHYL AMYL KETONE,"adr_packing_instruction_P001,adr_packing_instruction_IBC03,adr_packing_instruction_LP01,adr_packing_instruction_R001",3,D/E,2271
adr_goods_2272,adr_class_6_1,T1,adr_label_6_1,5,uom.product_uom_litre,N-ETHYLANILINE,"adr_packing_instruction_P001,adr_packing_instruction_IBC03,adr_packing_instruction_LP01,adr_packing_instruction_R001",2,E,2272
adr_goods_2273,adr_class_6_1,T1,adr_label_6_1,5,uom.product_uom_litre,2-ETHYLANILINE,"adr_packing_instruction_P001,adr_packing_instruction_IBC03,adr_packing_instruction_LP01,adr_packing_instruction_R001",2,E,2273
adr_goods_2274,adr_class_6_1,T1,adr_label_6_1,5,uom.product_uom_litre,N-ETHYL-N-BENZYLANILINE,"adr_packing_instruction_P001,adr_packing_instruction_IBC03,adr_packing_instruction_LP01,adr_packing_instruction_R001",2,E,2274
adr_goods_2275,adr_class_3,F1,adr_label_3,5,uom.product_uom_litre,2-ETHYLBUTANOL,"adr_packing_instruction_P001,adr_packing_instruction_IBC03,adr_packing_instruction_LP01,adr_packing_instruction_R001",3,D/E,2275
adr_goods_2276,adr_class_3,FC,"adr_label_3,adr_label_8",5,uom.product_uom_litre,2-ETHYLHEXYLAMINE,"adr_packing_instruction_P001,adr_packing_instruction_IBC03,adr_packing_instruction_R001",3,D/E,2276
adr_goods_2277,adr_class_3,F1,adr_label_3,1,uom.product_uom_litre,"ETHYL METHACRYLATE, STABILIZED","adr_packing_instruction_P001,adr_packing_instruction_IBC02,adr_packing_instruction_R001",2,D/E,2277
adr_goods_2278,adr_class_3,F1,adr_label_3,1,uom.product_uom_litre,n-HEPTENE,"adr_packing_instruction_P001,adr_packing_instruction_IBC02,adr_packing_instruction_R001",2,D/E,2278
adr_goods_2279,adr_class_6_1,T1,adr_label_6_1,5,uom.product_uom_litre,HEXACHLOROBUTADIENE,"adr_packing_instruction_P001,adr_packing_instruction_IBC03,adr_packing_instruction_LP01,adr_packing_instruction_R001",2,E,2279
adr_goods_2280,adr_class_8,C8,adr_label_8,5,uom.product_uom_kgm,"HEXAMETHYLENE-DIAMINE, SOLID","adr_packing_instruction_P002,adr_packing_instruction_IBC08,adr_packing_instruction_LP02,adr_packing_instruction_R001",3,E,2280
adr_goods_2281,adr_class_6_1,T1,adr_label_6_1,100,uom.product_uom_milliliter,HEXAMETHYLENE DIISOCYANATE,"adr_packing_instruction_P001,adr_packing_instruction_IBC02",2,D/E,2281
adr_goods_2282,adr_class_3,F1,adr_label_3,5,uom.product_uom_litre,HEXANOLS,"adr_packing_instruction_P001,adr_packing_instruction_IBC03,adr_packing_instruction_LP01,adr_packing_instruction_R001",3,D/E,2282
adr_goods_2283,adr_class_3,F1,adr_label_3,5,uom.product_uom_litre,"ISOBUTYL METHACRYLATE, STABILIZED","adr_packing_instruction_P001,adr_packing_instruction_IBC03,adr_packing_instruction_LP01,adr_packing_instruction_R001",3,D/E,2283
adr_goods_2284,adr_class_3,FT1,"adr_label_3,adr_label_6_1",1,uom.product_uom_litre,ISOBUTYRONITRILE,"adr_packing_instruction_P001,adr_packing_instruction_IBC02",2,D/E,2284
adr_goods_2285,adr_class_6_1,TF1,"adr_label_6_1,adr_label_3",100,uom.product_uom_milliliter,ISOCYANATOBENZO-TRIFLUORIDES,"adr_packing_instruction_P001,adr_packing_instruction_IBC02",2,D/E,2285
adr_goods_2286,adr_class_3,F1,adr_label_3,5,uom.product_uom_litre,PENTAMETHYLHEPTANE,"adr_packing_instruction_P001,adr_packing_instruction_IBC03,adr_packing_instruction_LP01,adr_packing_instruction_R001",3,D/E,2286
adr_goods_2287,adr_class_3,F1,adr_label_3,1,uom.product_uom_litre,ISOHEPTENE,"adr_packing_instruction_P001,adr_packing_instruction_IBC02,adr_packing_instruction_R001",2,D/E,2287
adr_goods_2288,adr_class_3,F1,adr_label_3,1,uom.product_uom_litre,ISOHEXENE,"adr_packing_instruction_P001,adr_packing_instruction_IBC02,adr_packing_instruction_R001",2,D/E,2288
adr_goods_2289,adr_class_8,C7,adr_label_8,5,uom.product_uom_litre,ISOPHORONEDIAMINE,"adr_packing_instruction_P001,adr_packing_instruction_IBC03,adr_packing_instruction_LP01,adr_packing_instruction_R001",3,E,2289
adr_goods_2290,adr_class_6_1,T1,adr_label_6_1,5,uom.product_uom_litre,ISOPHORONE DIISOCYANATE,"adr_packing_instruction_P001,adr_packing_instruction_IBC03,adr_packing_instruction_LP01,adr_packing_instruction_R001",2,E,2290
adr_goods_2291,adr_class_6_1,T5,adr_label_6_1,5,uom.product_uom_kgm,"LEAD COMPOUND, SOLUBLE, N.O.S.","adr_packing_instruction_P002,adr_packing_instruction_IBC08,adr_packing_instruction_LP02,adr_packing_instruction_R001",2,E,2291
adr_goods_2293,adr_class_3,F1,adr_label_3,5,uom.product_uom_litre,4-METHOXY-4-METHYLPENTAN-2-ONE,"adr_packing_instruction_P001,adr_packing_instruction_IBC03,adr_packing_instruction_LP01,adr_packing_instruction_R001",3,D/E,2293
adr_goods_2294,adr_class_6_1,T1,adr_label_6_1,5,uom.product_uom_litre,N-METHYLANILINE,"adr_packing_instruction_P001,adr_packing_instruction_IBC03,adr_packing_instruction_LP01,adr_packing_instruction_R001",2,E,2294
adr_goods_2295,adr_class_6_1,TF1,"adr_label_6_1,adr_label_3",,,METHYL CHLOROACETATE,adr_packing_instruction_P001,1,C/D,2295
adr_goods_2296,adr_class_3,F1,adr_label_3,1,uom.product_uom_litre,METHYLCYCLOHEXANE,"adr_packing_instruction_P001,adr_packing_instruction_IBC02,adr_packing_instruction_R001",2,D/E,2296
adr_goods_2297,adr_class_3,F1,adr_label_3,5,uom.product_uom_litre,METHYLCYCLO-HEXANONE,"adr_packing_instruction_P001,adr_packing_instruction_IBC03,adr_packing_instruction_LP01,adr_packing_instruction_R001",3,D/E,2297
adr_goods_2298,adr_class_3,F1,adr_label_3,1,uom.product_uom_litre,METHYLCYCLOPENTANE,"adr_packing_instruction_P001,adr_packing_instruction_IBC02,adr_packing_instruction_R001",2,D/E,2298
adr_goods_2299,adr_class_6_1,T1,adr_label_6_1,5,uom.product_uom_litre,METHYL DICHLOROACETATE,"adr_packing_instruction_P001,adr_packing_instruction_IBC03,adr_packing_instruction_LP01,adr_packing_instruction_R001",2,E,2299
adr_goods_2300,adr_class_6_1,T1,adr_label_6_1,5,uom.product_uom_litre,2-METHYL-5-ETHYLPYRIDINE,"adr_packing_instruction_P001,adr_packing_instruction_IBC03,adr_packing_instruction_LP01,adr_packing_instruction_R001",2,E,2300
adr_goods_2301,adr_class_3,F1,adr_label_3,1,uom.product_uom_litre,2-METHYLFURAN,"adr_packing_instruction_P001,adr_packing_instruction_IBC02,adr_packing_instruction_R001",2,D/E,2301
adr_goods_2302,adr_class_3,F1,adr_label_3,5,uom.product_uom_litre,5-METHYLHEXAN-2-ONE,"adr_packing_instruction_P001,adr_packing_instruction_IBC03,adr_packing_instruction_LP01,adr_packing_instruction_R001",3,D/E,2302
adr_goods_2303,adr_class_3,F1,adr_label_3,5,uom.product_uom_litre,ISOPROPENYLBENZENE,"adr_packing_instruction_P001,adr_packing_instruction_IBC03,adr_packing_instruction_LP01,adr_packing_instruction_R001",3,D/E,2303
adr_goods_2304,adr_class_4_1,F2,adr_label_4_1,,,"NAPHTHALENE, MOLTEN",,3,E,2304
adr_goods_2305,adr_class_8,C4,adr_label_8,1,uom.product_uom_kgm,NITROBENZENE-SULPHONIC ACID,"adr_packing_instruction_P002,adr_packing_instruction_IBC08",2,E,2305
adr_goods_2306,adr_class_6_1,T1,adr_label_6_1,100,uom.product_uom_milliliter,"NITROBENZO-TRIFLUORIDES, LIQUID","adr_packing_instruction_P001,adr_packing_instruction_IBC02",2,D/E,2306
adr_goods_2307,adr_class_6_1,T1,adr_label_6_1,100,uom.product_uom_milliliter,3-NITRO-4-CHLORO-BENZOTRIFLUORIDE,"adr_packing_instruction_P001,adr_packing_instruction_IBC02",2,D/E,2307
adr_goods_2308,adr_class_8,C1,adr_label_8,1,uom.product_uom_litre,"NITROSYLSULPHURIC ACID, LIQUID","adr_packing_instruction_P001,adr_packing_instruction_IBC02",2,E,2308
adr_goods_2309,adr_class_3,F1,adr_label_3,1,uom.product_uom_litre,OCTADIENES,"adr_packing_instruction_P001,adr_packing_instruction_IBC02,adr_packing_instruction_R001",2,D/E,2309
adr_goods_2310,adr_class_3,FT1,"adr_label_3,adr_label_6_1",5,uom.product_uom_litre,"PENTANE-2,4-DIONE","adr_packing_instruction_P001,adr_packing_instruction_IBC03,adr_packing_instruction_R001",3,D/E,2310
adr_goods_2311,adr_class_6_1,T1,adr_label_6_1,5,uom.product_uom_litre,PHENETIDINES,"adr_packing_instruction_P001,adr_packing_instruction_IBC03,adr_packing_instruction_LP01,adr_packing_instruction_R001",2,E,2311
adr_goods_2312,adr_class_6_1,T1,adr_label_6_1,,,"PHENOL, MOLTEN",,0,D/E,2312
adr_goods_2313,adr_class_3,F1,adr_label_3,5,uom.product_uom_litre,PICOLINES,"adr_packing_instruction_P001,adr_packing_instruction_IBC03,adr_packing_instruction_LP01,adr_packing_instruction_R001",3,D/E,2313
adr_goods_2315,adr_class_9,M2,adr_label_9,1,uom.product_uom_litre,"POLYCHLORINATED BIPHENYLS, LIQUID","adr_packing_instruction_P906,adr_packing_instruction_IBC02",0,D/E,2315
adr_goods_2316,adr_class_6_1,T5,adr_label_6_1,,,"SODIUM CUPROCYANIDE, SOLID","adr_packing_instruction_P002,adr_packing_instruction_IBC07",1,C/E,2316
adr_goods_2317,adr_class_6_1,T4,adr_label_6_1,,,SODIUM CUPROCYANIDE SOLUTION,adr_packing_instruction_P001,1,C/E,2317
adr_goods_2318,adr_class_4_2,S4,adr_label_4_2,,,SODIUM HYDROSULPHIDE with less than 25% water of crystallization,"adr_packing_instruction_P410,adr_packing_instruction_IBC06",2,D/E,2318
adr_goods_2319,adr_class_3,F1,adr_label_3,5,uom.product_uom_litre,"TERPENE HYDROCARBONS, N.O.S.","adr_packing_instruction_P001,adr_packing_instruction_IBC03,adr_packing_instruction_LP01,adr_packing_instruction_R001",3,D/E,2319
adr_goods_2320,adr_class_8,C7,adr_label_8,5,uom.product_uom_litre,TETRAETHYLENE-PENTAMINE,"adr_packing_instruction_P001,adr_packing_instruction_IBC03,adr_packing_instruction_LP01,adr_packing_instruction_R001",3,E,2320
adr_goods_2321,adr_class_6_1,T1,adr_label_6_1,5,uom.product_uom_litre,"TRICHLOROBENZENES, LIQUID","adr_packing_instruction_P001,adr_packing_instruction_IBC03,adr_packing_instruction_LP01,adr_packing_instruction_R001",2,E,2321
adr_goods_2322,adr_class_6_1,T1,adr_label_6_1,100,uom.product_uom_milliliter,TRICHLOROBUTENE,"adr_packing_instruction_P001,adr_packing_instruction_IBC02",2,D/E,2322
adr_goods_2323,adr_class_3,F1,adr_label_3,5,uom.product_uom_litre,TRIETHYL PHOSPHITE,"adr_packing_instruction_P001,adr_packing_instruction_IBC03,adr_packing_instruction_LP01,adr_packing_instruction_R001",3,D/E,2323
adr_goods_2324,adr_class_3,F1,adr_label_3,5,uom.product_uom_litre,TRIISOBUTYLENE,"adr_packing_instruction_P001,adr_packing_instruction_IBC03,adr_packing_instruction_LP01,adr_packing_instruction_R001",3,D/E,2324
adr_goods_2325,adr_class_3,F1,adr_label_3,5,uom.product_uom_litre,"1,3,5-TRIMETHYLBENZENE","adr_packing_instruction_P001,adr_packing_instruction_IBC03,adr_packing_instruction_LP01,adr_packing_instruction_R001",3,D/E,2325
adr_goods_2326,adr_class_8,C7,adr_label_8,5,uom.product_uom_litre,TRIMETHYLCYCLO-HEXYLAMINE,"adr_packing_instruction_P001,adr_packing_instruction_IBC03,adr_packing_instruction_LP01,adr_packing_instruction_R001",3,E,2326
adr_goods_2327,adr_class_8,C7,adr_label_8,5,uom.product_uom_litre,TRIMETHYLHEXA-METHYLENEDIAMINES,"adr_packing_instruction_P001,adr_packing_instruction_IBC03,adr_packing_instruction_LP01,adr_packing_instruction_R001",3,E,2327
adr_goods_2328,adr_class_6_1,T1,adr_label_6_1,5,uom.product_uom_litre,TRIMETHYLHEXA-METHYLENE DIISOCYANATE,"adr_packing_instruction_P001,adr_packing_instruction_IBC03,adr_packing_instruction_LP01,adr_packing_instruction_R001",2,E,2328
adr_goods_2329,adr_class_3,F1,adr_label_3,5,uom.product_uom_litre,TRIMETHYL PHOSPHITE,"adr_packing_instruction_P001,adr_packing_instruction_IBC03,adr_packing_instruction_LP01,adr_packing_instruction_R001",3,D/E,2329
adr_goods_2330,adr_class_3,F1,adr_label_3,5,uom.product_uom_litre,UNDECANE,"adr_packing_instruction_P001,adr_packing_instruction_IBC03,adr_packing_instruction_LP01,adr_packing_instruction_R001",3,D/E,2330
adr_goods_2331,adr_class_8,C2,adr_label_8,5,uom.product_uom_kgm,"ZINC CHLORIDE, ANHYDROUS","adr_packing_instruction_P002,adr_packing_instruction_IBC08,adr_packing_instruction_LP02,adr_packing_instruction_R001",3,E,2331
adr_goods_2332,adr_class_3,F1,adr_label_3,5,uom.product_uom_litre,ACETALDEHYDE OXIME,"adr_packing_instruction_P001,adr_packing_instruction_IBC03,adr_packing_instruction_LP01,adr_packing_instruction_R001",3,D/E,2332
adr_goods_2333,adr_class_3,FT1,"adr_label_3,adr_label_6_1",1,uom.product_uom_litre,ALLYL ACETATE,"adr_packing_instruction_P001,adr_packing_instruction_IBC02",2,D/E,2333
adr_goods_2334,adr_class_6_1,TF1,"adr_label_6_1,adr_label_3",,,ALLYLAMINE,adr_packing_instruction_P602,1,C/D,2334
adr_goods_2335,adr_class_3,FT1,"adr_label_3,adr_label_6_1",1,uom.product_uom_litre,ALLYL ETHYL ETHER,"adr_packing_instruction_P001,adr_packing_instruction_IBC02",2,D/E,2335
adr_goods_2336,adr_class_3,FT1,"adr_label_3,adr_label_6_1",,,ALLYL FORMATE,adr_packing_instruction_P001,1,C/E,2336
adr_goods_2337,adr_class_6_1,TF1,"adr_label_6_1,adr_label_3",,,PHENYL MERCAPTAN,adr_packing_instruction_P602,1,C/D,2337
adr_goods_2338,adr_class_3,F1,adr_label_3,1,uom.product_uom_litre,BENZOTRIFLUORIDE,"adr_packing_instruction_P001,adr_packing_instruction_IBC02,adr_packing_instruction_R001",2,D/E,2338
adr_goods_2339,adr_class_3,F1,adr_label_3,1,uom.product_uom_litre,2-BROMOBUTANE,"adr_packing_instruction_P001,adr_packing_instruction_IBC02,adr_packing_instruction_R001",2,D/E,2339
adr_goods_2340,adr_class_3,F1,adr_label_3,1,uom.product_uom_litre,2-BROMOETHYL ETHYL ETHER,"adr_packing_instruction_P001,adr_packing_instruction_IBC02,adr_packing_instruction_R001",2,D/E,2340
adr_goods_2341,adr_class_3,F1,adr_label_3,5,uom.product_uom_litre,1-BROMO-3-METHYLBUTANE,"adr_packing_instruction_P001,adr_packing_instruction_IBC03,adr_packing_instruction_LP01,adr_packing_instruction_R001",3,D/E,2341
adr_goods_2342,adr_class_3,F1,adr_label_3,1,uom.product_uom_litre,BROMOMETHYL-PROPANES,"adr_packing_instruction_P001,adr_packing_instruction_IBC02,adr_packing_instruction_R001",2,D/E,2342
adr_goods_2343,adr_class_3,F1,adr_label_3,1,uom.product_uom_litre,2-BROMOPENTANE,"adr_packing_instruction_P001,adr_packing_instruction_IBC02,adr_packing_instruction_R001",2,D/E,2343
adr_goods_2344_1L,adr_class_3,F1,adr_label_3,1,uom.product_uom_litre,BROMOPROPANES,"adr_packing_instruction_P001,adr_packing_instruction_IBC02,adr_packing_instruction_R001",2,D/E,2344
adr_goods_2344_5L,adr_class_3,F1,adr_label_3,5,uom.product_uom_litre,BROMOPROPANES,"adr_packing_instruction_P001,adr_packing_instruction_IBC03,adr_packing_instruction_LP01,adr_packing_instruction_R001",3,D/E,2344
adr_goods_2345,adr_class_3,F1,adr_label_3,1,uom.product_uom_litre,3-BROMOPROPYNE,"adr_packing_instruction_P001,adr_packing_instruction_IBC02,adr_packing_instruction_R001",2,D/E,2345
adr_goods_2346,adr_class_3,F1,adr_label_3,1,uom.product_uom_litre,BUTANEDIONE,"adr_packing_instruction_P001,adr_packing_instruction_IBC02,adr_packing_instruction_R001",2,D/E,2346
adr_goods_2347,adr_class_3,F1,adr_label_3,1,uom.product_uom_litre,BUTYL MERCAPTAN,"adr_packing_instruction_P001,adr_packing_instruction_IBC02,adr_packing_instruction_R001",2,D/E,2347
adr_goods_2348,adr_class_3,F1,adr_label_3,5,uom.product_uom_litre,"BUTYL ACRYLATES, STABILIZED","adr_packing_instruction_P001,adr_packing_instruction_IBC03,adr_packing_instruction_LP01,adr_packing_instruction_R001",3,D/E,2348
adr_goods_2350,adr_class_3,F1,adr_label_3,1,uom.product_uom_litre,BUTYL METHYL ETHER,"adr_packing_instruction_P001,adr_packing_instruction_IBC02,adr_packing_instruction_R001",2,D/E,2350
adr_goods_2351_1L,adr_class_3,F1,adr_label_3,1,uom.product_uom_litre,BUTYL NITRITES,"adr_packing_instruction_P001,adr_packing_instruction_IBC02,adr_packing_instruction_R001",2,D/E,2351
adr_goods_2351_5L,adr_class_3,F1,adr_label_3,5,uom.product_uom_litre,BUTYL NITRITES,"adr_packing_instruction_P001,adr_packing_instruction_IBC03,adr_packing_instruction_LP01,adr_packing_instruction_R001",3,D/E,2351
adr_goods_2352,adr_class_3,F1,adr_label_3,1,uom.product_uom_litre,"BUTYL VINYL ETHER, STABILIZED","adr_packing_instruction_P001,adr_packing_instruction_IBC02,adr_packing_instruction_R001",2,D/E,2352
adr_goods_2353,adr_class_3,FC,"adr_label_3,adr_label_8",1,uom.product_uom_litre,BUTYRYL CHLORIDE,"adr_packing_instruction_P001,adr_packing_instruction_IBC02",2,D/E,2353
adr_goods_2354,adr_class_3,FT1,"adr_label_3,adr_label_6_1",1,uom.product_uom_litre,CHLOROMETHYL ETHYL ETHER,"adr_packing_instruction_P001,adr_packing_instruction_IBC02",2,D/E,2354
adr_goods_2356,adr_class_3,F1,adr_label_3,,,2-CHLOROPROPANE,adr_packing_instruction_P001,1,D/E,2356
adr_goods_2357,adr_class_8,CF1,"adr_label_8,adr_label_3",1,uom.product_uom_litre,CYCLOHEXYLAMINE,"adr_packing_instruction_P001,adr_packing_instruction_IBC02",2,D/E,2357
adr_goods_2358,adr_class_3,F1,adr_label_3,1,uom.product_uom_litre,CYCLOOCTATETRAENE,"adr_packing_instruction_P001,adr_packing_instruction_IBC02,adr_packing_instruction_R001",2,D/E,2358
adr_goods_2359,adr_class_3,FTC,"adr_label_3,adr_label_6_1,adr_label_8",1,uom.product_uom_litre,DIALLYLAMINE,"adr_packing_instruction_P001,adr_packing_instruction_IBC02",2,D/E,2359
adr_goods_2360,adr_class_3,FT1,"adr_label_3,adr_label_6_1",1,uom.product_uom_litre,DIALLYL ETHER,"adr_packing_instruction_P001,adr_packing_instruction_IBC02",2,D/E,2360
adr_goods_2361,adr_class_3,FC,"adr_label_3,adr_label_8",5,uom.product_uom_litre,DIISOBUTYLAMINE,"adr_packing_instruction_P001,adr_packing_instruction_IBC03,adr_packing_instruction_R001",3,D/E,2361
adr_goods_2362,adr_class_3,F1,adr_label_3,1,uom.product_uom_litre,"1,1-DICHLOROETHANE","adr_packing_instruction_P001,adr_packing_instruction_IBC02,adr_packing_instruction_R001",2,D/E,2362
adr_goods_2363,adr_class_3,F1,adr_label_3,,,ETHYL MERCAPTAN,adr_packing_instruction_P001,1,D/E,2363
adr_goods_2364,adr_class_3,F1,adr_label_3,5,uom.product_uom_litre,n-PROPYLBENZENE,"adr_packing_instruction_P001,adr_packing_instruction_IBC03,adr_packing_instruction_LP01,adr_packing_instruction_R001",3,D/E,2364
adr_goods_2366,adr_class_3,F1,adr_label_3,5,uom.product_uom_litre,DIETHYL CARBONATE,"adr_packing_instruction_P001,adr_packing_instruction_IBC03,adr_packing_instruction_LP01,adr_packing_instruction_R001",3,D/E,2366
adr_goods_2367,adr_class_3,F1,adr_label_3,1,uom.product_uom_litre,alpha-METHYL-VALERALDEHYDE,"adr_packing_instruction_P001,adr_packing_instruction_IBC02,adr_packing_instruction_R001",2,D/E,2367
adr_goods_2368,adr_class_3,F1,adr_label_3,5,uom.product_uom_litre,alpha-PINENE,"adr_packing_instruction_P001,adr_packing_instruction_IBC03,adr_packing_instruction_LP01,adr_packing_instruction_R001",3,D/E,2368
adr_goods_2370,adr_class_3,F1,adr_label_3,1,uom.product_uom_litre,1-HEXENE,"adr_packing_instruction_P001,adr_packing_instruction_IBC02,adr_packing_instruction_R001",2,D/E,2370
adr_goods_2371,adr_class_3,F1,adr_label_3,,,ISOPENTENES,adr_packing_instruction_P001,1,D/E,2371
adr_goods_2372,adr_class_3,F1,adr_label_3,1,uom.product_uom_litre,"1,2-DI-(DIMETHYLAMINO) ETHANE","adr_packing_instruction_P001,adr_packing_instruction_IBC02,adr_packing_instruction_R001",2,D/E,2372
adr_goods_2373,adr_class_3,F1,adr_label_3,1,uom.product_uom_litre,DIETHOXYMETHANE,"adr_packing_instruction_P001,adr_packing_instruction_IBC02,adr_packing_instruction_R001",2,D/E,2373
adr_goods_2374,adr_class_3,F1,adr_label_3,1,uom.product_uom_litre,"3,3-DIETHOXYPROPENE","adr_packing_instruction_P001,adr_packing_instruction_IBC02,adr_packing_instruction_R001",2,D/E,2374
adr_goods_2375,adr_class_3,F1,adr_label_3,1,uom.product_uom_litre,DIETHYL SULPHIDE,"adr_packing_instruction_P001,adr_packing_instruction_IBC02,adr_packing_instruction_R001",2,D/E,2375
adr_goods_2376,adr_class_3,F1,adr_label_3,1,uom.product_uom_litre,"2,3-DIHYDROPYRAN","adr_packing_instruction_P001,adr_packing_instruction_IBC02,adr_packing_instruction_R001",2,D/E,2376
adr_goods_2377,adr_class_3,F1,adr_label_3,1,uom.product_uom_litre,"1,1-DIMETHOXYETHANE","adr_packing_instruction_P001,adr_packing_instruction_IBC02,adr_packing_instruction_R001",2,D/E,2377
adr_goods_2378,adr_class_3,FT1,"adr_label_3,adr_label_6_1",1,uom.product_uom_litre,2-DIMETHYLAMINO-ACETONITRILE,"adr_packing_instruction_P001,adr_packing_instruction_IBC02",2,D/E,2378
adr_goods_2379,adr_class_3,FC,"adr_label_3,adr_label_8",1,uom.product_uom_litre,"1,3-DIMETHYLBUTYLAMINE","adr_packing_instruction_P001,adr_packing_instruction_IBC02",2,D/E,2379
adr_goods_2380,adr_class_3,F1,adr_label_3,1,uom.product_uom_litre,DIMETHYLDIETHOXY-SILANE,"adr_packing_instruction_P001,adr_packing_instruction_IBC02,adr_packing_instruction_R001",2,D/E,2380
adr_goods_2381,adr_class_3,FT1,"adr_label_3,adr_label_6_1",1,uom.product_uom_litre,DIMETHYL DISULPHIDE,"adr_packing_instruction_P001,adr_packing_instruction_IBC02",2,D/E,2381
adr_goods_2382,adr_class_6_1,TF1,"adr_label_6_1,adr_label_3",,,"DIMETHYLHYDRAZINE, SYMMETRICAL",adr_packing_instruction_P602,1,C/D,2382
adr_goods_2383,adr_class_3,FC,"adr_label_3,adr_label_8",1,uom.product_uom_litre,DIPROPYLAMINE,"adr_packing_instruction_P001,adr_packing_instruction_IBC02",2,D/E,2383
adr_goods_2384,adr_class_3,F1,adr_label_3,1,uom.product_uom_litre,DI-n-PROPYL ETHER,"adr_packing_instruction_P001,adr_packing_instruction_IBC02,adr_packing_instruction_R001",2,D/E,2384
adr_goods_2385,adr_class_3,F1,adr_label_3,1,uom.product_uom_litre,ETHYL ISOBUTYRATE,"adr_packing_instruction_P001,adr_packing_instruction_IBC02,adr_packing_instruction_R001",2,D/E,2385
adr_goods_2386,adr_class_3,FC,"adr_label_3,adr_label_8",1,uom.product_uom_litre,1-ETHYLPIPERIDINE,"adr_packing_instruction_P001,adr_packing_instruction_IBC02",2,D/E,2386
adr_goods_2387,adr_class_3,F1,adr_label_3,1,uom.product_uom_litre,FLUOROBENZENE,"adr_packing_instruction_P001,adr_packing_instruction_IBC02,adr_packing_instruction_R001",2,D/E,2387
adr_goods_2388,adr_class_3,F1,adr_label_3,1,uom.product_uom_litre,FLUOROTOLUENES,"adr_packing_instruction_P001,adr_packing_instruction_IBC02,adr_packing_instruction_R001",2,D/E,2388
adr_goods_2389,adr_class_3,F1,adr_label_3,,,FURAN,adr_packing_instruction_P001,1,D/E,2389
adr_goods_2390,adr_class_3,F1,adr_label_3,1,uom.product_uom_litre,2-IODOBUTANE,"adr_packing_instruction_P001,adr_packing_instruction_IBC02,adr_packing_instruction_R001",2,D/E,2390
adr_goods_2391,adr_class_3,F1,adr_label_3,1,uom.product_uom_litre,IODOMETHYLPROPANES,"adr_packing_instruction_P001,adr_packing_instruction_IBC02,adr_packing_instruction_R001",2,D/E,2391
adr_goods_2392,adr_class_3,F1,adr_label_3,5,uom.product_uom_litre,IODOPROPANES,"adr_packing_instruction_P001,adr_packing_instruction_IBC03,adr_packing_instruction_LP01,adr_packing_instruction_R001",3,D/E,2392
adr_goods_2393,adr_class_3,F1,adr_label_3,1,uom.product_uom_litre,ISOBUTYL FORMATE,"adr_packing_instruction_P001,adr_packing_instruction_IBC02,adr_packing_instruction_R001",2,D/E,2393
adr_goods_2394,adr_class_3,F1,adr_label_3,5,uom.product_uom_litre,ISOBUTYL PROPIONATE,"adr_packing_instruction_P001,adr_packing_instruction_IBC03,adr_packing_instruction_LP01,adr_packing_instruction_R001",3,D/E,2394
adr_goods_2395,adr_class_3,FC,"adr_label_3,adr_label_8",1,uom.product_uom_litre,ISOBUTYRYL CHLORIDE,"adr_packing_instruction_P001,adr_packing_instruction_IBC02",2,D/E,2395
adr_goods_2396,adr_class_3,FT1,"adr_label_3,adr_label_6_1",1,uom.product_uom_litre,"METHACRYLALDEHYDE, STABILIZED","adr_packing_instruction_P001,adr_packing_instruction_IBC02",2,D/E,2396
adr_goods_2397,adr_class_3,F1,adr_label_3,1,uom.product_uom_litre,3-METHYLBUTAN-2-ONE,"adr_packing_instruction_P001,adr_packing_instruction_IBC02,adr_packing_instruction_R001",2,D/E,2397
adr_goods_2398,adr_class_3,F1,adr_label_3,1,uom.product_uom_litre,METHYL tert-BUTYL ETHER,"adr_packing_instruction_P001,adr_packing_instruction_IBC02,adr_packing_instruction_R001",2,D/E,2398
adr_goods_2399,adr_class_3,FC,"adr_label_3,adr_label_8",1,uom.product_uom_litre,1-METHYLPIPERIDINE,"adr_packing_instruction_P001,adr_packing_instruction_IBC02",2,D/E,2399
adr_goods_2400,adr_class_3,F1,adr_label_3,1,uom.product_uom_litre,METHYL ISOVALERATE,"adr_packing_instruction_P001,adr_packing_instruction_IBC02,adr_packing_instruction_R001",2,D/E,2400
adr_goods_2401,adr_class_8,CF1,"adr_label_8,adr_label_3",,,PIPERIDINE,adr_packing_instruction_P001,1,D/E,2401
adr_goods_2402,adr_class_3,F1,adr_label_3,1,uom.product_uom_litre,PROPANETHIOLS,"adr_packing_instruction_P001,adr_packing_instruction_IBC02,adr_packing_instruction_R001",2,D/E,2402
adr_goods_2403,adr_class_3,F1,adr_label_3,1,uom.product_uom_litre,ISOPROPENYL ACETATE,"adr_packing_instruction_P001,adr_packing_instruction_IBC02,adr_packing_instruction_R001",2,D/E,2403
adr_goods_2404,adr_class_3,FT1,"adr_label_3,adr_label_6_1",1,uom.product_uom_litre,PROPIONITRILE,"adr_packing_instruction_P001,adr_packing_instruction_IBC02",2,D/E,2404
adr_goods_2405,adr_class_3,F1,adr_label_3,5,uom.product_uom_litre,ISOPROPYL BUTYRATE,"adr_packing_instruction_P001,adr_packing_instruction_IBC03,adr_packing_instruction_LP01,adr_packing_instruction_R001",3,D/E,2405
adr_goods_2406,adr_class_3,F1,adr_label_3,1,uom.product_uom_litre,ISOPROPYL ISOBUTYRATE,"adr_packing_instruction_P001,adr_packing_instruction_IBC02,adr_packing_instruction_R001",2,D/E,2406
adr_goods_2407,adr_class_6_1,TFC,"adr_label_6_1,adr_label_3,adr_label_8",,,ISOPROPYL CHLOROFORMATE,adr_packing_instruction_P602,1,D,2407
adr_goods_2409,adr_class_3,F1,adr_label_3,1,uom.product_uom_litre,ISOPROPYL PROPIONATE,"adr_packing_instruction_P001,adr_packing_instruction_IBC02,adr_packing_instruction_R001",2,D/E,2409
adr_goods_2410,adr_class_3,F1,adr_label_3,1,uom.product_uom_litre,"1,2,3,6-TETRAHYDROPYRIDINE","adr_packing_instruction_P001,adr_packing_instruction_IBC02,adr_packing_instruction_R001",2,D/E,2410
adr_goods_2411,adr_class_3,FT1,"adr_label_3,adr_label_6_1",1,uom.product_uom_litre,BUTYRONITRILE,"adr_packing_instruction_P001,adr_packing_instruction_IBC02",2,D/E,2411
adr_goods_2412,adr_class_3,F1,adr_label_3,1,uom.product_uom_litre,TETRAHYDROTHIOPHENE,"adr_packing_instruction_P001,adr_packing_instruction_IBC02,adr_packing_instruction_R001",2,D/E,2412
adr_goods_2413,adr_class_3,F1,adr_label_3,5,uom.product_uom_litre,TETRAPROPYL ORTHOTITANATE,"adr_packing_instruction_P001,adr_packing_instruction_IBC03,adr_packing_instruction_LP01,adr_packing_instruction_R001",3,D/E,2413
adr_goods_2414,adr_class_3,F1,adr_label_3,1,uom.product_uom_litre,THIOPHENE,"adr_packing_instruction_P001,adr_packing_instruction_IBC02,adr_packing_instruction_R001",2,D/E,2414
adr_goods_2416,adr_class_3,F1,adr_label_3,1,uom.product_uom_litre,TRIMETHYL BORATE,"adr_packing_instruction_P001,adr_packing_instruction_IBC02,adr_packing_instruction_R001",2,D/E,2416
adr_goods_2417,adr_class_2,2TC,"adr_label_2_3,adr_label_8",,,CARBONYL FLUORIDE,adr_packing_instruction_P200,1,C/D,2417
adr_goods_2418,adr_class_2,2TC,"adr_label_2_3,adr_label_8",,,SULPHUR TETRAFLUORIDE,adr_packing_instruction_P200,1,D,2418
adr_goods_2419,adr_class_2,2F,adr_label_2_1,,,BROMOTRIFLUORO-ETHYLENE,adr_packing_instruction_P200,2,B/D,2419
adr_goods_2420,adr_class_2,2TC,"adr_label_2_3,adr_label_8",,,HEXAFLUOROACETONE,adr_packing_instruction_P200,1,C/D,2420
adr_goods_2421,adr_class_2,2TOC,,,,NITROGEN TRIOXIDE,,CARRIAGE_PROHIBITED,CARRIAGE_PROHIBITED,2421
adr_goods_2422,adr_class_2,2A,adr_label_2_2,120,uom.product_uom_milliliter,OCTAFLUOROBUT-2-ENE (REFRIGERANT GAS R 1318),adr_packing_instruction_P200,3,C/E,2422
adr_goods_2424,adr_class_2,2A,adr_label_2_2,120,uom.product_uom_milliliter,OCTAFLUOROPROPANE (REFRIGERANT GAS R 218),adr_packing_instruction_P200,3,C/E,2424
adr_goods_2426,adr_class_5_1,O1,adr_label_5_1,,,"AMMONIUM NITRATE, LIQUID, hot concentrated solution, in a concentration of more than 80% but not more than 93%",,0,E,2426
adr_goods_2427_1L,adr_class_5_1,O1,adr_label_5_1,1,uom.product_uom_litre,"POTASSIUM CHLORATE, AQUEOUS SOLUTION","adr_packing_instruction_P504,adr_packing_instruction_IBC02",2,E,2427
adr_goods_2427_5L,adr_class_5_1,O1,adr_label_5_1,5,uom.product_uom_litre,"POTASSIUM CHLORATE, AQUEOUS SOLUTION","adr_packing_instruction_P504,adr_packing_instruction_IBC02,adr_packing_instruction_R001",3,E,2427
adr_goods_2428_1L,adr_class_5_1,O1,adr_label_5_1,1,uom.product_uom_litre,"SODIUM CHLORATE, AQUEOUS SOLUTION","adr_packing_instruction_P504,adr_packing_instruction_IBC02",2,E,2428
adr_goods_2428_5L,adr_class_5_1,O1,adr_label_5_1,5,uom.product_uom_litre,"SODIUM CHLORATE, AQUEOUS SOLUTION","adr_packing_instruction_P504,adr_packing_instruction_IBC02,adr_packing_instruction_R001",3,E,2428
adr_goods_2429_1L,adr_class_5_1,O1,adr_label_5_1,1,uom.product_uom_litre,"CALCIUM CHLORATE, AQUEOUS SOLUTION","adr_packing_instruction_P504,adr_packing_instruction_IBC02",2,E,2429
adr_goods_2429_5L,adr_class_5_1,O1,adr_label_5_1,5,uom.product_uom_litre,"CALCIUM CHLORATE, AQUEOUS SOLUTION","adr_packing_instruction_P504,adr_packing_instruction_IBC02,adr_packing_instruction_R001",3,E,2429
adr_goods_2430,adr_class_8,C4,adr_label_8,,,"ALKYLPHENOLS, SOLID, N.O.S. (including C2-C12 homologues)","adr_packing_instruction_P002,adr_packing_instruction_IBC07",1,E,2430
adr_goods_2430_1kg,adr_class_8,C4,adr_label_8,1,uom.product_uom_kgm,"ALKYLPHENOLS, SOLID, N.O.S. (including C2-C12 homologues)","adr_packing_instruction_P002,adr_packing_instruction_IBC08",2,E,2430
adr_goods_2430_5kg,adr_class_8,C4,adr_label_8,5,uom.product_uom_kgm,"ALKYLPHENOLS, SOLID, N.O.S. (including C2-C12 homologues)","adr_packing_instruction_P002,adr_packing_instruction_IBC08,adr_packing_instruction_LP02,adr_packing_instruction_R001",3,E,2430
adr_goods_2431,adr_class_6_1,T1,adr_label_6_1,5,uom.product_uom_litre,ANISIDINES,"adr_packing_instruction_P001,adr_packing_instruction_IBC03,adr_packing_instruction_LP01,adr_packing_instruction_R001",2,E,2431
adr_goods_2432,adr_class_6_1,T1,adr_label_6_1,5,uom.product_uom_litre,"N,N-DIETHYLANILINE","adr_packing_instruction_P001,adr_packing_instruction_IBC03,adr_packing_instruction_LP01,adr_packing_instruction_R001",2,E,2432
adr_goods_2433,adr_class_6_1,T1,adr_label_6_1,5,uom.product_uom_litre,"CHLORONITROTOLUENES, LIQUID","adr_packing_instruction_P001,adr_packing_instruction_IBC03,adr_packing_instruction_LP01,adr_packing_instruction_R001",2,E,2433
adr_goods_2434,adr_class_8,C3,adr_label_8,,,DIBENZYL-DICHLOROSILANE,adr_packing_instruction_P010,2,E,2434
adr_goods_2435,adr_class_8,C3,adr_label_8,,,ETHYLPHENYL-DICHLOROSILANE,adr_packing_instruction_P010,2,E,2435
adr_goods_2436,adr_class_3,F1,adr_label_3,1,uom.product_uom_litre,THIOACETIC ACID,"adr_packing_instruction_P001,adr_packing_instruction_IBC02,adr_packing_instruction_R001",2,D/E,2436
adr_goods_2437,adr_class_8,C3,adr_label_8,,,METHYLPHENYL-DICHLOROSILANE,adr_packing_instruction_P010,2,E,2437
adr_goods_2438,adr_class_6_1,TFC,"adr_label_6_1,adr_label_3,adr_label_8",,,TRIMETHYLACETYL CHLORIDE,adr_packing_instruction_P001,1,C/D,2438
adr_goods_2439,adr_class_8,C2,adr_label_8,1,uom.product_uom_kgm,SODIUM HYDROGENDIFLUORIDE,"adr_packing_instruction_P002,adr_packing_instruction_IBC08",2,E,2439
adr_goods_2440,adr_class_8,C2,adr_label_8,5,uom.product_uom_kgm,STANNIC CHLORIDE PENTAHYDRATE,"adr_packing_instruction_P002,adr_packing_instruction_IBC08,adr_packing_instruction_LP02,adr_packing_instruction_R001",3,E,2440
adr_goods_2441,adr_class_4_2,SC4,"adr_label_4_2,adr_label_8",,,"TITANIUM TRICHLORIDE, PYROPHORIC or TITANIUM TRICHLORIDE MIXTURE, PYROPHORIC",adr_packing_instruction_P404,0,E,2441
adr_goods_2442,adr_class_8,C3,adr_label_8,,,TRICHLOROACETYL CHLORIDE,adr_packing_instruction_P001,2,E,2442
adr_goods_2443,adr_class_8,C1,adr_label_8,1,uom.product_uom_litre,VANADIUM OXYTRICHLORIDE,"adr_packing_instruction_P001,adr_packing_instruction_IBC02",2,E,2443
adr_goods_2444,adr_class_8,C1,adr_label_8,,,VANADIUM TETRACHLORIDE,adr_packing_instruction_P802,1,E,2444
adr_goods_2446,adr_class_6_1,T2,adr_label_6_1,5,uom.product_uom_kgm,"NITROCRESOLS, SOLID","adr_packing_instruction_P002,adr_packing_instruction_IBC08,adr_packing_instruction_LP02,adr_packing_instruction_R001",2,E,2446
adr_goods_2447,adr_class_4_2,ST3,"adr_label_4_2,adr_label_6_1",,,"PHOSPHORUS, WHITE, MOLTEN",,0,B/E,2447
adr_goods_2448,adr_class_4_1,F3,adr_label_4_1,,,"SULPHUR, MOLTEN",,3,E,2448
adr_goods_2451,adr_class_2,2O,"adr_label_2_2,adr_label_5_1",,,NITROGEN TRIFLUORIDE,adr_packing_instruction_P200,3,C/E,2451
adr_goods_2452,adr_class_2,2F,adr_label_2_1,,,"ETHYLACETYLENE, STABILIZED",adr_packing_instruction_P200,2,B/D,2452
adr_goods_2453,adr_class_2,2F,adr_label_2_1,,,ETHYL FLUORIDE (REFRIGERANT GAS R 161),adr_packing_instruction_P200,2,B/D,2453
adr_goods_2454,adr_class_2,2F,adr_label_2_1,,,METHYL FLUORIDE (REFRIGERANT GAS R 41),adr_packing_instruction_P200,2,B/D,2454
adr_goods_2455,adr_class_2,2A,,,,METHYL NITRITE,,CARRIAGE_PROHIBITED,CARRIAGE_PROHIBITED,2455
adr_goods_2456,adr_class_3,F1,adr_label_3,,,2-CHLOROPROPENE,adr_packing_instruction_P001,1,D/E,2456
adr_goods_2457,adr_class_3,F1,adr_label_3,1,uom.product_uom_litre,"2,3-DIMETHYLBUTANE","adr_packing_instruction_P001,adr_packing_instruction_IBC02,adr_packing_instruction_R001",2,D/E,2457
adr_goods_2458,adr_class_3,F1,adr_label_3,1,uom.product_uom_litre,HEXADIENES,"adr_packing_instruction_P001,adr_packing_instruction_IBC02,adr_packing_instruction_R001",2,D/E,2458
adr_goods_2459,adr_class_3,F1,adr_label_3,,,2-METHYL-1-BUTENE,adr_packing_instruction_P001,1,D/E,2459
adr_goods_2460,adr_class_3,F1,adr_label_3,1,uom.product_uom_litre,2-METHYL-2-BUTENE,"adr_packing_instruction_P001,adr_packing_instruction_IBC02",2,D/E,2460
adr_goods_2461,adr_class_3,F1,adr_label_3,1,uom.product_uom_litre,METHYLPENTADIENE,"adr_packing_instruction_P001,adr_packing_instruction_IBC02,adr_packing_instruction_R001",2,D/E,2461
adr_goods_2463,adr_class_4_3,W2,adr_label_4_3,,,ALUMINIUM HYDRIDE,adr_packing_instruction_P403,1,E,2463
adr_goods_2464,adr_class_5_1,OT2,"adr_label_5_1,adr_label_6_1",1,uom.product_uom_kgm,BERYLLIUM NITRATE,"adr_packing_instruction_P002,adr_packing_instruction_IBC08",2,E,2464
adr_goods_2465,adr_class_5_1,O2,adr_label_5_1,1,uom.product_uom_kgm,"DICHLOROISOCYANURIC ACID, DRY or DICHLOROISOCYANURIC ACID SALTS","adr_packing_instruction_P002,adr_packing_instruction_IBC08",2,E,2465
adr_goods_2466,adr_class_5_1,O2,adr_label_5_1,,,POTASSIUM SUPEROXIDE,"adr_packing_instruction_P503,adr_packing_instruction_IBC06",1,E,2466
adr_goods_2468,adr_class_5_1,O2,adr_label_5_1,1,uom.product_uom_kgm,"TRICHLOROISOCYANURIC ACID, DRY","adr_packing_instruction_P002,adr_packing_instruction_IBC08",2,E,2468
adr_goods_2469,adr_class_5_1,O2,adr_label_5_1,5,uom.product_uom_kgm,ZINC BROMATE,"adr_packing_instruction_P002,adr_packing_instruction_IBC08,adr_packing_instruction_LP02,adr_packing_instruction_R001",3,E,2469
adr_goods_2470,adr_class_6_1,T1,adr_label_6_1,5,uom.product_uom_litre,"PHENYLACETONITRILE, LIQUID","adr_packing_instruction_P001,adr_packing_instruction_IBC03,adr_packing_instruction_LP01,adr_packing_instruction_R001",2,E,2470
adr_goods_2471,adr_class_6_1,T5,adr_label_6_1,,,OSMIUM TETROXIDE,"adr_packing_instruction_P002,adr_packing_instruction_IBC07",1,C/E,2471
adr_goods_2473,adr_class_6_1,T3,adr_label_6_1,5,uom.product_uom_kgm,SODIUM ARSANILATE,"adr_packing_instruction_P002,adr_packing_instruction_IBC08,adr_packing_instruction_LP02,adr_packing_instruction_R001",2,E,2473
adr_goods_2474,adr_class_6_1,T1,adr_label_6_1,,,THIOPHOSGENE,adr_packing_instruction_P602,1,C/D,2474
adr_goods_2475,adr_class_8,C2,adr_label_8,5,uom.product_uom_kgm,VANADIUM TRICHLORIDE,"adr_packing_instruction_P002,adr_packing_instruction_IBC08,adr_packing_instruction_LP02,adr_packing_instruction_R001",3,E,2475
adr_goods_2477,adr_class_6_1,TF1,"adr_label_6_1,adr_label_3",,,METHYL ISOTHIOCYANATE,adr_packing_instruction_P602,1,C/D,2477
adr_goods_2478_1L,adr_class_3,FT1,"adr_label_3,adr_label_6_1",1,uom.product_uom_litre,"ISOCYANATES, FLAMMABLE, TOXIC, N.O.S. or ISOCYANATE SOLUTION, FLAMMABLE, TOXIC, N.O.S.","adr_packing_instruction_P001,adr_packing_instruction_IBC02",2,D/E,2478
adr_goods_2478_5L,adr_class_3,FT1,"adr_label_3,adr_label_6_1",5,uom.product_uom_litre,"ISOCYANATES, FLAMMABLE, TOXIC, N.O.S. or ISOCYANATE SOLUTION, FLAMMABLE, TOXIC, N.O.S.","adr_packing_instruction_P001,adr_packing_instruction_IBC03,adr_packing_instruction_R001",3,D/E,2478
adr_goods_2480,adr_class_6_1,TF1,"adr_label_6_1,adr_label_3",,,METHYL ISOCYANATE,adr_packing_instruction_P601,1,C/D,2480
adr_goods_2481,adr_class_6_1,TF1,"adr_label_6_1,adr_label_3",,,ETHYL ISOCYANATE,adr_packing_instruction_P602,1,C/D,2481
adr_goods_2482,adr_class_6_1,TF1,"adr_label_6_1,adr_label_3",,,n-PROPYL ISOCYANATE,adr_packing_instruction_P602,1,C/D,2482
adr_goods_2483,adr_class_6_1,TF1,"adr_label_6_1,adr_label_3",,,ISOPROPYL ISOCYANATE,adr_packing_instruction_P602,1,C/D,2483
adr_goods_2484,adr_class_6_1,TF1,"adr_label_6_1,adr_label_3",,,tert-BUTYL ISOCYANATE,adr_packing_instruction_P602,1,C/D,2484
adr_goods_2485,adr_class_6_1,TF1,"adr_label_6_1,adr_label_3",,,n-BUTYL ISOCYANATE,adr_packing_instruction_P602,1,C/D,2485
adr_goods_2486,adr_class_6_1,TF1,"adr_label_6_1,adr_label_3",,,ISOBUTYL ISOCYANATE,adr_packing_instruction_P602,1,C/D,2486
adr_goods_2487,adr_class_6_1,TF1,"adr_label_6_1,adr_label_3",,,PHENYL ISOCYANATE,adr_packing_instruction_P602,1,C/D,2487
adr_goods_2488,adr_class_6_1,TF1,"adr_label_6_1,adr_label_3",,,CYCLOHEXYL ISOCYANATE,adr_packing_instruction_P602,1,C/D,2488
adr_goods_2490,adr_class_6_1,T1,adr_label_6_1,100,uom.product_uom_milliliter,DICHLOROISOPROPYL ETHER,"adr_packing_instruction_P001,adr_packing_instruction_IBC02",2,D/E,2490
adr_goods_2491,adr_class_8,C7,adr_label_8,5,uom.product_uom_litre,ETHANOLAMINE or ETHANOLAMINE SOLUTION,"adr_packing_instruction_P001,adr_packing_instruction_IBC03,adr_packing_instruction_LP01,adr_packing_instruction_R001",3,E,2491
adr_goods_2493,adr_class_3,FC,"adr_label_3,adr_label_8",1,uom.product_uom_litre,HEXAMETHYLENEIMINE,"adr_packing_instruction_P001,adr_packing_instruction_IBC02",2,D/E,2493
adr_goods_2495,adr_class_5_1,OTC,"adr_label_5_1,adr_label_6_1,adr_label_8",,,IODINE PENTAFLUORIDE,adr_packing_instruction_P200,1,B/E,2495
adr_goods_2496,adr_class_8,C3,adr_label_8,5,uom.product_uom_litre,PROPIONIC ANHYDRIDE,"adr_packing_instruction_P001,adr_packing_instruction_IBC03,adr_packing_instruction_LP01,adr_packing_instruction_R001",3,E,2496
adr_goods_2498,adr_class_3,F1,adr_label_3,5,uom.product_uom_litre,"1,2,3,6-TETRAHYDRO-BENZALDEHYDE","adr_packing_instruction_P001,adr_packing_instruction_IBC03,adr_packing_instruction_LP01,adr_packing_instruction_R001",3,D/E,2498
adr_goods_2501_100ml,adr_class_6_1,T1,adr_label_6_1,100,uom.product_uom_milliliter,TRIS-(1-AZIRIDINYL) PHOSPHINE OXIDE SOLUTION,"adr_packing_instruction_P001,adr_packing_instruction_IBC02",2,D/E,2501
adr_goods_2501_5L,adr_class_6_1,T1,adr_label_6_1,5,uom.product_uom_litre,TRIS-(1-AZIRIDINYL) PHOSPHINE OXIDE SOLUTION,"adr_packing_instruction_P001,adr_packing_instruction_IBC03,adr_packing_instruction_LP01,adr_packing_instruction_R001",2,E,2501
adr_goods_2502,adr_class_8,CF1,"adr_label_8,adr_label_3",1,uom.product_uom_litre,VALERYL CHLORIDE,"adr_packing_instruction_P001,adr_packing_instruction_IBC02",2,D/E,2502
adr_goods_2503,adr_class_8,C2,adr_label_8,5,uom.product_uom_kgm,ZIRCONIUM TETRACHLORIDE,"adr_packing_instruction_P002,adr_packing_instruction_IBC08,adr_packing_instruction_LP02,adr_packing_instruction_R001",3,E,2503
adr_goods_2504,adr_class_6_1,T1,adr_label_6_1,5,uom.product_uom_litre,TETRABROMOETHANE,"adr_packing_instruction_P001,adr_packing_instruction_IBC03,adr_packing_instruction_LP01,adr_packing_instruction_R001",2,E,2504
adr_goods_2505,adr_class_6_1,T5,adr_label_6_1,5,uom.product_uom_kgm,AMMONIUM FLUORIDE,"adr_packing_instruction_P002,adr_packing_instruction_IBC08,adr_packing_instruction_LP02,adr_packing_instruction_R001",2,E,2505
adr_goods_2506,adr_class_8,C2,adr_label_8,1,uom.product_uom_kgm,AMMONIUM HYDROGEN SULPHATE,"adr_packing_instruction_P002,adr_packing_instruction_IBC08",2,E,2506
adr_goods_2507,adr_class_8,C2,adr_label_8,5,uom.product_uom_kgm,"CHLOROPLATINIC ACID, SOLID","adr_packing_instruction_P002,adr_packing_instruction_IBC08,adr_packing_instruction_LP02,adr_packing_instruction_R001",3,E,2507
adr_goods_2508,adr_class_8,C2,adr_label_8,5,uom.product_uom_kgm,MOLYBDENUM PENTACHLORIDE,"adr_packing_instruction_P002,adr_packing_instruction_IBC08,adr_packing_instruction_LP02,adr_packing_instruction_R001",3,E,2508
adr_goods_2509,adr_class_8,C2,adr_label_8,1,uom.product_uom_kgm,POTASSIUM HYDROGEN SULPHATE,"adr_packing_instruction_P002,adr_packing_instruction_IBC08",2,E,2509
adr_goods_2511,adr_class_8,C3,adr_label_8,5,uom.product_uom_litre,2-CHLOROPROPIONIC ACID,"adr_packing_instruction_P001,adr_packing_instruction_IBC03,adr_packing_instruction_LP01,adr_packing_instruction_R001",3,E,2511
adr_goods_2512,adr_class_6_1,T2,adr_label_6_1,5,uom.product_uom_kgm,"AMINOPHENOLS (o-, m-, p-)","adr_packing_instruction_P002,adr_packing_instruction_IBC08,adr_packing_instruction_LP02,adr_packing_instruction_R001",2,E,2512
adr_goods_2513,adr_class_8,C3,adr_label_8,1,uom.product_uom_litre,BROMOACETYL BROMIDE,"adr_packing_instruction_P001,adr_packing_instruction_IBC02",2,E,2513
adr_goods_2514,adr_class_3,F1,adr_label_3,5,uom.product_uom_litre,BROMOBENZENE,"adr_packing_instruction_P001,adr_packing_instruction_IBC03,adr_packing_instruction_LP01,adr_packing_instruction_R001",3,D/E,2514
adr_goods_2515,adr_class_6_1,T1,adr_label_6_1,5,uom.product_uom_litre,BROMOFORM,"adr_packing_instruction_P001,adr_packing_instruction_IBC03,adr_packing_instruction_LP01,adr_packing_instruction_R001",2,E,2515
adr_goods_2516,adr_class_6_1,T2,adr_label_6_1,5,uom.product_uom_kgm,CARBON TETRABROMIDE,"adr_packing_instruction_P002,adr_packing_instruction_IBC08,adr_packing_instruction_LP02,adr_packing_instruction_R001",2,E,2516
adr_goods_2517,adr_class_2,2F,adr_label_2_1,,,"1-CHLORO-1,1-DIFLUOROETHANE (REFRIGERANT GAS R 142b)",adr_packing_instruction_P200,2,B/D,2517
adr_goods_2518,adr_class_6_1,T1,adr_label_6_1,5,uom.product_uom_litre,"1,5,9-CYCLODODECATRIENE","adr_packing_instruction_P001,adr_packing_instruction_IBC03,adr_packing_instruction_LP01,adr_packing_instruction_R001",2,E,2518
adr_goods_2520,adr_class_3,F1,adr_label_3,5,uom.product_uom_litre,CYCLOOCTADIENES,"adr_packing_instruction_P001,adr_packing_instruction_IBC03,adr_packing_instruction_LP01,adr_packing_instruction_R001",3,D/E,2520
adr_goods_2521,adr_class_6_1,TF1,"adr_label_6_1,adr_label_3",,,"DIKETENE, STABILIZED",adr_packing_instruction_P602,1,C/D,2521
adr_goods_2522,adr_class_6_1,T1,adr_label_6_1,100,uom.product_uom_milliliter,2-DIMETHYLAMINOETHYL METHACRYLATE,"adr_packing_instruction_P001,adr_packing_instruction_IBC02",2,D/E,2522
adr_goods_2524,adr_class_3,F1,adr_label_3,5,uom.product_uom_litre,ETHYL ORTHOFORMATE,"adr_packing_instruction_P001,adr_packing_instruction_IBC03,adr_packing_instruction_LP01,adr_packing_instruction_R001",3,D/E,2524
adr_goods_2525,adr_class_6_1,T1,adr_label_6_1,5,uom.product_uom_litre,ETHYL OXALATE,"adr_packing_instruction_P001,adr_packing_instruction_IBC03,adr_packing_instruction_LP01,adr_packing_instruction_R001",2,E,2525
adr_goods_2526,adr_class_3,FC,"adr_label_3,adr_label_8",5,uom.product_uom_litre,FURFURYLAMINE,"adr_packing_instruction_P001,adr_packing_instruction_IBC03,adr_packing_instruction_R001",3,D/E,2526
adr_goods_2527,adr_class_3,F1,adr_label_3,5,uom.product_uom_litre,"ISOBUTYL ACRYLATE, STABILIZED","adr_packing_instruction_P001,adr_packing_instruction_IBC03,adr_packing_instruction_LP01,adr_packing_instruction_R001",3,D/E,2527
adr_goods_2528,adr_class_3,F1,adr_label_3,5,uom.product_uom_litre,ISOBUTYL ISOBUTYRATE,"adr_packing_instruction_P001,adr_packing_instruction_IBC03,adr_packing_instruction_LP01,adr_packing_instruction_R001",3,D/E,2528
adr_goods_2529,adr_class_3,FC,"adr_label_3,adr_label_8",5,uom.product_uom_litre,ISOBUTYRIC ACID,"adr_packing_instruction_P001,adr_packing_instruction_IBC03,adr_packing_instruction_R001",3,D/E,2529
adr_goods_2531,adr_class_8,C3,adr_label_8,1,uom.product_uom_litre,"METHACRYLIC ACID, STABILIZED","adr_packing_instruction_P001,adr_packing_instruction_IBC02,adr_packing_instruction_LP01",2,E,2531
adr_goods_2533,adr_class_6_1,T1,adr_label_6_1,5,uom.product_uom_litre,METHYL TRICHLOROACETATE,"adr_packing_instruction_P001,adr_packing_instruction_IBC03,adr_packing_instruction_LP01,adr_packing_instruction_R001",2,E,2533
adr_goods_2534,adr_class_2,2TFC,"adr_label_2_3,adr_label_2_1,adr_label_8",,,METHYLCHLOROSILANE,adr_packing_instruction_P200,1,B/D,2534
adr_goods_2535,adr_class_3,FC,"adr_label_3,adr_label_8",1,uom.product_uom_litre,4-METHYLMORPHOLINE (N-METHYLMORPHOLINE),"adr_packing_instruction_P001,adr_packing_instruction_IBC02",2,D/E,2535
adr_goods_2536,adr_class_3,F1,adr_label_3,1,uom.product_uom_litre,METHYLTETRAHYDRO-FURAN,"adr_packing_instruction_P001,adr_packing_instruction_IBC02,adr_packing_instruction_R001",2,D/E,2536
adr_goods_2538,adr_class_4_1,F1,adr_label_4_1,5,uom.product_uom_kgm,NITRONAPHTHALENE,"adr_packing_instruction_P002,adr_packing_instruction_IBC08,adr_packing_instruction_LP02,adr_packing_instruction_R001",3,E,2538
adr_goods_2541,adr_class_3,F1,adr_label_3,5,uom.product_uom_litre,TERPINOLENE,"adr_packing_instruction_P001,adr_packing_instruction_IBC03,adr_packing_instruction_LP01,adr_packing_instruction_R001",3,D/E,2541
adr_goods_2542,adr_class_6_1,T1,adr_label_6_1,100,uom.product_uom_milliliter,TRIBUTYLAMINE,"adr_packing_instruction_P001,adr_packing_instruction_IBC02",2,D/E,2542
adr_goods_2545_S4_4dot2_540_P404_0,adr_class_4_2,S4,adr_label_4_2,,,"HAFNIUM POWDER, DRY",adr_packing_instruction_P404,0,E,2545
adr_goods_2545_S4_4dot2_540_P410/IBC06_2,adr_class_4_2,S4,adr_label_4_2,,,"HAFNIUM POWDER, DRY","adr_packing_instruction_P410,adr_packing_instruction_IBC06",2,D/E,2545
adr_goods_2545_S4_4dot2_540_P002/IBC08/LP02/R001_3,adr_class_4_2,S4,adr_label_4_2,,,"HAFNIUM POWDER, DRY","adr_packing_instruction_P002,adr_packing_instruction_IBC08,adr_packing_instruction_LP02,adr_packing_instruction_R001",3,E,2545
adr_goods_2546_S4_4dot2_540_P404_0,adr_class_4_2,S4,adr_label_4_2,,,"TITANIUM POWDER, DRY",adr_packing_instruction_P404,0,E,2546
adr_goods_2546_S4_4dot2_540_P410/IBC06_2,adr_class_4_2,S4,adr_label_4_2,,,"TITANIUM POWDER, DRY","adr_packing_instruction_P410,adr_packing_instruction_IBC06",2,D/E,2546
adr_goods_2546_S4_4dot2_540_P002/IBC08/LP02/R001_3,adr_class_4_2,S4,adr_label_4_2,,,"TITANIUM POWDER, DRY","adr_packing_instruction_P002,adr_packing_instruction_IBC08,adr_packing_instruction_LP02,adr_packing_instruction_R001",3,E,2546
adr_goods_2547,adr_class_5_1,O2,adr_label_5_1,,,SODIUM SUPEROXIDE,"adr_packing_instruction_P503,adr_packing_instruction_IBC06",1,E,2547
adr_goods_2548,adr_class_2,2TOC,"adr_label_2_3,adr_label_5_1,adr_label_8",,,CHLORINE PENTAFLUORIDE,adr_packing_instruction_P200,1,D,2548
adr_goods_2552,adr_class_6_1,T1,adr_label_6_1,100,uom.product_uom_milliliter,"HEXAFLUOROACETONE HYDRATE, LIQUID","adr_packing_instruction_P001,adr_packing_instruction_IBC02",2,D/E,2552
adr_goods_2554,adr_class_3,F1,adr_label_3,1,uom.product_uom_litre,METHYLALLYL CHLORIDE,"adr_packing_instruction_P001,adr_packing_instruction_IBC02,adr_packing_instruction_R001",2,D/E,2554
adr_goods_2555,adr_class_4_1,D,adr_label_4_1,,,"NITROCELLULOSE WITH WATER (not less than 25% water, by mass)",adr_packing_instruction_P406,2,B,2555
adr_goods_2556,adr_class_4_1,D,adr_label_4_1,,,"NITROCELLULOSE WITH ALCOHOL (not less than 25% alcohol, by mass, and not more than 12.6% nitrogen, by dry mass)",adr_packing_instruction_P406,2,B,2556
adr_goods_2557,adr_class_4_1,D,adr_label_4_1,,,"NITROCELLULOSE, with not more than 12.6% nitrogen, by dry mass, MIXTURE WITH or WITHOUT PLASTICIZER, WITH or WITHOUT PIGMENT",adr_packing_instruction_P406,2,B,2557
adr_goods_2558,adr_class_6_1,TF1,"adr_label_6_1,adr_label_3",,,EPIBROMOHYDRIN,adr_packing_instruction_P001,1,C/D,2558
adr_goods_2560,adr_class_3,F1,adr_label_3,5,uom.product_uom_litre,2-METHYLPENTAN-2-OL,"adr_packing_instruction_P001,adr_packing_instruction_IBC03,adr_packing_instruction_LP01,adr_packing_instruction_R001",3,D/E,2560
adr_goods_2561,adr_class_3,F1,adr_label_3,,,3-METHYL-1-BUTENE,adr_packing_instruction_P001,1,D/E,2561
adr_goods_2564_1L,adr_class_8,C3,adr_label_8,1,uom.product_uom_litre,TRICHLOROACETIC ACID SOLUTION,"adr_packing_instruction_P001,adr_packing_instruction_IBC02",2,E,2564
adr_goods_2564_5L,adr_class_8,C3,adr_label_8,5,uom.product_uom_litre,TRICHLOROACETIC ACID SOLUTION,"adr_packing_instruction_P001,adr_packing_instruction_IBC03,adr_packing_instruction_LP01,adr_packing_instruction_R001",3,E,2564
adr_goods_2565,adr_class_8,C7,adr_label_8,5,uom.product_uom_litre,DICYCLOHEXYLAMINE,"adr_packing_instruction_P001,adr_packing_instruction_IBC03,adr_packing_instruction_LP01,adr_packing_instruction_R001",3,E,2565
adr_goods_2567,adr_class_6_1,T2,adr_label_6_1,500,uom.product_uom_gram,SODIUM PENTACHLOROPHENATE,"adr_packing_instruction_P002,adr_packing_instruction_IBC08",2,D/E,2567
adr_goods_2570,adr_class_6_1,T5,adr_label_6_1,,,CADMIUM COMPOUND,"adr_packing_instruction_P002,adr_packing_instruction_IBC07",1,C/E,2570
adr_goods_2570_500g,adr_class_6_1,T5,adr_label_6_1,500,uom.product_uom_gram,CADMIUM COMPOUND,"adr_packing_instruction_P002,adr_packing_instruction_IBC08",2,D/E,2570
adr_goods_2570_5kg,adr_class_6_1,T5,adr_label_6_1,5,uom.product_uom_kgm,CADMIUM COMPOUND,"adr_packing_instruction_P002,adr_packing_instruction_IBC08,adr_packing_instruction_R001,adr_packing_instruction_LP02",2,E,2570
adr_goods_2571,adr_class_8,C3,adr_label_8,1,uom.product_uom_litre,ALKYLSULPHURIC ACIDS,"adr_packing_instruction_P001,adr_packing_instruction_IBC02",2,E,2571
adr_goods_2572,adr_class_6_1,T1,adr_label_6_1,100,uom.product_uom_milliliter,PHENYLHYDRAZINE,"adr_packing_instruction_P001,adr_packing_instruction_IBC02",2,D/E,2572
adr_goods_2573,adr_class_5_1,OT2,"adr_label_5_1,adr_label_6_1",1,uom.product_uom_kgm,THALLIUM CHLORATE,"adr_packing_instruction_P002,adr_packing_instruction_IBC06",2,E,2573
adr_goods_2574,adr_class_6_1,T1,adr_label_6_1,100,uom.product_uom_milliliter,TRICRESYL PHOSPHATE with more than 3% ortho isomer,"adr_packing_instruction_P001,adr_packing_instruction_IBC02",2,D/E,2574
adr_goods_2576,adr_class_8,C1,adr_label_8,,,"PHOSPHORUS OXYBROMIDE, MOLTEN",,2,E,2576
adr_goods_2577,adr_class_8,C3,adr_label_8,1,uom.product_uom_litre,PHENYLACETYL CHLORIDE,"adr_packing_instruction_P001,adr_packing_instruction_IBC02",2,E,2577
adr_goods_2578,adr_class_8,C2,adr_label_8,5,uom.product_uom_kgm,PHOSPHORUS TRIOXIDE,"adr_packing_instruction_P002,adr_packing_instruction_IBC08,adr_packing_instruction_LP02,adr_packing_instruction_R001",3,E,2578
adr_goods_2579,adr_class_8,C8,adr_label_8,5,uom.product_uom_kgm,PIPERAZINE,"adr_packing_instruction_P002,adr_packing_instruction_IBC08,adr_packing_instruction_LP02,adr_packing_instruction_R001",3,E,2579
adr_goods_2580,adr_class_8,C1,adr_label_8,5,uom.product_uom_litre,ALUMINIUM BROMIDE SOLUTION,"adr_packing_instruction_P001,adr_packing_instruction_IBC03,adr_packing_instruction_LP01,adr_packing_instruction_R001",3,E,2580
adr_goods_2581,adr_class_8,C1,adr_label_8,5,uom.product_uom_litre,ALUMINIUM CHLORIDE SOLUTION,"adr_packing_instruction_P001,adr_packing_instruction_IBC03,adr_packing_instruction_LP01,adr_packing_instruction_R001",3,E,2581
adr_goods_2582,adr_class_8,C1,adr_label_8,5,uom.product_uom_litre,FERRIC CHLORIDE SOLUTION,"adr_packing_instruction_P001,adr_packing_instruction_IBC03,adr_packing_instruction_LP01,adr_packing_instruction_R001",3,E,2582
adr_goods_2583,adr_class_8,C2,adr_label_8,1,uom.product_uom_kgm,"ALKYLSULPHONIC ACIDS, SOLID or ARYLSULPHONIC ACIDS, SOLID with more than 5% free sulphuric acid","adr_packing_instruction_P002,adr_packing_instruction_IBC08",2,E,2583
adr_goods_2584,adr_class_8,C1,adr_label_8,1,uom.product_uom_litre,"ALKYLSULPHONIC ACIDS, LIQUID or ARYLSULPHONIC ACIDS, LIQUID with more than 5% free sulphuric acid","adr_packing_instruction_P001,adr_packing_instruction_IBC02",2,E,2584
adr_goods_2585,adr_class_8,C4,adr_label_8,5,uom.product_uom_kgm,"ALKYLSULPHONIC ACIDS, SOLID or ARYLSULPHONIC ACIDS, SOLID with not more than 5% free sulphuric acid","adr_packing_instruction_P002,adr_packing_instruction_IBC08,adr_packing_instruction_LP02,adr_packing_instruction_R001",3,E,2585
adr_goods_2586,adr_class_8,C3,adr_label_8,5,uom.product_uom_litre,"ALKYLSULPHONIC ACIDS, LIQUID or ARYLSULPHONIC ACIDS, LIQUID with not more than 5% free sulphuric acid","adr_packing_instruction_P001,adr_packing_instruction_IBC03,adr_packing_instruction_LP01,adr_packing_instruction_R001",3,E,2586
adr_goods_2587,adr_class_6_1,T2,adr_label_6_1,500,uom.product_uom_gram,BENZOQUINONE,"adr_packing_instruction_P002,adr_packing_instruction_IBC08",2,D/E,2587
adr_goods_2588,adr_class_6_1,T7,adr_label_6_1,,,"PESTICIDE, SOLID, TOXIC, N.O.S.","adr_packing_instruction_P002,adr_packing_instruction_IBC02",1,C/E,2588
adr_goods_2588_500g,adr_class_6_1,T7,adr_label_6_1,500,uom.product_uom_gram,"PESTICIDE, SOLID, TOXIC, N.O.S.","adr_packing_instruction_P002,adr_packing_instruction_IBC08",2,D/E,2588
adr_goods_2588_5kg,adr_class_6_1,T7,adr_label_6_1,5,uom.product_uom_kgm,"PESTICIDE, SOLID, TOXIC, N.O.S.","adr_packing_instruction_P002,adr_packing_instruction_IBC08,adr_packing_instruction_LP02,adr_packing_instruction_R001",2,E,2588
adr_goods_2589,adr_class_6_1,TF1,"adr_label_6_1,adr_label_3",100,uom.product_uom_milliliter,VINYL CHLOROACETATE,"adr_packing_instruction_P001,adr_packing_instruction_IBC02",2,D/E,2589
adr_goods_2590,adr_class_9,M1,adr_label_9,5,uom.product_uom_kgm,"ASBESTOS, CHRYSOTILE","adr_packing_instruction_P002,adr_packing_instruction_IBC08,adr_packing_instruction_R001",3,E,2590
adr_goods_2591,adr_class_2,3A,adr_label_2_2,120,uom.product_uom_milliliter,"XENON, REFRIGERATED LIQUID",adr_packing_instruction_P203,3,C/E,2591
adr_goods_2599,adr_class_2,2A,adr_label_2_2,120,uom.product_uom_milliliter,CHLOROTRIFLUORO-METHANE AND TRIFLUOROMETHANE AZEOTROPIC MIXTURE with approximately 60% chlorotrifluoromethane (REFRIGERANT GAS R 503),adr_packing_instruction_P200,3,C/E,2599
adr_goods_2601,adr_class_2,2F,adr_label_2_1,,,CYCLOBUTANE,adr_packing_instruction_P200,2,B/D,2601
adr_goods_2602,adr_class_2,2A,adr_label_2_2,120,uom.product_uom_milliliter,"DICHLORODIFLUORO-METHANE AND 1,1-DIFLUOROETHANE AZEOTROPIC MIXTURE with approximately 74% dichlorodifluoromethane (REFRIGERANT GAS R 500)",adr_packing_instruction_P200,3,C/E,2602
adr_goods_2603,adr_class_3,FT1,"adr_label_3,adr_label_6_1",1,uom.product_uom_litre,CYCLOHEPTATRIENE,"adr_packing_instruction_P001,adr_packing_instruction_IBC02",2,D/E,2603
adr_goods_2604,adr_class_8,CF1,"adr_label_8,adr_label_3",,,BORON TRIFLUORIDE DIETHYL ETHERATE,adr_packing_instruction_P001,1,D/E,2604
adr_goods_2605,adr_class_6_1,TF1,"adr_label_6_1,adr_label_3",,,METHOXYMETHYL ISOCYANATE,adr_packing_instruction_P602,1,C/D,2605
adr_goods_2606,adr_class_6_1,TF1,"adr_label_6_1,adr_label_3",,,METHYL ORTHOSILICATE,adr_packing_instruction_P602,1,C/D,2606
adr_goods_2607,adr_class_3,F1,adr_label_3,5,uom.product_uom_litre,"ACROLEIN DIMER, STABILIZED","adr_packing_instruction_P001,adr_packing_instruction_IBC03,adr_packing_instruction_LP01,adr_packing_instruction_R001",3,D/E,2607
adr_goods_2608,adr_class_3,F1,adr_label_3,5,uom.product_uom_litre,NITROPROPANES,"adr_packing_instruction_P001,adr_packing_instruction_IBC03,adr_packing_instruction_LP01,adr_packing_instruction_R001",3,D/E,2608
adr_goods_2609,adr_class_6_1,T1,adr_label_6_1,5,uom.product_uom_litre,TRIALLYL BORATE,"adr_packing_instruction_P001,adr_packing_instruction_IBC03,adr_packing_instruction_LP01,adr_packing_instruction_R001",2,E,2609
adr_goods_2610,adr_class_3,FC,"adr_label_3,adr_label_8",5,uom.product_uom_litre,TRIALLYLAMINE,"adr_packing_instruction_P001,adr_packing_instruction_IBC03,adr_packing_instruction_R001",3,D/E,2610
adr_goods_2611,adr_class_6_1,TF1,"adr_label_6_1,adr_label_3",100,uom.product_uom_milliliter,PROPYLENE CHLOROHYDRIN,"adr_packing_instruction_P001,adr_packing_instruction_IBC02",2,D/E,2611
adr_goods_2612,adr_class_3,F1,adr_label_3,1,uom.product_uom_litre,METHYL PROPYL ETHER,"adr_packing_instruction_P001,adr_packing_instruction_IBC02",2,D/E,2612
adr_goods_2614,adr_class_3,F1,adr_label_3,5,uom.product_uom_litre,METHALLYL ALCOHOL,"adr_packing_instruction_P001,adr_packing_instruction_IBC03,adr_packing_instruction_LP01,adr_packing_instruction_R001",3,D/E,2614
adr_goods_2615,adr_class_3,F1,adr_label_3,1,uom.product_uom_litre,ETHYL PROPYL ETHER,"adr_packing_instruction_P001,adr_packing_instruction_IBC02,adr_packing_instruction_R001",2,D/E,2615
adr_goods_2616_1L,adr_class_3,F1,adr_label_3,1,uom.product_uom_litre,TRIISOPROPYL BORATE,"adr_packing_instruction_P001,adr_packing_instruction_IBC02,adr_packing_instruction_R001",2,D/E,2616
adr_goods_2616_5L,adr_class_3,F1,adr_label_3,5,uom.product_uom_litre,TRIISOPROPYL BORATE,"adr_packing_instruction_P001,adr_packing_instruction_IBC03,adr_packing_instruction_LP01,adr_packing_instruction_R001",3,D/E,2616
adr_goods_2617,adr_class_3,F1,adr_label_3,5,uom.product_uom_litre,"METHYLCYCLO-HEXANOLS, flammable","adr_packing_instruction_P001,adr_packing_instruction_IBC03,adr_packing_instruction_LP01,adr_packing_instruction_R001",3,D/E,2617
adr_goods_2618,adr_class_3,F1,adr_label_3,5,uom.product_uom_litre,"VINYLTOLUENES, STABILIZED","adr_packing_instruction_P001,adr_packing_instruction_IBC03,adr_packing_instruction_LP01,adr_packing_instruction_R001",3,D/E,2618
adr_goods_2619,adr_class_8,CF1,"adr_label_8,adr_label_3",1,uom.product_uom_litre,BENZYLDIMETHYLAMINE,"adr_packing_instruction_P001,adr_packing_instruction_IBC02",2,D/E,2619
adr_goods_2620,adr_class_3,F1,adr_label_3,5,uom.product_uom_litre,AMYL BUTYRATES,"adr_packing_instruction_P001,adr_packing_instruction_IBC03,adr_packing_instruction_LP01,adr_packing_instruction_R001",3,D/E,2620
adr_goods_2621,adr_class_3,F1,adr_label_3,5,uom.product_uom_litre,ACETYL METHYL CARBINOL,"adr_packing_instruction_P001,adr_packing_instruction_IBC03,adr_packing_instruction_LP01,adr_packing_instruction_R001",3,D/E,2621
adr_goods_2622,adr_class_3,FT1,"adr_label_3,adr_label_6_1",1,uom.product_uom_litre,GLYCIDALDEHYDE,"adr_packing_instruction_P001,adr_packing_instruction_IBC02",2,D/E,2622
adr_goods_2623,adr_class_4_1,F1,adr_label_4_1,5,uom.product_uom_kgm,"FIRELIGHTERS, SOLID with flammable liquid","adr_packing_instruction_P002,adr_packing_instruction_LP02,adr_packing_instruction_R001",4,E,2623
adr_goods_2624,adr_class_4_3,W2,adr_label_4_3,500,uom.product_uom_gram,MAGNESIUM SILICIDE,"adr_packing_instruction_P410,adr_packing_instruction_IBC07",2,D/E,2624
adr_goods_2626,adr_class_5_1,O1,adr_label_5_1,1,uom.product_uom_litre,"CHLORIC ACID, AQUEOUS SOLUTION with not more than 10% chloric acid","adr_packing_instruction_P504,adr_packing_instruction_IBC02",2,E,2626
adr_goods_2627,adr_class_5_1,O2,adr_label_5_1,1,uom.product_uom_kgm,"NITRITES, INORGANIC, N.O.S.","adr_packing_instruction_P002,adr_packing_instruction_IBC08",2,E,2627
adr_goods_2628,adr_class_6_1,T2,adr_label_6_1,,,POTASSIUM FLUOROACETATE,"adr_packing_instruction_P002,adr_packing_instruction_IBC07",1,C/E,2628
adr_goods_2629,adr_class_6_1,T2,adr_label_6_1,,,SODIUM FLUOROACETATE,"adr_packing_instruction_P002,adr_packing_instruction_IBC07",1,C/E,2629
adr_goods_2630,adr_class_6_1,T5,adr_label_6_1,,,SELENATES or SELENITES,"adr_packing_instruction_P002,adr_packing_instruction_IBC07",1,C/E,2630
adr_goods_2642,adr_class_6_1,T2,adr_label_6_1,,,FLUOROACETIC ACID,"adr_packing_instruction_P002,adr_packing_instruction_IBC07",1,C/E,2642
adr_goods_2643,adr_class_6_1,T1,adr_label_6_1,100,uom.product_uom_milliliter,METHYL BROMOACETATE,"adr_packing_instruction_P001,adr_packing_instruction_IBC02",2,D/E,2643
adr_goods_2644,adr_class_6_1,T1,adr_label_6_1,,,METHYL IODIDE,adr_packing_instruction_P602,1,C/D,2644
adr_goods_2645,adr_class_6_1,T2,adr_label_6_1,500,uom.product_uom_gram,PHENACYL BROMIDE,"adr_packing_instruction_P002,adr_packing_instruction_IBC08",2,D/E,2645
adr_goods_2646,adr_class_6_1,T1,adr_label_6_1,,,HEXACHLOROCYCLO-PENTADIENE,adr_packing_instruction_P602,1,C/D,2646
adr_goods_2647,adr_class_6_1,T2,adr_label_6_1,500,uom.product_uom_gram,MALONONITRILE,"adr_packing_instruction_P002,adr_packing_instruction_IBC08",2,D/E,2647
adr_goods_2648,adr_class_6_1,T1,adr_label_6_1,100,uom.product_uom_milliliter,"1,2-DIBROMOBUTAN-3-ONE","adr_packing_instruction_P001,adr_packing_instruction_IBC02",2,D/E,2648
adr_goods_2649,adr_class_6_1,T2,adr_label_6_1,500,uom.product_uom_gram,"1,3-DICHLOROACETONE","adr_packing_instruction_P002,adr_packing_instruction_IBC08",2,D/E,2649
adr_goods_2650,adr_class_6_1,T1,adr_label_6_1,100,uom.product_uom_milliliter,"1,1-DICHLORO-1-NITROETHANE","adr_packing_instruction_P001,adr_packing_instruction_IBC02",2,D/E,2650
adr_goods_2651,adr_class_6_1,T2,adr_label_6_1,5,uom.product_uom_kgm,"4,4'-DIAMINODIPHENYL-METHANE","adr_packing_instruction_P002,adr_packing_instruction_IBC08,adr_packing_instruction_LP02,adr_packing_instruction_R001",2,E,2651
adr_goods_2653,adr_class_6_1,T1,adr_label_6_1,100,uom.product_uom_milliliter,BENZYL IODIDE,"adr_packing_instruction_P001,adr_packing_instruction_IBC02",2,D/E,2653
adr_goods_2655,adr_class_6_1,T5,adr_label_6_1,5,uom.product_uom_kgm,POTASSIUM FLUOROSILICATE,"adr_packing_instruction_P002,adr_packing_instruction_IBC08,adr_packing_instruction_LP02,adr_packing_instruction_R001",2,E,2655
adr_goods_2656,adr_class_6_1,T1,adr_label_6_1,5,uom.product_uom_litre,QUINOLINE,"adr_packing_instruction_P001,adr_packing_instruction_IBC03,adr_packing_instruction_LP01,adr_packing_instruction_R001",2,E,2656
adr_goods_2657,adr_class_6_1,T5,adr_label_6_1,500,uom.product_uom_gram,SELENIUM DISULPHIDE,"adr_packing_instruction_P002,adr_packing_instruction_IBC08",2,D/E,2657
adr_goods_2659,adr_class_6_1,T2,adr_label_6_1,5,uom.product_uom_kgm,SODIUM CHLOROACETATE,"adr_packing_instruction_P002,adr_packing_instruction_IBC08,adr_packing_instruction_LP02,adr_packing_instruction_R001",2,E,2659
adr_goods_2660,adr_class_6_1,T2,adr_label_6_1,5,uom.product_uom_kgm,NITROTOLUIDINES (MONO),"adr_packing_instruction_P002,adr_packing_instruction_IBC08,adr_packing_instruction_LP02,adr_packing_instruction_R001",2,E,2660
adr_goods_2661,adr_class_6_1,T1,adr_label_6_1,5,uom.product_uom_litre,HEXACHLOROACETONE,"adr_packing_instruction_P001,adr_packing_instruction_IBC03,adr_packing_instruction_LP01,adr_packing_instruction_R001",2,E,2661
adr_goods_2664,adr_class_6_1,T1,adr_label_6_1,5,uom.product_uom_litre,DIBROMOMETHANE,"adr_packing_instruction_P001,adr_packing_instruction_IBC03,adr_packing_instruction_LP01,adr_packing_instruction_R001",2,E,2664
adr_goods_2667,adr_class_6_1,T1,adr_label_6_1,5,uom.product_uom_litre,BUTYLTOLUENES,"adr_packing_instruction_P001,adr_packing_instruction_IBC03,adr_packing_instruction_LP01,adr_packing_instruction_R001",2,E,2667
adr_goods_2668,adr_class_6_1,TF1,"adr_label_6_1,adr_label_3",,,CHLOROACETONITRILE,adr_packing_instruction_P602,1,C/D,2668
adr_goods_2669_100ml,adr_class_6_1,T1,adr_label_6_1,100,uom.product_uom_milliliter,CHLOROCRESOLS SOLUTION,"adr_packing_instruction_P001,adr_packing_instruction_IBC02",2,D/E,2669
adr_goods_2669_5L,adr_class_6_1,T1,adr_label_6_1,5,uom.product_uom_litre,CHLOROCRESOLS SOLUTION,"adr_packing_instruction_P001,adr_packing_instruction_IBC03,adr_packing_instruction_LP01,adr_packing_instruction_R001",2,E,2669
adr_goods_2670,adr_class_8,C4,adr_label_8,1,uom.product_uom_kgm,CYANURIC CHLORIDE,"adr_packing_instruction_P002,adr_packing_instruction_IBC08",2,E,2670
adr_goods_2671,adr_class_6_1,T2,adr_label_6_1,500,uom.product_uom_gram,"AMINOPYRIDINES (o-, m-, p-)","adr_packing_instruction_P002,adr_packing_instruction_IBC08",2,D/E,2671
adr_goods_2672,adr_class_8,C5,adr_label_8,5,uom.product_uom_litre,"AMMONIA SOLUTION, relative density between 0.880 and 0.957 at 15 °C in water, with more than 10% but not more than 35% ammonia","adr_packing_instruction_P001,adr_packing_instruction_IBC03,adr_packing_instruction_LP01,adr_packing_instruction_R001",3,E,2672
adr_goods_2673,adr_class_6_1,T2,adr_label_6_1,500,uom.product_uom_gram,2-AMINO-4-CHLOROPHENOL,"adr_packing_instruction_P002,adr_packing_instruction_IBC08",2,D/E,2673
adr_goods_2674,adr_class_6_1,T5,adr_label_6_1,5,uom.product_uom_kgm,SODIUM FLUOROSILICATE,"adr_packing_instruction_P002,adr_packing_instruction_IBC08,adr_packing_instruction_LP02,adr_packing_instruction_R001",2,E,2674
adr_goods_2676,adr_class_2,2TF,"adr_label_2_3,adr_label_2_1",,,STIBINE,adr_packing_instruction_P200,1,D,2676
adr_goods_2677_1L,adr_class_8,C5,adr_label_8,1,uom.product_uom_litre,RUBIDIUM HYDROXIDE SOLUTION,"adr_packing_instruction_P001,adr_packing_instruction_IBC02",2,E,2677
adr_goods_2677_5L,adr_class_8,C5,adr_label_8,5,uom.product_uom_litre,RUBIDIUM HYDROXIDE SOLUTION,"adr_packing_instruction_P001,adr_packing_instruction_IBC03,adr_packing_instruction_LP01,adr_packing_instruction_R001",3,E,2677
adr_goods_2678,adr_class_8,C6,adr_label_8,1,uom.product_uom_kgm,RUBIDIUM HYDROXIDE,"adr_packing_instruction_P002,adr_packing_instruction_IBC08",2,E,2678
adr_goods_2679_1L,adr_class_8,C5,adr_label_8,1,uom.product_uom_litre,LITHIUM HYDROXIDE SOLUTION,"adr_packing_instruction_P001,adr_packing_instruction_IBC02",2,E,2679
adr_goods_2679_5L,adr_class_8,C5,adr_label_8,5,uom.product_uom_litre,LITHIUM HYDROXIDE SOLUTION,"adr_packing_instruction_P001,adr_packing_instruction_IBC03,adr_packing_instruction_LP01,adr_packing_instruction_R001",3,E,2679
adr_goods_2680,adr_class_8,C6,adr_label_8,1,uom.product_uom_kgm,LITHIUM HYDROXIDE,"adr_packing_instruction_P002,adr_packing_instruction_IBC08",2,E,2680
adr_goods_2681_1L,adr_class_8,C5,adr_label_8,1,uom.product_uom_litre,CAESIUM HYDROXIDE SOLUTION,"adr_packing_instruction_P001,adr_packing_instruction_IBC02",2,E,2681
adr_goods_2681_5L,adr_class_8,C5,adr_label_8,5,uom.product_uom_litre,CAESIUM HYDROXIDE SOLUTION,"adr_packing_instruction_P001,adr_packing_instruction_IBC03,adr_packing_instruction_LP01,adr_packing_instruction_R001",3,E,2681
adr_goods_2682,adr_class_8,C6,adr_label_8,1,uom.product_uom_kgm,CAESIUM HYDROXIDE,"adr_packing_instruction_P002,adr_packing_instruction_IBC08",2,E,2682
adr_goods_2683,adr_class_8,CFT,"adr_label_8,adr_label_3,adr_label_6_1",1,uom.product_uom_litre,AMMONIUM SULPHIDE SOLUTION,"adr_packing_instruction_P001,adr_packing_instruction_IBC01",2,D/E,2683
adr_goods_2684,adr_class_3,FC,"adr_label_3,adr_label_8",5,uom.product_uom_litre,3-DIETHYLAMINO-PROPYLAMINE,"adr_packing_instruction_P001,adr_packing_instruction_IBC03,adr_packing_instruction_R001",3,D/E,2684
adr_goods_2685,adr_class_8,CF1,"adr_label_8,adr_label_3",1,uom.product_uom_litre,"N,N-DIETHYL-ETHYLENEDIAMINE","adr_packing_instruction_P001,adr_packing_instruction_IBC02",2,D/E,2685
adr_goods_2686,adr_class_8,CF1,"adr_label_8,adr_label_3",1,uom.product_uom_litre,2-DIETHYL-AMINOETHANOL,"adr_packing_instruction_P001,adr_packing_instruction_IBC02",2,D/E,2686
adr_goods_2687,adr_class_4_1,F3,adr_label_4_1,5,uom.product_uom_kgm,DICYCLOHEXYL-AMMONIUM NITRITE,"adr_packing_instruction_P002,adr_packing_instruction_IBC08,adr_packing_instruction_LP02,adr_packing_instruction_R001",3,E,2687
adr_goods_2688,adr_class_6_1,T1,adr_label_6_1,5,uom.product_uom_litre,1-BROMO-3-CHLOROPROPANE,"adr_packing_instruction_P001,adr_packing_instruction_IBC03,adr_packing_instruction_LP01,adr_packing_instruction_R001",2,E,2688
adr_goods_2689,adr_class_6_1,T1,adr_label_6_1,5,uom.product_uom_litre,GLYCEROL alpha-MONOCHLOROHYDRIN,"adr_packing_instruction_P001,adr_packing_instruction_IBC03,adr_packing_instruction_LP01,adr_packing_instruction_R001",2,E,2689
adr_goods_2690,adr_class_6_1,T1,adr_label_6_1,100,uom.product_uom_milliliter,"N,n-BUTYLIMIDAZOLE","adr_packing_instruction_P001,adr_packing_instruction_IBC02",2,D/E,2690
adr_goods_2691,adr_class_8,C2,adr_label_8,1,uom.product_uom_kgm,PHOSPHORUS PENTABROMIDE,"adr_packing_instruction_P002,adr_packing_instruction_IBC08",2,E,2691
adr_goods_2692,adr_class_8,C1,adr_label_8,,,BORON TRIBROMIDE,adr_packing_instruction_P602,1,E,2692
adr_goods_2693,adr_class_8,C1,adr_label_8,5,uom.product_uom_litre,"BISULPHITES, AQUEOUS SOLUTION, N.O.S.","adr_packing_instruction_P001,adr_packing_instruction_IBC03,adr_packing_instruction_LP01,adr_packing_instruction_R001",3,E,2693
adr_goods_2698,adr_class_8,C4,adr_label_8,5,uom.product_uom_kgm,TETRAHYDROPHTHALIC ANHYDRIDES with more than 0.05% of maleic anhydride,"adr_packing_instruction_P002,adr_packing_instruction_IBC08,adr_packing_instruction_LP02,adr_packing_instruction_R001",3,E,2698
adr_goods_2699,adr_class_8,C3,adr_label_8,,,TRIFLUOROACETIC ACID,adr_packing_instruction_P001,1,E,2699
adr_goods_2705,adr_class_8,C9,adr_label_8,1,uom.product_uom_litre,1-PENTOL,"adr_packing_instruction_P001,adr_packing_instruction_IBC02",2,E,2705
adr_goods_2707_1L,adr_class_3,F1,adr_label_3,1,uom.product_uom_litre,DIMETHYLDIOXANES,"adr_packing_instruction_P001,adr_packing_instruction_IBC02,adr_packing_instruction_R001",2,D/E,2707
adr_goods_2707_5L,adr_class_3,F1,adr_label_3,5,uom.product_uom_litre,DIMETHYLDIOXANES,"adr_packing_instruction_P001,adr_packing_instruction_IBC03,adr_packing_instruction_LP01,adr_packing_instruction_R001",3,D/E,2707
adr_goods_2709,adr_class_3,F1,adr_label_3,5,uom.product_uom_litre,BUTYLBENZENES,"adr_packing_instruction_P001,adr_packing_instruction_IBC03,adr_packing_instruction_LP01,adr_packing_instruction_R001",3,D/E,2709
adr_goods_2710,adr_class_3,F1,adr_label_3,5,uom.product_uom_litre,DIPROPYL KETONE,"adr_packing_instruction_P001,adr_packing_instruction_IBC03,adr_packing_instruction_LP01,adr_packing_instruction_R001",3,D/E,2710
adr_goods_2713,adr_class_6_1,T2,adr_label_6_1,5,uom.product_uom_kgm,ACRIDINE,"adr_packing_instruction_P002,adr_packing_instruction_IBC08,adr_packing_instruction_LP02,adr_packing_instruction_R001",2,E,2713
adr_goods_2714,adr_class_4_1,F3,adr_label_4_1,5,uom.product_uom_kgm,ZINC RESINATE,"adr_packing_instruction_P002,adr_packing_instruction_IBC06,adr_packing_instruction_R001",3,E,2714
adr_goods_2715,adr_class_4_1,F3,adr_label_4_1,5,uom.product_uom_kgm,ALUMINIUM RESINATE,"adr_packing_instruction_P002,adr_packing_instruction_IBC06,adr_packing_instruction_R001",3,E,2715
adr_goods_2716,adr_class_6_1,T2,adr_label_6_1,5,uom.product_uom_kgm,"1,4-BUTYNEDIOL","adr_packing_instruction_P002,adr_packing_instruction_IBC08,adr_packing_instruction_LP02,adr_packing_instruction_R001",2,E,2716
adr_goods_2717,adr_class_4_1,F1,adr_label_4_1,5,uom.product_uom_kgm,"CAMPHOR, synthetic","adr_packing_instruction_P002,adr_packing_instruction_IBC08,adr_packing_instruction_LP02,adr_packing_instruction_R001",3,E,2717
adr_goods_2719,adr_class_5_1,OT2,"adr_label_5_1,adr_label_6_1",1,uom.product_uom_kgm,BARIUM BROMATE,"adr_packing_instruction_P002,adr_packing_instruction_IBC08",2,E,2719
adr_goods_2720,adr_class_5_1,O2,adr_label_5_1,5,uom.product_uom_kgm,CHROMIUM NITRATE,"adr_packing_instruction_P002,adr_packing_instruction_IBC08,adr_packing_instruction_LP02,adr_packing_instruction_R001",3,E,2720
adr_goods_2721,adr_class_5_1,O2,adr_label_5_1,1,uom.product_uom_kgm,COPPER CHLORATE,"adr_packing_instruction_P002,adr_packing_instruction_IBC08",2,E,2721
adr_goods_2722,adr_class_5_1,O2,adr_label_5_1,5,uom.product_uom_kgm,LITHIUM NITRATE,"adr_packing_instruction_P002,adr_packing_instruction_IBC08,adr_packing_instruction_LP02,adr_packing_instruction_R001",3,E,2722
adr_goods_2723,adr_class_5_1,O2,adr_label_5_1,1,uom.product_uom_kgm,MAGNESIUM CHLORATE,"adr_packing_instruction_P002,adr_packing_instruction_IBC08",2,E,2723
adr_goods_2724,adr_class_5_1,O2,adr_label_5_1,5,uom.product_uom_kgm,MANGANESE NITRATE,"adr_packing_instruction_P002,adr_packing_instruction_IBC08,adr_packing_instruction_LP02,adr_packing_instruction_R001",3,E,2724
adr_goods_2725,adr_class_5_1,O2,adr_label_5_1,5,uom.product_uom_kgm,NICKEL NITRATE,"adr_packing_instruction_P002,adr_packing_instruction_IBC08,adr_packing_instruction_LP02,adr_packing_instruction_R001",3,E,2725
adr_goods_2726,adr_class_5_1,O2,adr_label_5_1,5,uom.product_uom_kgm,NICKEL NITRITE,"adr_packing_instruction_P002,adr_packing_instruction_IBC08,adr_packing_instruction_LP02,adr_packing_instruction_R001",3,E,2726
adr_goods_2727,adr_class_6_1,TO2,"adr_label_6_1,adr_label_5_1",500,uom.product_uom_gram,THALLIUM NITRATE,"adr_packing_instruction_P002,adr_packing_instruction_IBC06",2,D/E,2727
adr_goods_2728,adr_class_5_1,O2,adr_label_5_1,5,uom.product_uom_kgm,ZIRCONIUM NITRATE,"adr_packing_instruction_P002,adr_packing_instruction_IBC08,adr_packing_instruction_LP02,adr_packing_instruction_R001",3,E,2728
adr_goods_2729,adr_class_6_1,T2,adr_label_6_1,5,uom.product_uom_kgm,HEXACHLOROBENZENE,"adr_packing_instruction_P002,adr_packing_instruction_IBC08,adr_packing_instruction_LP02,adr_packing_instruction_R001",2,E,2729
adr_goods_2730,adr_class_6_1,T1,adr_label_6_1,5,uom.product_uom_litre,"NITROANISOLES, LIQUID","adr_packing_instruction_P001,adr_packing_instruction_IBC03,adr_packing_instruction_LP01,adr_packing_instruction_R001",2,E,2730
adr_goods_2732,adr_class_6_1,T1,adr_label_6_1,5,uom.product_uom_litre,"NITROBROMOBENZENES, LIQUID","adr_packing_instruction_P001,adr_packing_instruction_IBC03,adr_packing_instruction_LP01,adr_packing_instruction_R001",2,E,2732
adr_goods_2733,adr_class_3,FC,"adr_label_3,adr_label_8",,,"AMINES, FLAMMABLE, CORROSIVE, N.O.S. or POLYAMINES, FLAMMABLE, CORROSIVE, N.O.S.",adr_packing_instruction_P001,1,C/E,2733
adr_goods_2733_1L,adr_class_3,FC,"adr_label_3,adr_label_8",1,uom.product_uom_litre,"AMINES, FLAMMABLE, CORROSIVE, N.O.S. or POLYAMINES, FLAMMABLE, CORROSIVE, N.O.S.","adr_packing_instruction_P001,adr_packing_instruction_IBC02",2,D/E,2733
adr_goods_2733_5L,adr_class_3,FC,"adr_label_3,adr_label_8",5,uom.product_uom_litre,"AMINES, FLAMMABLE, CORROSIVE, N.O.S. or POLYAMINES, FLAMMABLE, CORROSIVE, N.O.S.","adr_packing_instruction_P001,adr_packing_instruction_IBC03,adr_packing_instruction_R001",3,D/E,2733
adr_goods_2734,adr_class_8,CF1,"adr_label_8,adr_label_3",,,"AMINES, LIQUID, CORROSIVE, FLAMMABLE, N.O.S. or POLYAMINES, LIQUID, CORROSIVE, FLAMMABLE, N.O.S.",adr_packing_instruction_P001,1,D/E,2734
adr_goods_2734_1L,adr_class_8,CF1,"adr_label_8,adr_label_3",1,uom.product_uom_litre,"AMINES, LIQUID, CORROSIVE, FLAMMABLE, N.O.S. or POLYAMINES, LIQUID, CORROSIVE, FLAMMABLE, N.O.S.","adr_packing_instruction_P001,adr_packing_instruction_IBC02",2,D/E,2734
adr_goods_2735,adr_class_8,C7,adr_label_8,,,"AMINES, LIQUID, CORROSIVE, N.O.S. or POLYAMINES, LIQUID, CORROSIVE, N.O.S.",adr_packing_instruction_P001,1,E,2735
adr_goods_2735_1L,adr_class_8,C7,adr_label_8,1,uom.product_uom_litre,"AMINES, LIQUID, CORROSIVE, N.O.S. or POLYAMINES, LIQUID, CORROSIVE, N.O.S.","adr_packing_instruction_P001,adr_packing_instruction_IBC02",2,E,2735
adr_goods_2735_5L,adr_class_8,C7,adr_label_8,5,uom.product_uom_litre,"AMINES, LIQUID, CORROSIVE, N.O.S. or POLYAMINES, LIQUID, CORROSIVE, N.O.S.","adr_packing_instruction_P001,adr_packing_instruction_IBC03,adr_packing_instruction_LP01,adr_packing_instruction_R001",3,E,2735
adr_goods_2738,adr_class_6_1,T1,adr_label_6_1,100,uom.product_uom_milliliter,N-BUTYLANILINE,"adr_packing_instruction_P001,adr_packing_instruction_IBC02",2,D/E,2738
adr_goods_2739,adr_class_8,C3,adr_label_8,5,uom.product_uom_litre,BUTYRIC ANHYDRIDE,"adr_packing_instruction_P001,adr_packing_instruction_IBC03,adr_packing_instruction_LP01,adr_packing_instruction_R001",3,E,2739
adr_goods_2740,adr_class_6_1,TFC,"adr_label_6_1,adr_label_3,adr_label_8",,,n-PROPYL CHLOROFORMATE,adr_packing_instruction_P602,1,C/D,2740
adr_goods_2741,adr_class_5_1,OT2,"adr_label_5_1,adr_label_6_1",1,uom.product_uom_kgm,BARIUM HYPOCHLORITE with more than 22% available chlorine,"adr_packing_instruction_P002,adr_packing_instruction_IBC08",2,E,2741
adr_goods_2742,adr_class_6_1,TFC,"adr_label_6_1,adr_label_3,adr_label_8",100,uom.product_uom_milliliter,"CHLOROFORMATES, TOXIC, CORROSIVE, FLAMMABLE, N.O.S.","adr_packing_instruction_P001,adr_packing_instruction_IBC01",2,D/E,2742
adr_goods_2743,adr_class_6_1,TFC,"adr_label_6_1,adr_label_3,adr_label_8",100,uom.product_uom_milliliter,n-BUTYL CHLOROFORMATE,adr_packing_instruction_P001,2,D/E,2743
adr_goods_2744,adr_class_6_1,TFC,"adr_label_6_1,adr_label_3,adr_label_8",100,uom.product_uom_milliliter,CYCLOBUTYL CHLOROFORMATE,"adr_packing_instruction_P001,adr_packing_instruction_IBC01",2,D/E,2744
adr_goods_2745,adr_class_6_1,TC1,"adr_label_6_1,adr_label_8",100,uom.product_uom_milliliter,CHLOROMETHYL CHLOROFORMATE,"adr_packing_instruction_P001,adr_packing_instruction_IBC02",2,D/E,2745
adr_goods_2746,adr_class_6_1,TC1,"adr_label_6_1,adr_label_8",100,uom.product_uom_milliliter,PHENYL CHLOROFORMATE,"adr_packing_instruction_P001,adr_packing_instruction_IBC02",2,D/E,2746
adr_goods_2747,adr_class_6_1,T1,adr_label_6_1,5,uom.product_uom_litre,tert-BUTYLCYCLOHEXYL CHLOROFORMATE,"adr_packing_instruction_P001,adr_packing_instruction_IBC03,adr_packing_instruction_LP01,adr_packing_instruction_R001",2,E,2747
adr_goods_2748,adr_class_6_1,TC1,"adr_label_6_1,adr_label_8",100,uom.product_uom_milliliter,2-ETHYLHEXYL CHLOROFORMATE,"adr_packing_instruction_P001,adr_packing_instruction_IBC02",2,D/E,2748
adr_goods_2749,adr_class_3,F1,adr_label_3,,,TETRAMETHYLSILANE,adr_packing_instruction_P001,1,D/E,2749
adr_goods_2750,adr_class_6_1,T1,adr_label_6_1,100,uom.product_uom_milliliter,"1,3-DICHLOROPROPANOL-2","adr_packing_instruction_P001,adr_packing_instruction_IBC02",2,D/E,2750
adr_goods_2751,adr_class_8,C3,adr_label_8,1,uom.product_uom_litre,DIETHYLTHIO-PHOSPHORYL CHLORIDE,"adr_packing_instruction_P001,adr_packing_instruction_IBC02",2,E,2751
adr_goods_2752,adr_class_3,F1,adr_label_3,5,uom.product_uom_litre,"1,2-EPOXY-3-ETHOXYPROPANE","adr_packing_instruction_P001,adr_packing_instruction_IBC03,adr_packing_instruction_LP01,adr_packing_instruction_R001",3,D/E,2752
adr_goods_2753,adr_class_6_1,T1,adr_label_6_1,5,uom.product_uom_litre,"N-ETHYLBENZYL-TOLUIDINES, LIQUID","adr_packing_instruction_P001,adr_packing_instruction_IBC03,adr_packing_instruction_LP01,adr_packing_instruction_R001",2,E,2753
adr_goods_2754,adr_class_6_1,T1,adr_label_6_1,100,uom.product_uom_milliliter,N-ETHYLTOLUIDINES,"adr_packing_instruction_P001,adr_packing_instruction_IBC02",2,D/E,2754
adr_goods_2757,adr_class_6_1,T7,adr_label_6_1,,,"CARBAMATE PESTICIDE, SOLID, TOXIC","adr_packing_instruction_P002,adr_packing_instruction_IBC07",1,C/E,2757
adr_goods_2757_500g,adr_class_6_1,T7,adr_label_6_1,500,uom.product_uom_gram,"CARBAMATE PESTICIDE, SOLID, TOXIC","adr_packing_instruction_P002,adr_packing_instruction_IBC08",2,D/E,2757
adr_goods_2757_5kg,adr_class_6_1,T7,adr_label_6_1,5,uom.product_uom_kgm,"CARBAMATE PESTICIDE, SOLID, TOXIC","adr_packing_instruction_P002,adr_packing_instruction_IBC08,adr_packing_instruction_LP02,adr_packing_instruction_R001",2,E,2757
adr_goods_2758,adr_class_3,FT2,"adr_label_3,adr_label_6_1",,,"CARBAMATE PESTICIDE, LIQUID, FLAMMABLE, TOXIC, flash-point less than 23 °C",adr_packing_instruction_P001,1,C/E,2758
adr_goods_2758_1L,adr_class_3,FT2,"adr_label_3,adr_label_6_1",1,uom.product_uom_litre,"CARBAMATE PESTICIDE, LIQUID, FLAMMABLE, TOXIC, flash-point less than 23 °C","adr_packing_instruction_P001,adr_packing_instruction_IBC02,adr_packing_instruction_R001",2,D/E,2758
adr_goods_2759,adr_class_6_1,T7,adr_label_6_1,,,"ARSENICAL PESTICIDE, SOLID, TOXIC","adr_packing_instruction_P002,adr_packing_instruction_IBC07",1,C/E,2759
adr_goods_2759_500g,adr_class_6_1,T7,adr_label_6_1,500,uom.product_uom_gram,"ARSENICAL PESTICIDE, SOLID, TOXIC","adr_packing_instruction_P002,adr_packing_instruction_IBC08",2,D/E,2759
adr_goods_2759_5kg,adr_class_6_1,T7,adr_label_6_1,5,uom.product_uom_kgm,"ARSENICAL PESTICIDE, SOLID, TOXIC","adr_packing_instruction_P002,adr_packing_instruction_IBC08,adr_packing_instruction_LP02,adr_packing_instruction_R001",2,E,2759
adr_goods_2760,adr_class_3,FT2,"adr_label_3,adr_label_6_1",,,"ARSENICAL PESTICIDE, LIQUID, FLAMMABLE, TOXIC, flash-point less than 23 °C",adr_packing_instruction_P001,1,C/E,2760
adr_goods_2760_1L,adr_class_3,FT2,"adr_label_3,adr_label_6_1",1,uom.product_uom_litre,"ARSENICAL PESTICIDE, LIQUID, FLAMMABLE, TOXIC, flash-point less than 23 °C","adr_packing_instruction_P001,adr_packing_instruction_IBC02,adr_packing_instruction_R001",2,D/E,2760
adr_goods_2761,adr_class_6_1,T7,adr_label_6_1,,,"ORGANOCHLORINE PESTICIDE, SOLID, TOXIC","adr_packing_instruction_P002,adr_packing_instruction_IBC07",1,C/E,2761
adr_goods_2761_500g,adr_class_6_1,T7,adr_label_6_1,500,uom.product_uom_gram,"ORGANOCHLORINE PESTICIDE, SOLID, TOXIC","adr_packing_instruction_P002,adr_packing_instruction_IBC08",2,D/E,2761
adr_goods_2761_5kg,adr_class_6_1,T7,adr_label_6_1,5,uom.product_uom_kgm,"ORGANOCHLORINE PESTICIDE, SOLID, TOXIC","adr_packing_instruction_P002,adr_packing_instruction_IBC08,adr_packing_instruction_LP02,adr_packing_instruction_R001",2,E,2761
adr_goods_2762,adr_class_3,FT2,"adr_label_3,adr_label_6_1",,,"ORGANOCHLORINE PESTICIDE, LIQUID, FLAMMABLE, TOXIC, flash-point less than 23 °C",adr_packing_instruction_P001,1,C/E,2762
adr_goods_2762_1L,adr_class_3,FT2,"adr_label_3,adr_label_6_1",1,uom.product_uom_litre,"ORGANOCHLORINE PESTICIDE, LIQUID, FLAMMABLE, TOXIC, flash-point less than 23 °C","adr_packing_instruction_P001,adr_packing_instruction_IBC02,adr_packing_instruction_R001",2,D/E,2762
adr_goods_2763,adr_class_6_1,T7,adr_label_6_1,,,"TRIAZINE PESTICIDE, SOLID, TOXIC","adr_packing_instruction_P002,adr_packing_instruction_IBC07",1,C/E,2763
adr_goods_2763_500g,adr_class_6_1,T7,adr_label_6_1,500,uom.product_uom_gram,"TRIAZINE PESTICIDE, SOLID, TOXIC","adr_packing_instruction_P002,adr_packing_instruction_IBC08",2,D/E,2763
adr_goods_2763_5kg,adr_class_6_1,T7,adr_label_6_1,5,uom.product_uom_kgm,"TRIAZINE PESTICIDE, SOLID, TOXIC","adr_packing_instruction_P002,adr_packing_instruction_IBC08,adr_packing_instruction_R001",2,E,2763
adr_goods_2764,adr_class_3,FT2,"adr_label_3,adr_label_6_1",,,"TRIAZINE PESTICIDE, LIQUID, FLAMMABLE, TOXIC, flash-point less than 23 °C",adr_packing_instruction_P001,1,C/E,2764
adr_goods_2764_1L,adr_class_3,FT2,"adr_label_3,adr_label_6_1",1,uom.product_uom_litre,"TRIAZINE PESTICIDE, LIQUID, FLAMMABLE, TOXIC, flash-point less than 23 °C","adr_packing_instruction_P001,adr_packing_instruction_IBC02,adr_packing_instruction_R001",2,D/E,2764
adr_goods_2771,adr_class_6_1,T7,adr_label_6_1,,,"THIOCARBAMATE PESTICIDE, SOLID, TOXIC","adr_packing_instruction_P002,adr_packing_instruction_IBC07",1,C/E,2771
adr_goods_2771_500g,adr_class_6_1,T7,adr_label_6_1,500,uom.product_uom_gram,"THIOCARBAMATE PESTICIDE, SOLID, TOXIC","adr_packing_instruction_P002,adr_packing_instruction_IBC08",2,D/E,2771
adr_goods_2771_5kg,adr_class_6_1,T7,adr_label_6_1,5,uom.product_uom_kgm,"THIOCARBAMATE PESTICIDE, SOLID, TOXIC","adr_packing_instruction_P002,adr_packing_instruction_IBC08,adr_packing_instruction_LP02,adr_packing_instruction_R001",2,E,2771
adr_goods_2772,adr_class_3,FT2,"adr_label_3,adr_label_6_1",,,"THIOCARBAMATE PESTICIDE, LIQUID, FLAMMABLE, TOXIC, flash-point less than 23 °C",adr_packing_instruction_P001,1,C/E,2772
adr_goods_2772_1L,adr_class_3,FT2,"adr_label_3,adr_label_6_1",1,uom.product_uom_litre,"THIOCARBAMATE PESTICIDE, LIQUID, FLAMMABLE, TOXIC, flash-point less than 23 °C","adr_packing_instruction_P001,adr_packing_instruction_IBC02,adr_packing_instruction_R001",2,D/E,2772
adr_goods_2775,adr_class_6_1,T7,adr_label_6_1,,,"COPPER BASED PESTICIDE, SOLID, TOXIC","adr_packing_instruction_P002,adr_packing_instruction_IBC07",1,C/E,2775
adr_goods_2775_500g,adr_class_6_1,T7,adr_label_6_1,500,uom.product_uom_gram,"COPPER BASED PESTICIDE, SOLID, TOXIC","adr_packing_instruction_P002,adr_packing_instruction_IBC08",2,D/E,2775
adr_goods_2775_5kg,adr_class_6_1,T7,adr_label_6_1,5,uom.product_uom_kgm,"COPPER BASED PESTICIDE, SOLID, TOXIC","adr_packing_instruction_P002,adr_packing_instruction_IBC08,adr_packing_instruction_LP02,adr_packing_instruction_R001",2,E,2775
adr_goods_2776,adr_class_3,FT2,"adr_label_3,adr_label_6_1",,,"COPPER BASED PESTICIDE, LIQUID, FLAMMABLE, TOXIC, flash-point less than 23 °C",adr_packing_instruction_P001,1,C/E,2776
adr_goods_2776_1L,adr_class_3,FT2,"adr_label_3,adr_label_6_1",1,uom.product_uom_litre,"COPPER BASED PESTICIDE, LIQUID, FLAMMABLE, TOXIC, flash-point less than 23 °C","adr_packing_instruction_P001,adr_packing_instruction_IBC02,adr_packing_instruction_R001",2,D/E,2776
adr_goods_2777,adr_class_6_1,T7,adr_label_6_1,,,"MERCURY BASED PESTICIDE, SOLID, TOXIC","adr_packing_instruction_P002,adr_packing_instruction_IBC07",1,C/E,2777
adr_goods_2777_500g,adr_class_6_1,T7,adr_label_6_1,500,uom.product_uom_gram,"MERCURY BASED PESTICIDE, SOLID, TOXIC","adr_packing_instruction_P002,adr_packing_instruction_IBC08",2,D/E,2777
adr_goods_2777_5kg,adr_class_6_1,T7,adr_label_6_1,5,uom.product_uom_kgm,"MERCURY BASED PESTICIDE, SOLID, TOXIC","adr_packing_instruction_P002,adr_packing_instruction_IBC08,adr_packing_instruction_LP02,adr_packing_instruction_R001",2,E,2777
adr_goods_2778,adr_class_3,FT2,"adr_label_3,adr_label_6_1",,,"MERCURY BASED PESTICIDE, LIQUID, FLAMMABLE, TOXIC, flash-point less than 23 °C",adr_packing_instruction_P001,1,C/E,2778
adr_goods_2778_1L,adr_class_3,FT2,"adr_label_3,adr_label_6_1",1,uom.product_uom_litre,"MERCURY BASED PESTICIDE, LIQUID, FLAMMABLE, TOXIC, flash-point less than 23 °C","adr_packing_instruction_P001,adr_packing_instruction_IBC02,adr_packing_instruction_R001",2,D/E,2778
adr_goods_2779,adr_class_6_1,T7,adr_label_6_1,,,"SUBSTITUTED NITROPHENOL PESTICIDE, SOLID, TOXIC","adr_packing_instruction_P002,adr_packing_instruction_IBC07",1,C/E,2779
adr_goods_2779_500g,adr_class_6_1,T7,adr_label_6_1,500,uom.product_uom_gram,"SUBSTITUTED NITROPHENOL PESTICIDE, SOLID, TOXIC","adr_packing_instruction_P002,adr_packing_instruction_IBC08",2,D/E,2779
adr_goods_2779_5kg,adr_class_6_1,T7,adr_label_6_1,5,uom.product_uom_kgm,"SUBSTITUTED NITROPHENOL PESTICIDE, SOLID, TOXIC","adr_packing_instruction_P002,adr_packing_instruction_IBC08,adr_packing_instruction_LP02,adr_packing_instruction_R001",2,E,2779
adr_goods_2780,adr_class_3,FT2,"adr_label_3,adr_label_6_1",,,"SUBSTITUTED NITROPHENOL PESTICIDE, LIQUID, FLAMMABLE, TOXIC, flash-point less than 23 °C",adr_packing_instruction_P001,1,C/E,2780
adr_goods_2780_1L,adr_class_3,FT2,"adr_label_3,adr_label_6_1",1,uom.product_uom_litre,"SUBSTITUTED NITROPHENOL PESTICIDE, LIQUID, FLAMMABLE, TOXIC, flash-point less than 23 °C","adr_packing_instruction_P001,adr_packing_instruction_IBC02,adr_packing_instruction_R001",2,D/E,2780
adr_goods_2781,adr_class_6_1,T7,adr_label_6_1,,,"BIPYRIDILIUM PESTICIDE, SOLID, TOXIC","adr_packing_instruction_P002,adr_packing_instruction_IBC07",1,C/E,2781
adr_goods_2781_500g,adr_class_6_1,T7,adr_label_6_1,500,uom.product_uom_gram,"BIPYRIDILIUM PESTICIDE, SOLID, TOXIC","adr_packing_instruction_P002,adr_packing_instruction_IBC08",2,D/E,2781
adr_goods_2781_5kg,adr_class_6_1,T7,adr_label_6_1,5,uom.product_uom_kgm,"BIPYRIDILIUM PESTICIDE, SOLID, TOXIC","adr_packing_instruction_P002,adr_packing_instruction_IBC08,adr_packing_instruction_LP02,adr_packing_instruction_R001",2,E,2781
adr_goods_2782,adr_class_3,FT2,"adr_label_3,adr_label_6_1",,,"BIPYRIDILIUM PESTICIDE, LIQUID, FLAMMABLE, TOXIC, flash-point less than 23 °C",adr_packing_instruction_P001,1,C/E,2782
adr_goods_2782_1L,adr_class_3,FT2,"adr_label_3,adr_label_6_1",1,uom.product_uom_litre,"BIPYRIDILIUM PESTICIDE, LIQUID, FLAMMABLE, TOXIC, flash-point less than 23 °C","adr_packing_instruction_P001,adr_packing_instruction_IBC02,adr_packing_instruction_R001",2,D/E,2782
adr_goods_2783,adr_class_6_1,T7,adr_label_6_1,,,"ORGANOPHOSPHORUS PESTICIDE, SOLID, TOXIC","adr_packing_instruction_P002,adr_packing_instruction_IBC07",1,C/E,2783
adr_goods_2783_500g,adr_class_6_1,T7,adr_label_6_1,500,uom.product_uom_gram,"ORGANOPHOSPHORUS PESTICIDE, SOLID, TOXIC","adr_packing_instruction_P002,adr_packing_instruction_IBC08",2,D/E,2783
adr_goods_2783_5kg,adr_class_6_1,T7,adr_label_6_1,5,uom.product_uom_kgm,"ORGANOPHOSPHORUS PESTICIDE, SOLID, TOXIC","adr_packing_instruction_P002,adr_packing_instruction_IBC08,adr_packing_instruction_LP02,adr_packing_instruction_R001",2,E,2783
adr_goods_2784,adr_class_3,FT2,"adr_label_3,adr_label_6_1",,,"ORGANOPHOSPHORUS PESTICIDE, LIQUID, FLAMMABLE, TOXIC, flash-point less than 23 °C",adr_packing_instruction_P001,1,C/E,2784
adr_goods_2784_1L,adr_class_3,FT2,"adr_label_3,adr_label_6_1",1,uom.product_uom_litre,"ORGANOPHOSPHORUS PESTICIDE, LIQUID, FLAMMABLE, TOXIC, flash-point less than 23 °C","adr_packing_instruction_P001,adr_packing_instruction_IBC02,adr_packing_instruction_R001",2,D/E,2784
adr_goods_2785,adr_class_6_1,T1,adr_label_6_1,5,uom.product_uom_litre,4-THIAPENTANAL,"adr_packing_instruction_P001,adr_packing_instruction_IBC03,adr_packing_instruction_LP01,adr_packing_instruction_R001",2,E,2785
adr_goods_2786,adr_class_6_1,T7,adr_label_6_1,,,"ORGANOTIN PESTICIDE, SOLID, TOXIC","adr_packing_instruction_P002,adr_packing_instruction_IBC07",1,C/E,2786
adr_goods_2786_500g,adr_class_6_1,T7,adr_label_6_1,500,uom.product_uom_gram,"ORGANOTIN PESTICIDE, SOLID, TOXIC","adr_packing_instruction_P002,adr_packing_instruction_IBC08",2,D/E,2786
adr_goods_2786_5kg,adr_class_6_1,T7,adr_label_6_1,5,uom.product_uom_kgm,"ORGANOTIN PESTICIDE, SOLID, TOXIC","adr_packing_instruction_P002,adr_packing_instruction_IBC08,adr_packing_instruction_LP02,adr_packing_instruction_R001",2,E,2786
adr_goods_2787,adr_class_3,FT2,"adr_label_3,adr_label_6_1",,,"ORGANOTIN PESTICIDE, LIQUID, FLAMMABLE, TOXIC, flash-point less than 23 °C",adr_packing_instruction_P001,1,C/E,2787
adr_goods_2787_1L,adr_class_3,FT2,"adr_label_3,adr_label_6_1",1,uom.product_uom_litre,"ORGANOTIN PESTICIDE, LIQUID, FLAMMABLE, TOXIC, flash-point less than 23 °C","adr_packing_instruction_P001,adr_packing_instruction_IBC02,adr_packing_instruction_R001",2,D/E,2787
adr_goods_2788,adr_class_6_1,T3,adr_label_6_1,,,"ORGANOTIN COMPOUND, LIQUID, N.O.S.",adr_packing_instruction_P001,1,C/E,2788
adr_goods_2788_100ml,adr_class_6_1,T3,adr_label_6_1,100,uom.product_uom_milliliter,"ORGANOTIN COMPOUND, LIQUID, N.O.S.","adr_packing_instruction_P001,adr_packing_instruction_IBC02",2,D/E,2788
adr_goods_2788_5L,adr_class_6_1,T3,adr_label_6_1,5,uom.product_uom_litre,"ORGANOTIN COMPOUND, LIQUID, N.O.S.","adr_packing_instruction_P001,adr_packing_instruction_IBC03,adr_packing_instruction_LP01,adr_packing_instruction_R001",2,E,2788
adr_goods_2789,adr_class_8,CF1,"adr_label_8,adr_label_3",1,uom.product_uom_litre,"ACETIC ACID, GLACIAL or ACETIC ACID SOLUTION, more than 80% acid, by mass","adr_packing_instruction_P001,adr_packing_instruction_IBC02",2,D/E,2789
adr_goods_2790_1L,adr_class_8,C3,adr_label_8,1,uom.product_uom_litre,"ACETIC ACID SOLUTION, not less than 50% but not more than 80% acid, by mass","adr_packing_instruction_P001,adr_packing_instruction_IBC02",2,E,2790
adr_goods_2790_5L,adr_class_8,C3,adr_label_8,5,uom.product_uom_litre,"ACETIC ACID SOLUTION, more than 10% and less than 50% acid, by mass","adr_packing_instruction_P001,adr_packing_instruction_IBC03,adr_packing_instruction_LP01,adr_packing_instruction_R001",3,E,2790
adr_goods_2793,adr_class_4_2,S4,adr_label_4_2,,,"FERROUS METAL BORINGS, SHAVINGS, TURNINGS or CUTTINGS in a form liable to self-heating","adr_packing_instruction_P003,adr_packing_instruction_IBC08,adr_packing_instruction_LP02,adr_packing_instruction_R001",3,E,2793
adr_goods_2794,adr_class_8,C11,adr_label_8,1,uom.product_uom_litre,"BATTERIES, WET, FILLED WITH ACID, electric storage","adr_packing_instruction_P801,adr_packing_instruction_P801a",3,E,2794
adr_goods_2795,adr_class_8,C11,adr_label_8,1,uom.product_uom_litre,"BATTERIES, WET, FILLED WITH ALKALI, electric storage","adr_packing_instruction_P801,adr_packing_instruction_P801a",3,E,2795
adr_goods_2796,adr_class_8,C1,adr_label_8,1,uom.product_uom_litre,"SULPHURIC ACID with not more than 51% acid or BATTERY FLUID, ACID","adr_packing_instruction_P001,adr_packing_instruction_IBC02",2,E,2796
adr_goods_2797,adr_class_8,C5,adr_label_8,1,uom.product_uom_litre,"BATTERY FLUID, ALKALI","adr_packing_instruction_P001,adr_packing_instruction_IBC02",2,E,2797
adr_goods_2798,adr_class_8,C3,adr_label_8,1,uom.product_uom_litre,PHENYLPHOSPHORUS DICHLORIDE,"adr_packing_instruction_P001,adr_packing_instruction_IBC02",2,E,2798
adr_goods_2799,adr_class_8,C3,adr_label_8,1,uom.product_uom_litre,PHENYLPHOSPHORUS THIODICHLORIDE,"adr_packing_instruction_P001,adr_packing_instruction_IBC02",2,E,2799
adr_goods_2800,adr_class_8,C11,adr_label_8,1,uom.product_uom_litre,"BATTERIES, WET, NON-SPILLABLE, electric storage","adr_packing_instruction_P003,adr_packing_instruction_P801a",3,E,2800
adr_goods_2801,adr_class_8,C9,adr_label_8,,,"DYE, LIQUID, CORROSIVE, N.O.S. or DYE INTERMEDIATE, LIQUID, CORROSIVE, N.O.S.",adr_packing_instruction_P001,1,E,2801
adr_goods_2801_1L,adr_class_8,C9,adr_label_8,1,uom.product_uom_litre,"DYE, LIQUID, CORROSIVE, N.O.S. or DYE INTERMEDIATE, LIQUID, CORROSIVE, N.O.S.","adr_packing_instruction_P001,adr_packing_instruction_IBC02",2,E,2801
adr_goods_2801_5L,adr_class_8,C9,adr_label_8,5,uom.product_uom_litre,"DYE, LIQUID, CORROSIVE, N.O.S. or DYE INTERMEDIATE, LIQUID, CORROSIVE, N.O.S.","adr_packing_instruction_P001,adr_packing_instruction_IBC03,adr_packing_instruction_LP01,adr_packing_instruction_R001",3,E,2801
adr_goods_2802,adr_class_8,C2,adr_label_8,5,uom.product_uom_kgm,COPPER CHLORIDE,"adr_packing_instruction_P002,adr_packing_instruction_IBC08,adr_packing_instruction_LP02,adr_packing_instruction_R001",3,E,2802
adr_goods_2803,adr_class_8,C10,adr_label_8,5,uom.product_uom_kgm,GALLIUM,adr_packing_instruction_P800,3,E,2803
adr_goods_2805,adr_class_4_3,W2,adr_label_4_3,500,uom.product_uom_gram,"LITHIUM HYDRIDE, FUSED SOLID","adr_packing_instruction_P410,adr_packing_instruction_IBC04",2,D/E,2805
adr_goods_2806,adr_class_4_3,W2,adr_label_4_3,,,LITHIUM NITRIDE,"adr_packing_instruction_P403,adr_packing_instruction_IBC04",1,E,2806
adr_goods_2807,adr_class_9,M11,,,,Magnetized material,,NOT_SUBJECT_TO_ADR,NOT_SUBJECT_TO_ADR,2807
adr_goods_2809,adr_class_8,CT1,"adr_label_8,adr_label_6_1",5,uom.product_uom_kgm,MERCURY,adr_packing_instruction_P800,3,E,2809
adr_goods_2810,adr_class_6_1,T1,adr_label_6_1,,,"TOXIC LIQUID, ORGANIC, N.O.S.",adr_packing_instruction_P001,1,C/E,2810
adr_goods_2810_100ml,adr_class_6_1,T1,adr_label_6_1,100,uom.product_uom_milliliter,"TOXIC LIQUID, ORGANIC, N.O.S.","adr_packing_instruction_P001,adr_packing_instruction_IBC02",2,D/E,2810
adr_goods_2810_5L,adr_class_6_1,T1,adr_label_6_1,5,uom.product_uom_litre,"TOXIC LIQUID, ORGANIC, N.O.S.","adr_packing_instruction_P001,adr_packing_instruction_IBC03,adr_packing_instruction_LP01,adr_packing_instruction_R001",2,E,2810
adr_goods_2811,adr_class_6_1,T2,adr_label_6_1,,,"TOXIC SOLID, ORGANIC, N.O.S.","adr_packing_instruction_P002,adr_packing_instruction_IBC02",1,C/E,2811
adr_goods_2811_500g,adr_class_6_1,T2,adr_label_6_1,500,uom.product_uom_gram,"TOXIC SOLID, ORGANIC, N.O.S.","adr_packing_instruction_P002,adr_packing_instruction_IBC08",2,D/E,2811
adr_goods_2811_5kG,adr_class_6_1,T2,adr_label_6_1,5,uom.product_uom_kgm,"TOXIC SOLID, ORGANIC, N.O.S.","adr_packing_instruction_P002,adr_packing_instruction_IBC08,adr_packing_instruction_LP02,adr_packing_instruction_R001",2,E,2811
adr_goods_2812,adr_class_8,C6,,,,"Sodium aluminate, solid",,NOT_SUBJECT_TO_ADR,NOT_SUBJECT_TO_ADR,2812
adr_goods_2813,adr_class_4_3,W2,adr_label_4_3,,,"WATER-REACTIVE SOLID, N.O.S.","adr_packing_instruction_P403,adr_packing_instruction_IBC99",0,B/E,2813
adr_goods_2813_500g,adr_class_4_3,W2,adr_label_4_3,500,uom.product_uom_gram,"WATER-REACTIVE SOLID, N.O.S.","adr_packing_instruction_P410,adr_packing_instruction_IBC07",0,D/E,2813
adr_goods_2813_1kg,adr_class_4_3,W2,adr_label_4_3,1,uom.product_uom_kgm,"WATER-REACTIVE SOLID, N.O.S.","adr_packing_instruction_P410,adr_packing_instruction_IBC08,adr_packing_instruction_R001",0,E,2813
adr_goods_2814_I1_6dot2_318_P620_0,adr_class_6_2,I1,adr_label_6_2,,,"INFECTIOUS SUBSTANCE, AFFECTING HUMANS",adr_packing_instruction_P620,0,-,2814
adr_goods_2814_I1_6dot2/2dot2_318_P620_0,adr_class_6_2,I1,"adr_label_6_2,adr_label_2_2",,,"INFECTIOUS SUBSTANCE, AFFECTING HUMANS, in refrigerated liquid nitrogen",adr_packing_instruction_P620,0,E,2814
adr_goods_2814_I1_6dot2_318_P620_0_animal_material,adr_class_6_2,I1,adr_label_6_2,,,"INFECTIOUS SUBSTANCE, AFFECTING HUMANS (animal material only)",adr_packing_instruction_P620,0,E,2814
adr_goods_2815,adr_class_8,CT1,"adr_label_8,adr_label_6_1",5,uom.product_uom_litre,N-AMINOETHYLPIPERAZINE,"adr_packing_instruction_P001,adr_packing_instruction_IBC03,adr_packing_instruction_LP01,adr_packing_instruction_R001",3,E,2815
adr_goods_2817_1L,adr_class_8,CT1,"adr_label_8,adr_label_6_1",1,uom.product_uom_litre,AMMONIUM HYDROGENDIFLUORIDE SOLUTION,"adr_packing_instruction_P001,adr_packing_instruction_IBC02",2,E,2817
adr_goods_2817_5L,adr_class_8,CT1,"adr_label_8,adr_label_6_1",5,uom.product_uom_litre,AMMONIUM HYDROGENDIFLUORIDE SOLUTION,"adr_packing_instruction_P001,adr_packing_instruction_IBC03,adr_packing_instruction_R001",3,E,2817
adr_goods_2818_1L,adr_class_8,CT1,"adr_label_8,adr_label_6_1",1,uom.product_uom_litre,AMMONIUM POLYSULPHIDE SOLUTION,"adr_packing_instruction_P001,adr_packing_instruction_IBC02",2,E,2818
adr_goods_2818_5L,adr_class_8,CT1,"adr_label_8,adr_label_6_1",5,uom.product_uom_litre,AMMONIUM POLYSULPHIDE SOLUTION,"adr_packing_instruction_P001,adr_packing_instruction_IBC03,adr_packing_instruction_R001",3,E,2818
adr_goods_2819,adr_class_8,C3,adr_label_8,5,uom.product_uom_litre,AMYL ACID PHOSPHATE,"adr_packing_instruction_P001,adr_packing_instruction_IBC03,adr_packing_instruction_LP01,adr_packing_instruction_R001",3,E,2819
adr_goods_2820,adr_class_8,C3,adr_label_8,5,uom.product_uom_litre,BUTYRIC ACID,"adr_packing_instruction_P001,adr_packing_instruction_IBC03,adr_packing_instruction_LP01,adr_packing_instruction_R001",3,E,2820
adr_goods_2821_100ml,adr_class_6_1,T1,adr_label_6_1,100,uom.product_uom_milliliter,PHENOL SOLUTION,"adr_packing_instruction_P001,adr_packing_instruction_IBC02",2,D/E,2821
adr_goods_2821_5L,adr_class_6_1,T1,adr_label_6_1,5,uom.product_uom_litre,PHENOL SOLUTION,"adr_packing_instruction_P001,adr_packing_instruction_IBC03,adr_packing_instruction_LP01,adr_packing_instruction_R001",2,E,2821
adr_goods_2822,adr_class_6_1,T1,adr_label_6_1,100,uom.product_uom_milliliter,2-CHLOROPYRIDINE,"adr_packing_instruction_P001,adr_packing_instruction_IBC02",2,D/E,2822
adr_goods_2823,adr_class_8,C4,adr_label_8,5,uom.product_uom_kgm,"CROTONIC ACID, SOLID","adr_packing_instruction_P002,adr_packing_instruction_IBC08,adr_packing_instruction_LP02,adr_packing_instruction_R001",3,E,2823
adr_goods_2826,adr_class_8,CF1,"adr_label_8,adr_label_3",,,ETHYL CHLOROTHIOFORMATE,adr_packing_instruction_P001,2,D/E,2826
adr_goods_2829,adr_class_8,C3,adr_label_8,5,uom.product_uom_litre,CAPROIC ACID,"adr_packing_instruction_P001,adr_packing_instruction_IBC03,adr_packing_instruction_LP01,adr_packing_instruction_R001",3,E,2829
adr_goods_2830,adr_class_4_3,W2,adr_label_4_3,500,uom.product_uom_gram,LITHIUM FERROSILICON,"adr_packing_instruction_P410,adr_packing_instruction_IBC07",2,D/E,2830
adr_goods_2831,adr_class_6_1,T1,adr_label_6_1,5,uom.product_uom_litre,"1,1,1-TRICHLOROETHANE","adr_packing_instruction_P001,adr_packing_instruction_IBC03,adr_packing_instruction_LP01,adr_packing_instruction_R001",2,E,2831
adr_goods_2834,adr_class_8,C2,adr_label_8,5,uom.product_uom_kgm,PHOSPHOROUS ACID,"adr_packing_instruction_P002,adr_packing_instruction_IBC08,adr_packing_instruction_LP02,adr_packing_instruction_R001",3,E,2834
adr_goods_2835,adr_class_4_3,W2,adr_label_4_3,500,uom.product_uom_gram,SODIUM ALUMINIUM HYDRIDE,"adr_packing_instruction_P410,adr_packing_instruction_IBC04",2,D/E,2835
adr_goods_2837_1L,adr_class_8,C1,adr_label_8,1,uom.product_uom_litre,"BISULPHATES, AQUEOUS SOLUTION","adr_packing_instruction_P001,adr_packing_instruction_IBC02",2,E,2837
adr_goods_2837_5L,adr_class_8,C1,adr_label_8,5,uom.product_uom_litre,"BISULPHATES, AQUEOUS SOLUTION","adr_packing_instruction_P001,adr_packing_instruction_IBC03,adr_packing_instruction_LP01,adr_packing_instruction_R001",3,E,2837
adr_goods_2838,adr_class_3,F1,adr_label_3,1,uom.product_uom_litre,"VINYL BUTYRATE, STABILIZED","adr_packing_instruction_P001,adr_packing_instruction_IBC02,adr_packing_instruction_R001",2,D/E,2838
adr_goods_2839,adr_class_6_1,T1,adr_label_6_1,100,uom.product_uom_milliliter,ALDOL,"adr_packing_instruction_P001,adr_packing_instruction_IBC02",2,D/E,2839
adr_goods_2840,adr_class_3,F1,adr_label_3,5,uom.product_uom_litre,BUTYRALDOXIME,"adr_packing_instruction_P001,adr_packing_instruction_IBC03,adr_packing_instruction_LP01,adr_packing_instruction_R001",3,D/E,2840
adr_goods_2841,adr_class_3,FT1,"adr_label_3,adr_label_6_1",5,uom.product_uom_litre,DI-n-AMYLAMINE,"adr_packing_instruction_P001,adr_packing_instruction_IBC03,adr_packing_instruction_R001",3,D/E,2841
adr_goods_2842,adr_class_3,F1,adr_label_3,5,uom.product_uom_litre,NITROETHANE,"adr_packing_instruction_P001,adr_packing_instruction_IBC03,adr_packing_instruction_LP01,adr_packing_instruction_R001",3,D/E,2842
adr_goods_2844,adr_class_4_3,W2,adr_label_4_3,1,uom.product_uom_kgm,CALCIUM MANGANESE SILICON,"adr_packing_instruction_P410,adr_packing_instruction_IBC08,adr_packing_instruction_R001",3,E,2844
adr_goods_2845,adr_class_4_2,S1,adr_label_4_2,,,"PYROPHORIC LIQUID, ORGANIC, N.O.S.",adr_packing_instruction_P400,0,B/E,2845
adr_goods_2846,adr_class_4_2,S2,adr_label_4_2,,,"PYROPHORIC SOLID, ORGANIC, N.O.S.",adr_packing_instruction_P404,0,E,2846
adr_goods_2849,adr_class_6_1,T1,adr_label_6_1,5,uom.product_uom_litre,3-CHLOROPROPANOL-1,"adr_packing_instruction_P001,adr_packing_instruction_IBC03,adr_packing_instruction_LP01,adr_packing_instruction_R001",2,E,2849
adr_goods_2850,adr_class_3,F1,adr_label_3,5,uom.product_uom_litre,PROPYLENE TETRAMER,"adr_packing_instruction_P001,adr_packing_instruction_IBC03,adr_packing_instruction_LP01,adr_packing_instruction_R001",3,D/E,2850
adr_goods_2851,adr_class_8,C1,adr_label_8,1,uom.product_uom_litre,BORON TRIFLUORIDE DIHYDRATE,"adr_packing_instruction_P001,adr_packing_instruction_IBC02",2,E,2851
adr_goods_2852,adr_class_4_1,D,adr_label_4_1,,,"DIPICRYL SULPHIDE, WETTED with not less than 10% water, by mass",adr_packing_instruction_P406,1,B,2852
adr_goods_2853,adr_class_6_1,T5,adr_label_6_1,5,uom.product_uom_kgm,MAGNESIUM FLUOROSILICATE,"adr_packing_instruction_P002,adr_packing_instruction_IBC08,adr_packing_instruction_LP02,adr_packing_instruction_R001",2,E,2853
adr_goods_2854,adr_class_6_1,T5,adr_label_6_1,5,uom.product_uom_kgm,AMMONIUM FLUOROSILICATE,"adr_packing_instruction_P002,adr_packing_instruction_IBC08,adr_packing_instruction_LP02,adr_packing_instruction_R001",2,E,2854
adr_goods_2855,adr_class_6_1,T5,adr_label_6_1,5,uom.product_uom_kgm,ZINC FLUOROSILICATE,"adr_packing_instruction_P002,adr_packing_instruction_IBC08,adr_packing_instruction_LP02,adr_packing_instruction_R001",2,E,2855
adr_goods_2856,adr_class_6_1,T5,adr_label_6_1,5,uom.product_uom_kgm,"FLUOROSILICATES, N.O.S.","adr_packing_instruction_P002,adr_packing_instruction_IBC08,adr_packing_instruction_LP02,adr_packing_instruction_R001",2,E,2856
adr_goods_2857,adr_class_2,6A,adr_label_2_2,,,"REFRIGERATING MACHINES containing non-flammable, non-toxic gases or ammonia solutions (UN 2672)",adr_packing_instruction_P003,3,E,2857
adr_goods_2858,adr_class_4_1,F3,adr_label_4_1,5,uom.product_uom_kgm,"ZIRCONIUM, DRY, coiled wire, finished metal sheets, strip (thinner than 254 microns but not thinner than 18 microns)","adr_packing_instruction_P002,adr_packing_instruction_LP02,adr_packing_instruction_R001",3,E,2858
adr_goods_2859,adr_class_6_1,T5,adr_label_6_1,500,uom.product_uom_gram,AMMONIUM METAVANADATE,"adr_packing_instruction_P002,adr_packing_instruction_IBC08",2,D/E,2859
adr_goods_2861,adr_class_6_1,T5,adr_label_6_1,500,uom.product_uom_gram,AMMONIUM POLYVANADATE,"adr_packing_instruction_P002,adr_packing_instruction_IBC08",2,D/E,2861
adr_goods_2862,adr_class_6_1,T5,adr_label_6_1,5,uom.product_uom_kgm,"VANADIUM PENTOXIDE, non-fused form","adr_packing_instruction_P002,adr_packing_instruction_IBC08,adr_packing_instruction_LP02,adr_packing_instruction_R001",2,E,2862
adr_goods_2863,adr_class_6_1,T5,adr_label_6_1,500,uom.product_uom_gram,SODIUM AMMONIUM VANADATE,"adr_packing_instruction_P002,adr_packing_instruction_IBC08",2,D/E,2863
adr_goods_2864,adr_class_6_1,T5,adr_label_6_1,500,uom.product_uom_gram,POTASSIUM METAVANADATE,"adr_packing_instruction_P002,adr_packing_instruction_IBC08",2,D/E,2864
adr_goods_2865,adr_class_8,C2,adr_label_8,5,uom.product_uom_kgm,HYDROXYLAMINE SULPHATE,"adr_packing_instruction_P002,adr_packing_instruction_IBC08,adr_packing_instruction_LP02,adr_packing_instruction_R001",3,E,2865
adr_goods_2869_1kg,adr_class_8,C2,adr_label_8,1,uom.product_uom_kgm,TITANIUM TRICHLORIDE MIXTURE,"adr_packing_instruction_P002,adr_packing_instruction_IBC08",2,E,2869
adr_goods_2869_5kg,adr_class_8,C2,adr_label_8,5,uom.product_uom_kgm,TITANIUM TRICHLORIDE MIXTURE,"adr_packing_instruction_P002,adr_packing_instruction_IBC08,adr_packing_instruction_LP02,adr_packing_instruction_R001",3,E,2869
adr_goods_2870_SW_4dot2/4dot3_P400_0,adr_class_4_2,SW,"adr_label_4_2,adr_label_4_3",,,ALUMINIUM BOROHYDRIDE,adr_packing_instruction_P400,0,B/E,2870
adr_goods_2870_SW_4dot2/4dot3_P002_0,adr_class_4_2,SW,"adr_label_4_2,adr_label_4_3",,,ALUMINIUM BOROHYDRIDE IN DEVICES,adr_packing_instruction_P002,0,E,2870
adr_goods_2871,adr_class_6_1,T5,adr_label_6_1,5,uom.product_uom_kgm,ANTIMONY POWDER,"adr_packing_instruction_P002,adr_packing_instruction_IBC08,adr_packing_instruction_LP02,adr_packing_instruction_R001",2,E,2871
adr_goods_2872_100ml,adr_class_6_1,T1,adr_label_6_1,100,uom.product_uom_milliliter,DIBROMOCHLORO-PROPANES,"adr_packing_instruction_P001,adr_packing_instruction_IBC02",2,D/E,2872
adr_goods_2872_5L,adr_class_6_1,T1,adr_label_6_1,5,uom.product_uom_litre,DIBROMOCHLORO-PROPANES,"adr_packing_instruction_P001,adr_packing_instruction_IBC03,adr_packing_instruction_LP01,adr_packing_instruction_R001",2,E,2872
adr_goods_2873,adr_class_6_1,T1,adr_label_6_1,5,uom.product_uom_litre,DIBUTYLAMINOETHANOL,"adr_packing_instruction_P001,adr_packing_instruction_IBC03,adr_packing_instruction_LP01,adr_packing_instruction_R001",2,E,2873
adr_goods_2874,adr_class_6_1,T1,adr_label_6_1,5,uom.product_uom_litre,FURFURYL ALCOHOL,"adr_packing_instruction_P001,adr_packing_instruction_IBC03,adr_packing_instruction_LP01,adr_packing_instruction_R001",2,E,2874
adr_goods_2875,adr_class_6_1,T2,adr_label_6_1,5,uom.product_uom_kgm,HEXACHLOROPHENE,"adr_packing_instruction_P002,adr_packing_instruction_IBC08,adr_packing_instruction_LP02,adr_packing_instruction_R001",2,E,2875
adr_goods_2876,adr_class_6_1,T2,adr_label_6_1,5,uom.product_uom_kgm,RESORCINOL,"adr_packing_instruction_P002,adr_packing_instruction_IBC08,adr_packing_instruction_LP02,adr_packing_instruction_R001",2,E,2876
adr_goods_2878,adr_class_4_1,F3,adr_label_4_1,5,uom.product_uom_kgm,TITANIUM SPONGE GRANULES or TITANIUM SPONGE POWDERS,"adr_packing_instruction_P002,adr_packing_instruction_IBC08,adr_packing_instruction_LP02,adr_packing_instruction_R001",3,E,2878
adr_goods_2879,adr_class_8,CT1,"adr_label_8,adr_label_6_1",,,SELENIUM OXYCHLORIDE,adr_packing_instruction_P001,1,C/D,2879
adr_goods_2880_1kg,adr_class_5_1,O2,adr_label_5_1,1,uom.product_uom_kgm,"CALCIUM HYPOCHLORITE, HYDRATED, or CALCIUM HYPOCHLORITE, HYDRATED MIXTURE, with not less than 5.5% but not more than 16% water","adr_packing_instruction_P002,adr_packing_instruction_IBC08",2,E,2880
adr_goods_2880_5kg,adr_class_5_1,O2,adr_label_5_1,5,uom.product_uom_kgm,"CALCIUM HYPOCHLORITE, HYDRATED, or CALCIUM HYPOCHLORITE, HYDRATED MIXTURE, with not less than 5.5% but not more than 16% water","adr_packing_instruction_P002,adr_packing_instruction_IBC08,adr_packing_instruction_R001",3,E,2880
adr_goods_2881_S4_4dot2_274_P404_0,adr_class_4_2,S4,adr_label_4_2,,,"METAL CATALYST, DRY",adr_packing_instruction_P404,0,B/E,2881
adr_goods_2881_S4_4dot2_274_P410/IBC06_2,adr_class_4_2,S4,adr_label_4_2,,,"METAL CATALYST, DRY","adr_packing_instruction_P410,adr_packing_instruction_IBC06",2,D/E,2881
adr_goods_2881_S4_4dot2_274_P002/IBC08/LP02/R001_3,adr_class_4_2,S4,adr_label_4_2,,,"METAL CATALYST, DRY","adr_packing_instruction_P002,adr_packing_instruction_IBC08,adr_packing_instruction_LP02,adr_packing_instruction_R001",3,E,2881
adr_goods_2900_I2_6dot2_318_P620_0,adr_class_6_2,I2,adr_label_6_2,,,"INFECTIOUS SUBSTANCE, AFFECTING ANIMALS only",adr_packing_instruction_P620,0,-,2900
adr_goods_2900_I2_6dot2/2dot2_318_P620_0,adr_class_6_2,I2,"adr_label_6_2,adr_label_2_2",,,"INFECTIOUS SUBSTANCE, AFFECTING ANIMALS only, in refrigerated liquid nitrogen",adr_packing_instruction_P620,0,E,2900
adr_goods_2900_I2_6dot2_318_P620_0_animal_material,adr_class_6_2,I2,adr_label_6_2,,,"INFECTIOUS SUBSTANCE, AFFECTING ANIMALS only (animal material only)",adr_packing_instruction_P620,0,E,2900
adr_goods_2901,adr_class_2,2TOC,"adr_label_2_3,adr_label_5_1,adr_label_8",,,BROMINE CHLORIDE,adr_packing_instruction_P200,1,C/D,2901
adr_goods_2902,adr_class_6_1,T6,adr_label_6_1,,,"PESTICIDE, LIQUID, TOXIC, N.O.S.",adr_packing_instruction_P001,1,C/E,2902
adr_goods_2902_100ml,adr_class_6_1,T6,adr_label_6_1,100,uom.product_uom_milliliter,"PESTICIDE, LIQUID, TOXIC, N.O.S.","adr_packing_instruction_P001,adr_packing_instruction_IBC02",2,D/E,2902
adr_goods_2902_5L,adr_class_6_1,T6,adr_label_6_1,5,uom.product_uom_litre,"PESTICIDE, LIQUID, TOXIC, N.O.S.","adr_packing_instruction_P001,adr_packing_instruction_IBC03,adr_packing_instruction_LP01,adr_packing_instruction_R001",2,E,2902
adr_goods_2903,adr_class_6_1,TF2,"adr_label_6_1,adr_label_3",,,"PESTICIDE, LIQUID, TOXIC, FLAMMABLE, N.O.S., flash-point not less than 23 °C",adr_packing_instruction_P001,1,C/E,2903
adr_goods_2903_100ml,adr_class_6_1,TF2,"adr_label_6_1,adr_label_3",100,uom.product_uom_milliliter,"PESTICIDE, LIQUID, TOXIC, FLAMMABLE, N.O.S., flash-point not less than 23 °C","adr_packing_instruction_P001,adr_packing_instruction_IBC02",2,D/E,2903
adr_goods_2903_5L,adr_class_6_1,TF2,"adr_label_6_1,adr_label_3",5,uom.product_uom_litre,"PESTICIDE, LIQUID, TOXIC, FLAMMABLE, N.O.S., flash-point not less than 23 °C","adr_packing_instruction_P001,adr_packing_instruction_IBC03,adr_packing_instruction_R001",2,D/E,2903
adr_goods_2904,adr_class_8,C9,adr_label_8,5,uom.product_uom_litre,"CHLOROPHENOLATES, LIQUID or PHENOLATES, LIQUID","adr_packing_instruction_P001,adr_packing_instruction_IBC03,adr_packing_instruction_LP01,adr_packing_instruction_R001",3,E,2904
adr_goods_2905,adr_class_8,C10,adr_label_8,5,uom.product_uom_kgm,"CHLOROPHENOLATES, SOLID or PHENOLATES, SOLID","adr_packing_instruction_P002,adr_packing_instruction_IBC08,adr_packing_instruction_LP02,adr_packing_instruction_R001",3,E,2905
adr_goods_2907,adr_class_4_1,D,adr_label_4_1,,,"ISOSORBIDE DINITRATE MIXTURE with not less than 60% lactose, mannose, starch or calcium hydrogen phosphate","adr_packing_instruction_P406,adr_packing_instruction_IBC06",2,B,2907
adr_goods_2908,adr_class_7,,,,,"RADIOACTIVE MATERIAL, EXCEPTED PACKAGE - EMPTY PACKAGING",,4,E,2908
adr_goods_2909,adr_class_7,,,,,"RADIOACTIVE MATERIAL, EXCEPTED PACKAGE - ARTICLES MANUFACTURED FROM NATURAL URANIUM or DEPLETED URANIUM or NATURAL THORIUM",,4,E,2909
adr_goods_2910,adr_class_7,,,,,"RADIOACTIVE MATERIAL, EXCEPTED PACKAGE - LIMITED QUANTITY OF MATERIAL",,4,E,2910
adr_goods_2911,adr_class_7,,,,,"RADIOACTIVE MATERIAL, EXCEPTED PACKAGE - INSTRUMENTS or ARTICLES",,4,E,2911
adr_goods_2912,adr_class_7,,"adr_label_7A,adr_label_7B,adr_label_7C,adr_label_7E",,,"RADIOACTIVE MATERIAL, LOW SPECIFIC ACTIVITY (LSA-I), non fissile or fissile-excepted",,0,E,2912
adr_goods_2913,adr_class_7,,"adr_label_7A,adr_label_7B,adr_label_7C,adr_label_7E",,,"RADIOACTIVE MATERIAL, SURFACE CONTAMINATED OBJECTS (SCO-I or SCO-II), non fissile or fissile-excepted",,0,E,2913
adr_goods_2915,adr_class_7,,"adr_label_7A,adr_label_7B,adr_label_7C,adr_label_7E",,,"RADIOACTIVE MATERIAL, TYPE A PACKAGE, non-special form, non fissile or fissile-excepted",,0,E,2915
adr_goods_2916,adr_class_7,,"adr_label_7A,adr_label_7B,adr_label_7C,adr_label_7E",,,"RADIOACTIVE MATERIAL, TYPE B(U) PACKAGE, non fissile or fissile-excepted",,0,E,2916
adr_goods_2917,adr_class_7,,"adr_label_7A,adr_label_7B,adr_label_7C,adr_label_7E",,,"RADIOACTIVE MATERIAL, TYPE B(M) PACKAGE, non fissile or fissile-excepted",,0,E,2917
adr_goods_2919,adr_class_7,,"adr_label_7A,adr_label_7B,adr_label_7C,adr_label_7E",,,"RADIOACTIVE MATERIAL, TRANSPORTED UNDER SPECIAL ARRANGEMENT, non fissile or fissile-excepted",,0,-,2919
adr_goods_2920,adr_class_8,CF1,"adr_label_8,adr_label_3",,,"CORROSIVE LIQUID, FLAMMABLE, N.O.S.",adr_packing_instruction_P001,1,D/E,2920
adr_goods_2920_1L,adr_class_8,CF1,"adr_label_8,adr_label_3",1,uom.product_uom_litre,"CORROSIVE LIQUID, FLAMMABLE, N.O.S.","adr_packing_instruction_P001,adr_packing_instruction_IBC02",2,D/E,2920
adr_goods_2921,adr_class_8,CF2,"adr_label_8,adr_label_4_1",,,"CORROSIVE SOLID, FLAMMABLE, N.O.S.","adr_packing_instruction_P002,adr_packing_instruction_IBC05",1,E,2921
adr_goods_2921_1kg,adr_class_8,CF2,"adr_label_8,adr_label_4_1",1,uom.product_uom_kgm,"CORROSIVE SOLID, FLAMMABLE, N.O.S.","adr_packing_instruction_P002,adr_packing_instruction_IBC08",2,E,2921
adr_goods_2922,adr_class_8,CT1,"adr_label_8,adr_label_6_1",,,"CORROSIVE LIQUID, TOXIC, N.O.S.",adr_packing_instruction_P001,1,C/D,2922
adr_goods_2922_1L,adr_class_8,CT1,"adr_label_8,adr_label_6_1",1,uom.product_uom_litre,"CORROSIVE LIQUID, TOXIC, N.O.S.","adr_packing_instruction_P001,adr_packing_instruction_IBC02",2,E,2922
adr_goods_2922_5L,adr_class_8,CT1,"adr_label_8,adr_label_6_1",5,uom.product_uom_litre,"CORROSIVE LIQUID, TOXIC, N.O.S.","adr_packing_instruction_P001,adr_packing_instruction_IBC03,adr_packing_instruction_R001",3,E,2922
adr_goods_2923,adr_class_8,CT2,"adr_label_8,adr_label_6_1",,,"CORROSIVE SOLID, TOXIC, N.O.S.","adr_packing_instruction_P002,adr_packing_instruction_IBC05",1,E,2923
adr_goods_2923_1kg,adr_class_8,CT2,"adr_label_8,adr_label_6_1",1,uom.product_uom_kgm,"CORROSIVE SOLID, TOXIC, N.O.S.","adr_packing_instruction_P002,adr_packing_instruction_IBC08",2,E,2923
adr_goods_2923_5kg,adr_class_8,CT2,"adr_label_8,adr_label_6_1",5,uom.product_uom_kgm,"CORROSIVE SOLID, TOXIC, N.O.S.","adr_packing_instruction_P002,adr_packing_instruction_IBC08,adr_packing_instruction_R001",3,E,2923
adr_goods_2924,adr_class_3,FC,"adr_label_3,adr_label_8",,,"FLAMMABLE LIQUID, CORROSIVE, N.O.S.",adr_packing_instruction_P001,1,C/E,2924
adr_goods_2924_1L,adr_class_3,FC,"adr_label_3,adr_label_8",1,uom.product_uom_litre,"FLAMMABLE LIQUID, CORROSIVE, N.O.S.","adr_packing_instruction_P001,adr_packing_instruction_IBC02",2,D/E,2924
adr_goods_2924_5L,adr_class_3,FC,"adr_label_3,adr_label_8",5,uom.product_uom_litre,"FLAMMABLE LIQUID, CORROSIVE, N.O.S.","adr_packing_instruction_P001,adr_packing_instruction_IBC03,adr_packing_instruction_R001",3,D/E,2924
adr_goods_2925_1kg,adr_class_4_1,FC1,"adr_label_4_1,adr_label_8",1,uom.product_uom_kgm,"FLAMMABLE SOLID, CORROSIVE, ORGANIC, N.O.S.","adr_packing_instruction_P002,adr_packing_instruction_IBC06",2,E,2925
adr_goods_2925_5kg,adr_class_4_1,FC1,"adr_label_4_1,adr_label_8",5,uom.product_uom_kgm,"FLAMMABLE SOLID, CORROSIVE, ORGANIC, N.O.S.","adr_packing_instruction_P002,adr_packing_instruction_IBC06,adr_packing_instruction_R001",3,E,2925
adr_goods_2926_1kg,adr_class_4_1,FT1,"adr_label_4_1,adr_label_6_1",1,uom.product_uom_kgm,"FLAMMABLE SOLID, TOXIC, ORGANIC, N.O.S.","adr_packing_instruction_P002,adr_packing_instruction_IBC06",2,E,2926
adr_goods_2926_5kg,adr_class_4_1,FT1,"adr_label_4_1,adr_label_6_1",5,uom.product_uom_kgm,"FLAMMABLE SOLID, TOXIC, ORGANIC, N.O.S.","adr_packing_instruction_P002,adr_packing_instruction_IBC06,adr_packing_instruction_R001",3,E,2926
adr_goods_2927,adr_class_6_1,TC1,"adr_label_6_1,adr_label_8",,,"TOXIC LIQUID, CORROSIVE, ORGANIC, N.O.S.",adr_packing_instruction_P001,1,C/E,2927
adr_goods_2927_100ml,adr_class_6_1,TC1,"adr_label_6_1,adr_label_8",100,uom.product_uom_milliliter,"TOXIC LIQUID, CORROSIVE, ORGANIC, N.O.S.","adr_packing_instruction_P001,adr_packing_instruction_IBC02",2,D/E,2927
adr_goods_2928,adr_class_6_1,TC2,"adr_label_6_1,adr_label_8",,,"TOXIC SOLID, CORROSIVE, ORGANIC, N.O.S.","adr_packing_instruction_P002,adr_packing_instruction_IBC05",1,C/E,2928
adr_goods_2928_500g,adr_class_6_1,TC2,"adr_label_6_1,adr_label_8",500,uom.product_uom_gram,"TOXIC SOLID, CORROSIVE, ORGANIC, N.O.S.","adr_packing_instruction_P002,adr_packing_instruction_IBC06",2,D/E,2928
adr_goods_2929,adr_class_6_1,TF1,"adr_label_6_1,adr_label_3",,,"TOXIC LIQUID, FLAMMABLE, ORGANIC, N.O.S.",adr_packing_instruction_P001,1,C/D,2929
adr_goods_2929_100ml,adr_class_6_1,TF1,"adr_label_6_1,adr_label_3",100,uom.product_uom_milliliter,"TOXIC LIQUID, FLAMMABLE, ORGANIC, N.O.S.","adr_packing_instruction_P001,adr_packing_instruction_IBC02",2,D/E,2929
adr_goods_2930,adr_class_6_1,TF3,"adr_label_6_1,adr_label_4_1",,,"TOXIC SOLID, FLAMMABLE, ORGANIC, N.O.S.","adr_packing_instruction_P002,adr_packing_instruction_IBC05",1,C/E,2930
adr_goods_2930_500g,adr_class_6_1,TF3,"adr_label_6_1,adr_label_4_1",500,uom.product_uom_gram,"TOXIC SOLID, FLAMMABLE, ORGANIC, N.O.S.","adr_packing_instruction_P002,adr_packing_instruction_IBC08",2,D/E,2930
adr_goods_2931,adr_class_6_1,T5,adr_label_6_1,500,uom.product_uom_gram,VANADYL SULPHATE,"adr_packing_instruction_P002,adr_packing_instruction_IBC08",2,D/E,2931
adr_goods_2933,adr_class_3,F1,adr_label_3,5,uom.product_uom_litre,METHYL 2-CHLOROPROPIONATE,"adr_packing_instruction_P001,adr_packing_instruction_IBC03,adr_packing_instruction_LP01,adr_packing_instruction_R001",3,D/E,2933
adr_goods_2934,adr_class_3,F1,adr_label_3,5,uom.product_uom_litre,ISOPROPYL 2-CHLOROPROPIONATE,"adr_packing_instruction_P001,adr_packing_instruction_IBC03,adr_packing_instruction_LP01,adr_packing_instruction_R001",3,D/E,2934
adr_goods_2935,adr_class_3,F1,adr_label_3,5,uom.product_uom_litre,ETHYL 2-CHLOROPROPIONATE,"adr_packing_instruction_P001,adr_packing_instruction_IBC03,adr_packing_instruction_LP01,adr_packing_instruction_R001",3,D/E,2935
adr_goods_2936,adr_class_6_1,T1,adr_label_6_1,100,uom.product_uom_milliliter,THIOLACTIC ACID,"adr_packing_instruction_P001,adr_packing_instruction_IBC02",2,D/E,2936
adr_goods_2937,adr_class_6_1,T1,adr_label_6_1,5,uom.product_uom_litre,"alpha-METHYLBENZYL ALCOHOL, LIQUID","adr_packing_instruction_P001,adr_packing_instruction_IBC03,adr_packing_instruction_LP01,adr_packing_instruction_R001",2,E,2937
adr_goods_2940,adr_class_4_2,S2,adr_label_4_2,,,9-PHOSPHABICYCLO-NONANES (CYCLOOCTADIENE PHOSPHINES),"adr_packing_instruction_P410,adr_packing_instruction_IBC06",2,D/E,2940
adr_goods_2941,adr_class_6_1,T1,adr_label_6_1,5,uom.product_uom_litre,FLUOROANILINES,"adr_packing_instruction_P001,adr_packing_instruction_IBC03,adr_packing_instruction_LP01,adr_packing_instruction_R001",2,E,2941
adr_goods_2942,adr_class_6_1,T1,adr_label_6_1,5,uom.product_uom_litre,2-TRIFLUOROMETHYL-ANILINE,"adr_packing_instruction_P001,adr_packing_instruction_IBC03,adr_packing_instruction_LP01,adr_packing_instruction_R001",2,E,2942
adr_goods_2943,adr_class_3,F1,adr_label_3,5,uom.product_uom_litre,TETRAHYDROFURFURYL-AMINE,"adr_packing_instruction_P001,adr_packing_instruction_IBC03,adr_packing_instruction_LP01,adr_packing_instruction_R001",3,D/E,2943
adr_goods_2945,adr_class_3,FC,"adr_label_3,adr_label_8",1,uom.product_uom_litre,N-METHYLBUTYLAMINE,"adr_packing_instruction_P001,adr_packing_instruction_IBC02",2,D/E,2945
adr_goods_2946,adr_class_6_1,T1,adr_label_6_1,5,uom.product_uom_litre,2-AMINO-5-DIETHYLAMINOPENTANE,"adr_packing_instruction_P001,adr_packing_instruction_IBC03,adr_packing_instruction_LP01,adr_packing_instruction_R001",2,E,2946
adr_goods_2947,adr_class_3,F1,adr_label_3,5,uom.product_uom_litre,ISOPROPYL CHLOROACETATE,"adr_packing_instruction_P001,adr_packing_instruction_IBC03,adr_packing_instruction_LP01,adr_packing_instruction_R001",3,D/E,2947
adr_goods_2948,adr_class_6_1,T1,adr_label_6_1,100,uom.product_uom_milliliter,3-TRIFLUOROMETHYL-ANILINE,"adr_packing_instruction_P001,adr_packing_instruction_IBC02",2,D/E,2948
adr_goods_2949,adr_class_8,C6,adr_label_8,1,uom.product_uom_kgm,"SODIUM HYDROSULPHIDE, HYDRATED with not less than 25% water of crystallization","adr_packing_instruction_P002,adr_packing_instruction_IBC08",2,E,2949
adr_goods_2950,adr_class_4_3,W2,adr_label_4_3,1,uom.product_uom_kgm,"MAGNESIUM GRANULES, COATED, particle size not less than 149 microns","adr_packing_instruction_P410,adr_packing_instruction_IBC08,adr_packing_instruction_R001",3,E,2950
adr_goods_2956,adr_class_4_1,SR1,adr_label_4_1,5,uom.product_uom_kgm,"5-tert-BUTYL-2,4,6-TRINITRO-m-XYLENE (MUSK XYLENE)",adr_packing_instruction_P409,3,D,2956
adr_goods_2965,adr_class_4_3,WFC,"adr_label_4_3,adr_label_3,adr_label_8",,,BORON TRIFLUORIDE DIMETHYL ETHERATE,adr_packing_instruction_P401,0,B/E,2965
adr_goods_2966,adr_class_6_1,T1,adr_label_6_1,100,uom.product_uom_milliliter,THIOGLYCOL,"adr_packing_instruction_P001,adr_packing_instruction_IBC02",2,D/E,2966
adr_goods_2967,adr_class_8,C2,adr_label_8,5,uom.product_uom_kgm,SULPHAMIC ACID,"adr_packing_instruction_P002,adr_packing_instruction_IBC08,adr_packing_instruction_LP02,adr_packing_instruction_R001",3,E,2967
adr_goods_2968,adr_class_4_3,W2,adr_label_4_3,1,uom.product_uom_kgm,"MANEB, STABILIZED or MANEB PREPARATION, STABILIZED against self-heating","adr_packing_instruction_P002,adr_packing_instruction_IBC08,adr_packing_instruction_R001",0,E,2968
adr_goods_2969,adr_class_9,M11,adr_label_9,5,uom.product_uom_kgm,CASTOR BEANS or CASTOR MEAL or CASTOR POMACE or CASTOR FLAKE,"adr_packing_instruction_P002,adr_packing_instruction_IBC08",2,E,2969
adr_goods_2977,adr_class_7,,"adr_label_7E,adr_label_6_1,adr_label_8,adr_label_7A,adr_label_7B,adr_label_7C,adr_label_7E",,,"RADIOACTIVE MATERIAL, URANIUM HEXAFLUORIDE, FISSILE",,0,C,2977
adr_goods_2978,adr_class_7,,"adr_label_6_1,adr_label_8,adr_label_7A,adr_label_7B,adr_label_7C,adr_label_7E",,,"RADIOACTIVE MATERIAL, URANIUM HEXAFLUORIDE, non fissile or fissile-excepted",,0,C,2978
adr_goods_2983,adr_class_3,FT1,"adr_label_3,adr_label_6_1",,,"ETHYLENE OXIDE AND PROPYLENE OXIDE MIXTURE, not more than 30% ethylene oxide",adr_packing_instruction_P001,1,C/E,2983
adr_goods_2984,adr_class_5_1,O1,adr_label_5_1,5,uom.product_uom_litre,"HYDROGEN PEROXIDE, AQUEOUS SOLUTION with not less than 8% but less than 20% hydrogen peroxide (stabilized as necessary)","adr_packing_instruction_P504,adr_packing_instruction_IBC02,adr_packing_instruction_R001",3,E,2984
adr_goods_2985,adr_class_3,FC,"adr_label_3,adr_label_8",,,"CHLOROSILANES, FLAMMABLE, CORROSIVE, N.O.S.",adr_packing_instruction_P010,2,D/E,2985
adr_goods_2986,adr_class_8,CF1,"adr_label_8,adr_label_3",,,"CHLOROSILANES, CORROSIVE, FLAMMABLE, N.O.S.",adr_packing_instruction_P010,2,D/E,2986
adr_goods_2987,adr_class_8,C3,adr_label_8,,,"CHLOROSILANES, CORROSIVE, N.O.S.",adr_packing_instruction_P010,2,E,2987
adr_goods_2988,adr_class_4_3,WFC,"adr_label_4_3,adr_label_3,adr_label_8",,,"CHLOROSILANES, WATER-REACTIVE, FLAMMABLE, CORROSIVE, N.O.S.",adr_packing_instruction_P401,0,B/E,2988
adr_goods_2989_1kg,adr_class_4_1,F3,adr_label_4_1,1,uom.product_uom_kgm,"LEAD PHOSPHITE, DIBASIC","adr_packing_instruction_P002,adr_packing_instruction_IBC08",2,E,2989
adr_goods_2989_5kg,adr_class_4_1,F3,adr_label_4_1,5,uom.product_uom_kgm,"LEAD PHOSPHITE, DIBASIC","adr_packing_instruction_P002,adr_packing_instruction_IBC08,adr_packing_instruction_LP02,adr_packing_instruction_R001",3,E,2989
adr_goods_2990,adr_class_9,M5,adr_label_9,,,"LIFE-SAVING APPLIANCES, SELF-INFLATING",adr_packing_instruction_P905,3,E,2990
adr_goods_2991,adr_class_6_1,TF2,"adr_label_6_1,adr_label_3",,,"CARBAMATE PESTICIDE, LIQUID, TOXIC, FLAMMABLE, flash-point not less than 23 °C",adr_packing_instruction_P001,1,C/E,2991
adr_goods_2991_100ml,adr_class_6_1,TF2,"adr_label_6_1,adr_label_3",100,uom.product_uom_milliliter,"CARBAMATE PESTICIDE, LIQUID, TOXIC, FLAMMABLE, flash-point not less than 23 °C","adr_packing_instruction_P001,adr_packing_instruction_IBC02",2,D/E,2991
adr_goods_2991_5L,adr_class_6_1,TF2,"adr_label_6_1,adr_label_3",5,uom.product_uom_litre,"CARBAMATE PESTICIDE, LIQUID, TOXIC, FLAMMABLE, flash-point not less than 23 °C","adr_packing_instruction_P001,adr_packing_instruction_IBC03,adr_packing_instruction_R001",2,D/E,2991
adr_goods_2992,adr_class_6_1,T6,adr_label_6_1,,,"CARBAMATE PESTICIDE, LIQUID, TOXIC",adr_packing_instruction_P001,1,C/E,2992
adr_goods_2992_100ml,adr_class_6_1,T6,adr_label_6_1,100,uom.product_uom_milliliter,"CARBAMATE PESTICIDE, LIQUID, TOXIC","adr_packing_instruction_P001,adr_packing_instruction_IBC02",2,D/E,2992
adr_goods_2992_5L,adr_class_6_1,T6,adr_label_6_1,5,uom.product_uom_litre,"CARBAMATE PESTICIDE, LIQUID, TOXIC","adr_packing_instruction_P001,adr_packing_instruction_IBC03,adr_packing_instruction_LP01,adr_packing_instruction_R001",2,E,2992
adr_goods_2993,adr_class_6_1,TF2,"adr_label_6_1,adr_label_3",,,"ARSENICAL PESTICIDE, LIQUID, TOXIC, FLAMMABLE, flash-point not less than 23 °C",adr_packing_instruction_P001,1,C/E,2993
adr_goods_2993_100ml,adr_class_6_1,TF2,"adr_label_6_1,adr_label_3",100,uom.product_uom_milliliter,"ARSENICAL PESTICIDE, LIQUID, TOXIC, FLAMMABLE, flash-point not less than 23 °C","adr_packing_instruction_P001,adr_packing_instruction_IBC02",2,D/E,2993
adr_goods_2993_5L,adr_class_6_1,TF2,"adr_label_6_1,adr_label_3",5,uom.product_uom_litre,"ARSENICAL PESTICIDE, LIQUID, TOXIC, FLAMMABLE, flash-point not less than 23 °C","adr_packing_instruction_P001,adr_packing_instruction_IBC03,adr_packing_instruction_R001",2,D/E,2993
adr_goods_2994,adr_class_6_1,T6,adr_label_6_1,,,"ARSENICAL PESTICIDE, LIQUID, TOXIC",adr_packing_instruction_P001,1,C/E,2994
adr_goods_2994_100ml,adr_class_6_1,T6,adr_label_6_1,100,uom.product_uom_milliliter,"ARSENICAL PESTICIDE, LIQUID, TOXIC","adr_packing_instruction_P001,adr_packing_instruction_IBC02",2,D/E,2994
adr_goods_2994_5L,adr_class_6_1,T6,adr_label_6_1,5,uom.product_uom_litre,"ARSENICAL PESTICIDE, LIQUID, TOXIC","adr_packing_instruction_P001,adr_packing_instruction_IBC03,adr_packing_instruction_LP01,adr_packing_instruction_R001",2,E,2994
adr_goods_2995,adr_class_6_1,TF2,"adr_label_6_1,adr_label_3",,,"ORGANOCHLORINE PESTICIDE, LIQUID, TOXIC, FLAMMABLE, flash-point not less than 23 °C",adr_packing_instruction_P001,1,C/E,2995
adr_goods_2995_100ml,adr_class_6_1,TF2,"adr_label_6_1,adr_label_3",100,uom.product_uom_milliliter,"ORGANOCHLORINE PESTICIDE, LIQUID, TOXIC, FLAMMABLE, flash-point not less than 23 °C","adr_packing_instruction_P001,adr_packing_instruction_IBC02",2,D/E,2995
adr_goods_2995_5L,adr_class_6_1,TF2,"adr_label_6_1,adr_label_3",5,uom.product_uom_litre,"ORGANOCHLORINE PESTICIDE, LIQUID, TOXIC, FLAMMABLE, flash-point not less than 23 °C","adr_packing_instruction_P001,adr_packing_instruction_IBC03,adr_packing_instruction_R001",2,D/E,2995
adr_goods_2996,adr_class_6_1,T6,adr_label_6_1,,,"ORGANOCHLORINE PESTICIDE, LIQUID, TOXIC",adr_packing_instruction_P001,1,C/E,2996
adr_goods_2996_100ml,adr_class_6_1,T6,adr_label_6_1,100,uom.product_uom_milliliter,"ORGANOCHLORINE PESTICIDE, LIQUID, TOXIC","adr_packing_instruction_P001,adr_packing_instruction_IBC02",2,D/E,2996
adr_goods_2996_5L,adr_class_6_1,T6,adr_label_6_1,5,uom.product_uom_litre,"ORGANOCHLORINE PESTICIDE, LIQUID, TOXIC","adr_packing_instruction_P001,adr_packing_instruction_IBC03,adr_packing_instruction_LP01,adr_packing_instruction_R001",2,E,2996
adr_goods_2997,adr_class_6_1,TF2,"adr_label_6_1,adr_label_3",,,"TRIAZINE PESTICIDE, LIQUID, TOXIC, FLAMMABLE, flash-point not less than 23 °C",adr_packing_instruction_P001,1,C/E,2997
adr_goods_2997_100ml,adr_class_6_1,TF2,"adr_label_6_1,adr_label_3",100,uom.product_uom_milliliter,"TRIAZINE PESTICIDE, LIQUID, TOXIC, FLAMMABLE, flash-point not less than 23 °C","adr_packing_instruction_P001,adr_packing_instruction_IBC02",2,D/E,2997
adr_goods_2997_5L,adr_class_6_1,TF2,"adr_label_6_1,adr_label_3",5,uom.product_uom_litre,"TRIAZINE PESTICIDE, LIQUID, TOXIC, FLAMMABLE, flash-point not less than 23 °C","adr_packing_instruction_P001,adr_packing_instruction_IBC03,adr_packing_instruction_R001",2,D/E,2997
adr_goods_2998,adr_class_6_1,T6,adr_label_6_1,,,"TRIAZINE PESTICIDE, LIQUID, TOXIC",adr_packing_instruction_P001,1,C/E,2998
adr_goods_2998_100ml,adr_class_6_1,T6,adr_label_6_1,100,uom.product_uom_milliliter,"TRIAZINE PESTICIDE, LIQUID, TOXIC","adr_packing_instruction_P001,adr_packing_instruction_IBC02",2,D/E,2998
adr_goods_2998_5L,adr_class_6_1,T6,adr_label_6_1,5,uom.product_uom_litre,"TRIAZINE PESTICIDE, LIQUID, TOXIC","adr_packing_instruction_P001,adr_packing_instruction_IBC03,adr_packing_instruction_LP01,adr_packing_instruction_R001",2,E,2998
adr_goods_3005,adr_class_6_1,TF2,"adr_label_6_1,adr_label_3",,,"THIOCARBAMATE PESTICIDE, LIQUID, TOXIC, FLAMMABLE, flash-point not less than 23 °C",adr_packing_instruction_P001,1,C/E,3005
adr_goods_3005_100ml,adr_class_6_1,TF2,"adr_label_6_1,adr_label_3",100,uom.product_uom_milliliter,"THIOCARBAMATE PESTICIDE, LIQUID, TOXIC, FLAMMABLE, flash-point not less than 23 °C","adr_packing_instruction_P001,adr_packing_instruction_IBC02",2,D/E,3005
adr_goods_3005_5L,adr_class_6_1,TF2,"adr_label_6_1,adr_label_3",5,uom.product_uom_litre,"THIOCARBAMATE PESTICIDE, LIQUID, TOXIC, FLAMMABLE, flash-point not less than 23 °C","adr_packing_instruction_P001,adr_packing_instruction_IBC03,adr_packing_instruction_R001",2,D/E,3005
adr_goods_3006,adr_class_6_1,T6,adr_label_6_1,,,"THIOCARBAMATE PESTICIDE, LIQUID, TOXIC",adr_packing_instruction_P001,1,C/E,3006
adr_goods_3006_100ml,adr_class_6_1,T6,adr_label_6_1,100,uom.product_uom_milliliter,"THIOCARBAMATE PESTICIDE, LIQUID, TOXIC","adr_packing_instruction_P001,adr_packing_instruction_IBC02",2,D/E,3006
adr_goods_3006_5L,adr_class_6_1,T6,adr_label_6_1,5,uom.product_uom_litre,"THIOCARBAMATE PESTICIDE, LIQUID, TOXIC","adr_packing_instruction_P001,adr_packing_instruction_IBC03,adr_packing_instruction_LP01,adr_packing_instruction_R001",2,E,3006
adr_goods_3009,adr_class_6_1,TF2,"adr_label_6_1,adr_label_3",,,"COPPER BASED PESTICIDE, LIQUID, TOXIC, FLAMMABLE, flash-point not less than 23 °C",adr_packing_instruction_P001,1,C/E,3009
adr_goods_3009_100ml,adr_class_6_1,TF2,"adr_label_6_1,adr_label_3",100,uom.product_uom_milliliter,"COPPER BASED PESTICIDE, LIQUID, TOXIC, FLAMMABLE, flash-point not less than 23 °C","adr_packing_instruction_P001,adr_packing_instruction_IBC02",2,D/E,3009
adr_goods_3009_5L,adr_class_6_1,TF2,"adr_label_6_1,adr_label_3",5,uom.product_uom_litre,"COPPER BASED PESTICIDE, LIQUID, TOXIC, FLAMMABLE, flash-point not less than 23 °C","adr_packing_instruction_P001,adr_packing_instruction_IBC03,adr_packing_instruction_R001",2,D/E,3009
adr_goods_3010,adr_class_6_1,T6,adr_label_6_1,,,"COPPER BASED PESTICIDE, LIQUID, TOXIC",adr_packing_instruction_P001,1,C/E,3010
adr_goods_3010_100ml,adr_class_6_1,T6,adr_label_6_1,100,uom.product_uom_milliliter,"COPPER BASED PESTICIDE, LIQUID, TOXIC","adr_packing_instruction_P001,adr_packing_instruction_IBC02",2,D/E,3010
adr_goods_3010_5L,adr_class_6_1,T6,adr_label_6_1,5,uom.product_uom_litre,"COPPER BASED PESTICIDE, LIQUID, TOXIC","adr_packing_instruction_P001,adr_packing_instruction_IBC03,adr_packing_instruction_LP01,adr_packing_instruction_R001",2,E,3010
adr_goods_3011,adr_class_6_1,TF2,"adr_label_6_1,adr_label_3",,,"MERCURY BASED PESTICIDE, LIQUID, TOXIC, FLAMMABLE, flash-point not less than 23 °C",adr_packing_instruction_P001,1,C/E,3011
adr_goods_3011_100ml,adr_class_6_1,TF2,"adr_label_6_1,adr_label_3",100,uom.product_uom_milliliter,"MERCURY BASED PESTICIDE, LIQUID, TOXIC, FLAMMABLE, flash-point not less than 23 °C","adr_packing_instruction_P001,adr_packing_instruction_IBC02",2,D/E,3011
adr_goods_3011_5L,adr_class_6_1,TF2,"adr_label_6_1,adr_label_3",5,uom.product_uom_litre,"MERCURY BASED PESTICIDE, LIQUID, TOXIC, FLAMMABLE, flash-point not less than 23 °C","adr_packing_instruction_P001,adr_packing_instruction_IBC03,adr_packing_instruction_R001",2,D/E,3011
adr_goods_3012,adr_class_6_1,T6,adr_label_6_1,,,"MERCURY BASED PESTICIDE, LIQUID, TOXIC",adr_packing_instruction_P001,1,C/E,3012
adr_goods_3012_100ml,adr_class_6_1,T6,adr_label_6_1,100,uom.product_uom_milliliter,"MERCURY BASED PESTICIDE, LIQUID, TOXIC","adr_packing_instruction_P001,adr_packing_instruction_IBC02",2,D/E,3012
adr_goods_3012_5L,adr_class_6_1,T6,adr_label_6_1,5,uom.product_uom_litre,"MERCURY BASED PESTICIDE, LIQUID, TOXIC","adr_packing_instruction_P001,adr_packing_instruction_IBC03,adr_packing_instruction_LP01,adr_packing_instruction_R001",2,E,3012
adr_goods_3013,adr_class_6_1,TF2,"adr_label_6_1,adr_label_3",,,"SUBSTITUTED NITROPHENOL PESTICIDE, LIQUID, TOXIC, FLAMMABLE, flash-point not less than 23 °C",adr_packing_instruction_P001,1,C/E,3013
adr_goods_3013_100ml,adr_class_6_1,TF2,"adr_label_6_1,adr_label_3",100,uom.product_uom_milliliter,"SUBSTITUTED NITROPHENOL PESTICIDE, LIQUID, TOXIC, FLAMMABLE, flash-point not less than 23 °C","adr_packing_instruction_P001,adr_packing_instruction_IBC02",2,D/E,3013
adr_goods_3013_5L,adr_class_6_1,TF2,"adr_label_6_1,adr_label_3",5,uom.product_uom_litre,"SUBSTITUTED NITROPHENOL PESTICIDE, LIQUID, TOXIC, FLAMMABLE, flash-point not less than 23 °C","adr_packing_instruction_P001,adr_packing_instruction_IBC03,adr_packing_instruction_R001",2,D/E,3013
adr_goods_3014,adr_class_6_1,T6,adr_label_6_1,,,"SUBSTITUTED NITROPHENOL PESTICIDE, LIQUID, TOXIC",adr_packing_instruction_P001,1,C/E,3014
adr_goods_3014_100ml,adr_class_6_1,T6,adr_label_6_1,100,uom.product_uom_milliliter,"SUBSTITUTED NITROPHENOL PESTICIDE, LIQUID, TOXIC","adr_packing_instruction_P001,adr_packing_instruction_IBC02",2,D/E,3014
adr_goods_3014_5L,adr_class_6_1,T6,adr_label_6_1,5,uom.product_uom_litre,"SUBSTITUTED NITROPHENOL PESTICIDE, LIQUID, TOXIC","adr_packing_instruction_P001,adr_packing_instruction_IBC03,adr_packing_instruction_LP01,adr_packing_instruction_R001",2,E,3014
adr_goods_3015,adr_class_6_1,TF2,"adr_label_6_1,adr_label_3",,,"BIPYRIDILIUM PESTICIDE, LIQUID, TOXIC, FLAMMABLE, flash-point not less than 23 °C",adr_packing_instruction_P001,1,C/E,3015
adr_goods_3015_100ml,adr_class_6_1,TF2,"adr_label_6_1,adr_label_3",100,uom.product_uom_milliliter,"BIPYRIDILIUM PESTICIDE, LIQUID, TOXIC, FLAMMABLE, flash-point not less than 23 °C","adr_packing_instruction_P001,adr_packing_instruction_IBC02",2,D/E,3015
adr_goods_3015_5L,adr_class_6_1,TF2,"adr_label_6_1,adr_label_3",5,uom.product_uom_litre,"BIPYRIDILIUM PESTICIDE, LIQUID, TOXIC, FLAMMABLE, flash-point not less than 23 °C","adr_packing_instruction_P001,adr_packing_instruction_IBC03,adr_packing_instruction_R001",2,D/E,3015
adr_goods_3016,adr_class_6_1,T6,adr_label_6_1,,,"BIPYRIDILIUM PESTICIDE, LIQUID, TOXIC",adr_packing_instruction_P001,1,C/E,3016
adr_goods_3016_100ml,adr_class_6_1,T6,adr_label_6_1,100,uom.product_uom_milliliter,"BIPYRIDILIUM PESTICIDE, LIQUID, TOXIC","adr_packing_instruction_P001,adr_packing_instruction_IBC02",2,D/E,3016
adr_goods_3016_5L,adr_class_6_1,T6,adr_label_6_1,5,uom.product_uom_litre,"BIPYRIDILIUM PESTICIDE, LIQUID, TOXIC","adr_packing_instruction_P001,adr_packing_instruction_IBC03,adr_packing_instruction_LP01,adr_packing_instruction_R001",2,E,3016
adr_goods_3017,adr_class_6_1,TF2,"adr_label_6_1,adr_label_3",,,"ORGANOPHOSPHORUS PESTICIDE, LIQUID, TOXIC, FLAMMABLE, flash-point not less than 23 °C",adr_packing_instruction_P001,1,C/E,3017
adr_goods_3017_100ml,adr_class_6_1,TF2,"adr_label_6_1,adr_label_3",100,uom.product_uom_milliliter,"ORGANOPHOSPHORUS PESTICIDE, LIQUID, TOXIC, FLAMMABLE, flash-point not less than 23 °C","adr_packing_instruction_P001,adr_packing_instruction_IBC02",2,D/E,3017
adr_goods_3017_5L,adr_class_6_1,TF2,"adr_label_6_1,adr_label_3",5,uom.product_uom_litre,"ORGANOPHOSPHORUS PESTICIDE, LIQUID, TOXIC, FLAMMABLE, flash-point not less than 23 °C","adr_packing_instruction_P001,adr_packing_instruction_IBC03,adr_packing_instruction_R001",2,D/E,3017
adr_goods_3018,adr_class_6_1,T6,adr_label_6_1,,,"ORGANOPHOSPHORUS PESTICIDE, LIQUID, TOXIC",adr_packing_instruction_P001,1,C/E,3018
adr_goods_3018_100ml,adr_class_6_1,T6,adr_label_6_1,100,uom.product_uom_milliliter,"ORGANOPHOSPHORUS PESTICIDE, LIQUID, TOXIC","adr_packing_instruction_P001,adr_packing_instruction_IBC02",2,D/E,3018
adr_goods_3018_5L,adr_class_6_1,T6,adr_label_6_1,5,uom.product_uom_litre,"ORGANOPHOSPHORUS PESTICIDE, LIQUID, TOXIC","adr_packing_instruction_P001,adr_packing_instruction_IBC03,adr_packing_instruction_LP01,adr_packing_instruction_R001",2,E,3018
adr_goods_3019,adr_class_6_1,TF2,"adr_label_6_1,adr_label_3",,,"ORGANOTIN PESTICIDE, LIQUID, TOXIC, FLAMMABLE, flash-point not less than 23 °C",adr_packing_instruction_P001,1,C/E,3019
adr_goods_3019_100ml,adr_class_6_1,TF2,"adr_label_6_1,adr_label_3",100,uom.product_uom_milliliter,"ORGANOTIN PESTICIDE, LIQUID, TOXIC, FLAMMABLE, flash-point not less than 23 °C","adr_packing_instruction_P001,adr_packing_instruction_IBC02",2,D/E,3019
adr_goods_3019_5L,adr_class_6_1,TF2,"adr_label_6_1,adr_label_3",5,uom.product_uom_litre,"ORGANOTIN PESTICIDE, LIQUID, TOXIC, FLAMMABLE, flash-point not less than 23 °C","adr_packing_instruction_P001,adr_packing_instruction_IBC03,adr_packing_instruction_R001",2,D/E,3019
adr_goods_3020,adr_class_6_1,T6,adr_label_6_1,,,"ORGANOTIN PESTICIDE, LIQUID, TOXIC",adr_packing_instruction_P001,1,C/E,3020
adr_goods_3020_100ml,adr_class_6_1,T6,adr_label_6_1,100,uom.product_uom_milliliter,"ORGANOTIN PESTICIDE, LIQUID, TOXIC","adr_packing_instruction_P001,adr_packing_instruction_IBC02",2,D/E,3020
adr_goods_3020_5L,adr_class_6_1,T6,adr_label_6_1,5,uom.product_uom_litre,"ORGANOTIN PESTICIDE, LIQUID, TOXIC","adr_packing_instruction_P001,adr_packing_instruction_IBC03,adr_packing_instruction_LP01,adr_packing_instruction_R001",2,E,3020
adr_goods_3021,adr_class_3,FT2,"adr_label_3,adr_label_6_1",,,"PESTICIDE, LIQUID, FLAMMABLE, TOXIC, N.O.S., flash-point less than 23 °C",adr_packing_instruction_P001,1,C/E,3021
adr_goods_3021_1L,adr_class_3,FT2,"adr_label_3,adr_label_6_1",1,uom.product_uom_litre,"PESTICIDE, LIQUID, FLAMMABLE, TOXIC, N.O.S., flash-point less than 23 °C","adr_packing_instruction_P001,adr_packing_instruction_IBC02,adr_packing_instruction_R001",2,D/E,3021
adr_goods_3022,adr_class_3,F1,adr_label_3,1,uom.product_uom_litre,"1,2-BUTYLENE OXIDE, STABILIZED","adr_packing_instruction_P001,adr_packing_instruction_IBC02,adr_packing_instruction_R001",2,D/E,3022
adr_goods_3023,adr_class_6_1,TF1,"adr_label_6_1,adr_label_3",,,2-METHYL-2-HEPTANETHIOL,adr_packing_instruction_P602,1,C/D,3023
adr_goods_3024,adr_class_3,FT2,"adr_label_3,adr_label_6_1",,,"COUMARIN DERIVATIVE PESTICIDE, LIQUID, FLAMMABLE, TOXIC, flash-point less than 23 °C",adr_packing_instruction_P001,1,C/E,3024
adr_goods_3024_1L,adr_class_3,FT2,"adr_label_3,adr_label_6_1",1,uom.product_uom_litre,"COUMARIN DERIVATIVE PESTICIDE, LIQUID, FLAMMABLE, TOXIC, flash-point less than 23 °C","adr_packing_instruction_P001,adr_packing_instruction_IBC02,adr_packing_instruction_R001",2,D/E,3024
adr_goods_3025,adr_class_6_1,TF2,"adr_label_6_1,adr_label_3",,,"COUMARIN DERIVATIVE PESTICIDE, LIQUID, TOXIC, FLAMMABLE, flash-point not less than 23 °C",adr_packing_instruction_P001,1,C/E,3025
adr_goods_3025_100ml,adr_class_6_1,TF2,"adr_label_6_1,adr_label_3",100,uom.product_uom_milliliter,"COUMARIN DERIVATIVE PESTICIDE, LIQUID, TOXIC, FLAMMABLE, flash-point not less than 23 °C","adr_packing_instruction_P001,adr_packing_instruction_IBC02",2,D/E,3025
adr_goods_3025_5L,adr_class_6_1,TF2,"adr_label_6_1,adr_label_3",5,uom.product_uom_litre,"COUMARIN DERIVATIVE PESTICIDE, LIQUID, TOXIC, FLAMMABLE, flash-point not less than 23 °C","adr_packing_instruction_P001,adr_packing_instruction_IBC03,adr_packing_instruction_R001",2,D/E,3025
adr_goods_3026,adr_class_6_1,T6,adr_label_6_1,,,"COUMARIN DERIVATIVE PESTICIDE, LIQUID, TOXIC",adr_packing_instruction_P001,1,C/E,3026
adr_goods_3026_100ml,adr_class_6_1,T6,adr_label_6_1,100,uom.product_uom_milliliter,"COUMARIN DERIVATIVE PESTICIDE, LIQUID, TOXIC","adr_packing_instruction_P001,adr_packing_instruction_IBC02",2,D/E,3026
adr_goods_3026_5L,adr_class_6_1,T6,adr_label_6_1,5,uom.product_uom_litre,"COUMARIN DERIVATIVE PESTICIDE, LIQUID, TOXIC","adr_packing_instruction_P001,adr_packing_instruction_IBC03,adr_packing_instruction_LP01,adr_packing_instruction_R001",2,E,3026
adr_goods_3027,adr_class_6_1,T7,adr_label_6_1,,,"COUMARIN DERIVATIVE PESTICIDE, SOLID, TOXIC","adr_packing_instruction_P002,adr_packing_instruction_IBC07",1,C/E,3027
adr_goods_3027_500g,adr_class_6_1,T7,adr_label_6_1,500,uom.product_uom_gram,"COUMARIN DERIVATIVE PESTICIDE, SOLID, TOXIC","adr_packing_instruction_P002,adr_packing_instruction_IBC08",2,D/E,3027
adr_goods_3027_5kg,adr_class_6_1,T7,adr_label_6_1,5,uom.product_uom_kgm,"COUMARIN DERIVATIVE PESTICIDE, SOLID, TOXIC","adr_packing_instruction_P002,adr_packing_instruction_IBC08,adr_packing_instruction_LP02,adr_packing_instruction_R001",2,E,3027
adr_goods_3028,adr_class_8,C11,adr_label_8,2,uom.product_uom_kgm,"BATTERIES, DRY, CONTAINING POTASSIUM HYDROXIDE SOLID, electric storage","adr_packing_instruction_P801,adr_packing_instruction_P801a",3,E,3028
adr_goods_3048,adr_class_6_1,T7,adr_label_6_1,,,ALUMINIUM PHOSPHIDE PESTICIDE,"adr_packing_instruction_P002,adr_packing_instruction_IBC07",1,C/E,3048
adr_goods_3054,adr_class_3,F1,adr_label_3,5,uom.product_uom_litre,CYCLOHEXYL MERCAPTAN,"adr_packing_instruction_P001,adr_packing_instruction_IBC03,adr_packing_instruction_LP01,adr_packing_instruction_R001",3,D/E,3054
adr_goods_3055,adr_class_8,C7,adr_label_8,5,uom.product_uom_litre,2-(2-AMINOETHOXY)ETHANOL,"adr_packing_instruction_P001,adr_packing_instruction_IBC03,adr_packing_instruction_LP01,adr_packing_instruction_R001",3,E,3055
adr_goods_3056,adr_class_3,F1,adr_label_3,5,uom.product_uom_litre,n-HEPTALDEHYDE,"adr_packing_instruction_P001,adr_packing_instruction_IBC03,adr_packing_instruction_LP01,adr_packing_instruction_R001",3,D/E,3056
adr_goods_3057,adr_class_2,2TC,"adr_label_2_3,adr_label_8",,,TRIFLUOROACETYL CHLORIDE,adr_packing_instruction_P200,1,C/D,3057
adr_goods_3064,adr_class_3,D,adr_label_3,,,"NITROGLYCERIN, SOLUTION IN ALCOHOL with more than 1% but not more than 5% nitroglycerin",adr_packing_instruction_P300,2,B,3064
adr_goods_3065_F1_3_5L_P001/IBC02/R001_2,adr_class_3,F1,adr_label_3,5,uom.product_uom_litre,"ALCOHOLIC BEVERAGES, with more than 70% alcohol by volume","adr_packing_instruction_P001,adr_packing_instruction_IBC02,adr_packing_instruction_R001",2,D/E,3065
adr_goods_3065_F1_3_144/145/247_5L_P001/IBC03/R001_3,adr_class_3,F1,adr_label_3,5,uom.product_uom_litre,"ALCOHOLIC BEVERAGES, with more than 24% but not more than 70% alcohol by volume","adr_packing_instruction_P001,adr_packing_instruction_IBC03,adr_packing_instruction_R001",3,D/E,3065
adr_goods_3066_1L,adr_class_8,C9,adr_label_8,1,uom.product_uom_litre,"PAINT (including paint, lacquer, enamel, stain, shellac, varnish, polish, liquid filler and liquid lacquer base) or PAINT RELATED MATERIAL (including paint thinning and reducing compound)","adr_packing_instruction_P001,adr_packing_instruction_IBC02",2,E,3066
adr_goods_3066_5L,adr_class_8,C9,adr_label_8,5,uom.product_uom_litre,"PAINT (including paint, lacquer, enamel, stain, shellac, varnish, polish, liquid filler and liquid lacquer base) or PAINT RELATED MATERIAL (including paint thinning and reducing compound)","adr_packing_instruction_P001,adr_packing_instruction_IBC03,adr_packing_instruction_R001",3,E,3066
adr_goods_3070,adr_class_2,2A,adr_label_2_2,120,uom.product_uom_milliliter,ETHYLENE OXIDE AND DICHLORODIFLUORO-METHANE MIXTURE with not more than 12.5% ethylene oxide,adr_packing_instruction_P200,3,C/E,3070
adr_goods_3071,adr_class_6_1,TF1,"adr_label_6_1,adr_label_3",100,uom.product_uom_milliliter,"MERCAPTANS, LIQUID, TOXIC, FLAMMABLE, N.O.S. or MERCAPTAN MIXTURE, LIQUID, TOXIC, FLAMMABLE, N.O.S.","adr_packing_instruction_P001,adr_packing_instruction_IBC02",2,D/E,3071
adr_goods_3072,adr_class_9,M5,adr_label_9,,,LIFE-SAVING APPLIANCES NOT SELF-INFLATING containing dangerous goods as equipment,adr_packing_instruction_P905,3,E,3072
adr_goods_3073,adr_class_6_1,TFC,"adr_label_6_1,adr_label_3,adr_label_8",100,uom.product_uom_milliliter,"VINYLPYRIDINES, STABILIZED","adr_packing_instruction_P001,adr_packing_instruction_IBC01",2,D/E,3073
adr_goods_3077,adr_class_9,M7,adr_label_9,5,uom.product_uom_kgm,"ENVIRONMENTALLY HAZARDOUS SUBSTANCE, SOLID, N.O.S.","adr_packing_instruction_P002,adr_packing_instruction_IBC08,adr_packing_instruction_LP02,adr_packing_instruction_R001",3,-,3077
adr_goods_3078,adr_class_4_3,W2,adr_label_4_3,500,uom.product_uom_gram,"CERIUM, turnings or gritty powder","adr_packing_instruction_P410,adr_packing_instruction_IBC07",2,D/E,3078
adr_goods_3079,adr_class_6_1,TF1,"adr_label_6_1,adr_label_3",,,"METHACRYLONITRILE, STABILIZED",adr_packing_instruction_P602,1,C/D,3079
adr_goods_3080,adr_class_6_1,TF1,"adr_label_6_1,adr_label_3",100,uom.product_uom_milliliter,"ISOCYANATES, TOXIC, FLAMMABLE, N.O.S. or ISOCYANATE SOLUTION, TOXIC, FLAMMABLE, N.O.S.","adr_packing_instruction_P001,adr_packing_instruction_IBC02",2,D/E,3080
adr_goods_3082,adr_class_9,M6,adr_label_9,5,uom.product_uom_litre,"ENVIRONMENTALLY HAZARDOUS SUBSTANCE, LIQUID, N.O.S.","adr_packing_instruction_P001,adr_packing_instruction_IBC03,adr_packing_instruction_LP01,adr_packing_instruction_R001",3,-,3082
adr_goods_3083,adr_class_2,2TO,"adr_label_2_3,adr_label_5_1",,,PERCHLORYL FLUORIDE,adr_packing_instruction_P200,1,C/D,3083
adr_goods_3084,adr_class_8,CO2,"adr_label_8,adr_label_5_1",,,"CORROSIVE SOLID, OXIDIZING, N.O.S.",adr_packing_instruction_P002,1,E,3084
adr_goods_3084_1kg,adr_class_8,CO2,"adr_label_8,adr_label_5_1",1,uom.product_uom_kgm,"CORROSIVE SOLID, OXIDIZING, N.O.S.","adr_packing_instruction_P002,adr_packing_instruction_IBC06",2,E,3084
adr_goods_3085,adr_class_5_1,OC2,"adr_label_5_1,adr_label_8",,,"OXIDIZING SOLID, CORROSIVE, N.O.S.",adr_packing_instruction_P503,1,E,3085
adr_goods_3085_1kg,adr_class_5_1,OC2,"adr_label_5_1,adr_label_8",1,uom.product_uom_kgm,"OXIDIZING SOLID, CORROSIVE, N.O.S.","adr_packing_instruction_P002,adr_packing_instruction_IBC06",2,E,3085
adr_goods_3085_5kg,adr_class_5_1,OC2,"adr_label_5_1,adr_label_8",5,uom.product_uom_kgm,"OXIDIZING SOLID, CORROSIVE, N.O.S.","adr_packing_instruction_P002,adr_packing_instruction_IBC08,adr_packing_instruction_R001",3,E,3085
adr_goods_3086,adr_class_6_1,TO2,"adr_label_6_1,adr_label_5_1",,,"TOXIC SOLID, OXIDIZING, N.O.S.",adr_packing_instruction_P002,1,C/E,3086
adr_goods_3086_500g,adr_class_6_1,TO2,"adr_label_6_1,adr_label_5_1",500,uom.product_uom_gram,"TOXIC SOLID, OXIDIZING, N.O.S.","adr_packing_instruction_P002,adr_packing_instruction_IBC06",2,D/E,3086
adr_goods_3087,adr_class_5_1,OT2,"adr_label_5_1,adr_label_6_1",,,"OXIDIZING SOLID, TOXIC, N.O.S.",adr_packing_instruction_P503,1,E,3087
adr_goods_3087_1kg,adr_class_5_1,OT2,"adr_label_5_1,adr_label_6_1",1,uom.product_uom_kgm,"OXIDIZING SOLID, TOXIC, N.O.S.","adr_packing_instruction_P002,adr_packing_instruction_IBC06",2,E,3087
adr_goods_3087_5kg,adr_class_5_1,OT2,"adr_label_5_1,adr_label_6_1",5,uom.product_uom_kgm,"OXIDIZING SOLID, TOXIC, N.O.S.","adr_packing_instruction_P002,adr_packing_instruction_IBC08,adr_packing_instruction_R001",3,E,3087
adr_goods_3088_S2_4dot2_274_P410/IBC06_2,adr_class_4_2,S2,adr_label_4_2,,,"SELF-HEATING SOLID, ORGANIC, N.O.S.","adr_packing_instruction_P410,adr_packing_instruction_IBC06",2,D/E,3088
adr_goods_3088_S2_4dot2_274/665_P002/IBC08/LP02/R001_3,adr_class_4_2,S2,adr_label_4_2,,,"SELF-HEATING SOLID, ORGANIC, N.O.S.","adr_packing_instruction_P002,adr_packing_instruction_IBC08,adr_packing_instruction_LP02,adr_packing_instruction_R001",3,E,3088
adr_goods_3089_1kg,adr_class_4_1,F3,adr_label_4_1,1,uom.product_uom_kgm,"METAL POWDER, FLAMMABLE, N.O.S.","adr_packing_instruction_P002,adr_packing_instruction_IBC08",2,E,3089
adr_goods_3089_5kg,adr_class_4_1,F3,adr_label_4_1,5,uom.product_uom_kgm,"METAL POWDER, FLAMMABLE, N.O.S.","adr_packing_instruction_P002,adr_packing_instruction_IBC08,adr_packing_instruction_R001",3,E,3089
adr_goods_3090,adr_class_9,M4,adr_label_9A,,,LITHIUM METAL BATTERIES (including lithium alloy batteries),"adr_packing_instruction_P903,adr_packing_instruction_P908,adr_packing_instruction_P909,adr_packing_instruction_P910,adr_packing_instruction_P911,adr_packing_instruction_LP903,adr_packing_instruction_LP904,adr_packing_instruction_LP905,adr_packing_instruction_LP906",2,E,3090
adr_goods_3091,adr_class_9,M4,adr_label_9A,,,LITHIUM METAL BATTERIES CONTAINED IN EQUIPMENT or LITHIUM METAL BATTERIES PACKED WITH EQUIPMENT (including lithium alloy batteries),"adr_packing_instruction_P903,adr_packing_instruction_P908,adr_packing_instruction_P909,adr_packing_instruction_P910,adr_packing_instruction_P911,adr_packing_instruction_LP903,adr_packing_instruction_LP904,adr_packing_instruction_LP905,adr_packing_instruction_LP906",2,E,3091
adr_goods_3092,adr_class_3,F1,adr_label_3,5,uom.product_uom_litre,1-METHOXY-2-PROPANOL,"adr_packing_instruction_P001,adr_packing_instruction_IBC03,adr_packing_instruction_LP01,adr_packing_instruction_R001",3,D/E,3092
adr_goods_3093,adr_class_8,CO1,"adr_label_8,adr_label_5_1",,,"CORROSIVE LIQUID, OXIDIZING, N.O.S.",adr_packing_instruction_P001,1,E,3093
adr_goods_3093_1L,adr_class_8,CO1,"adr_label_8,adr_label_5_1",1,uom.product_uom_litre,"CORROSIVE LIQUID, OXIDIZING, N.O.S.","adr_packing_instruction_P001,adr_packing_instruction_IBC02",2,E,3093
adr_goods_3094,adr_class_8,CW1,"adr_label_8,adr_label_4_3",,,"CORROSIVE LIQUID, WATER-REACTIVE, N.O.S.",adr_packing_instruction_P001,1,D/E,3094
adr_goods_3094_1L,adr_class_8,CW1,"adr_label_8,adr_label_4_3",1,uom.product_uom_litre,"CORROSIVE LIQUID, WATER-REACTIVE, N.O.S.",adr_packing_instruction_P001,2,E,3094
adr_goods_3095,adr_class_8,CS2,"adr_label_8,adr_label_4_2",,,"CORROSIVE SOLID, SELF-HEATING, N.O.S.",adr_packing_instruction_P002,1,E,3095
adr_goods_3095_1kg,adr_class_8,CS2,"adr_label_8,adr_label_4_2",1,uom.product_uom_kgm,"CORROSIVE SOLID, SELF-HEATING, N.O.S.","adr_packing_instruction_P002,adr_packing_instruction_IBC06",2,E,3095
adr_goods_3096,adr_class_8,CW2,"adr_label_8,adr_label_4_3",,,"CORROSIVE SOLID, WATER-REACTIVE, N.O.S.",adr_packing_instruction_P002,1,E,3096
adr_goods_3096_1kg,adr_class_8,CW2,"adr_label_8,adr_label_4_3",1,uom.product_uom_kgm,"CORROSIVE SOLID, WATER-REACTIVE, N.O.S.","adr_packing_instruction_P002,adr_packing_instruction_IBC06",2,E,3096
adr_goods_3097,adr_class_4_1,FO,,,,"FLAMMABLE SOLID, OXIDIZING, N.O.S.",,CARRIAGE_PROHIBITED,CARRIAGE_PROHIBITED,3097
adr_goods_3098,adr_class_5_1,OC1,"adr_label_5_1,adr_label_8",,,"OXIDIZING LIQUID, CORROSIVE, N.O.S.",adr_packing_instruction_P502,1,E,3098
adr_goods_3098_1L,adr_class_5_1,OC1,"adr_label_5_1,adr_label_8",1,uom.product_uom_litre,"OXIDIZING LIQUID, CORROSIVE, N.O.S.","adr_packing_instruction_P504,adr_packing_instruction_IBC01",2,E,3098
adr_goods_3098_5L,adr_class_5_1,OC1,"adr_label_5_1,adr_label_8",5,uom.product_uom_litre,"OXIDIZING LIQUID, CORROSIVE, N.O.S.","adr_packing_instruction_P504,adr_packing_instruction_IBC02,adr_packing_instruction_R001",3,E,3098
adr_goods_3099,adr_class_5_1,OT1,"adr_label_5_1,adr_label_6_1",,,"OXIDIZING LIQUID, TOXIC, N.O.S.",adr_packing_instruction_P502,1,E,3099
adr_goods_3099_1L,adr_class_5_1,OT1,"adr_label_5_1,adr_label_6_1",1,uom.product_uom_litre,"OXIDIZING LIQUID, TOXIC, N.O.S.","adr_packing_instruction_P504,adr_packing_instruction_IBC01",2,E,3099
adr_goods_3099_5L,adr_class_5_1,OT1,"adr_label_5_1,adr_label_6_1",5,uom.product_uom_litre,"OXIDIZING LIQUID, TOXIC, N.O.S.","adr_packing_instruction_P504,adr_packing_instruction_IBC02,adr_packing_instruction_R001",3,E,3099
adr_goods_3100,adr_class_5_1,OS,,,,"OXIDIZING SOLID, SELF-HEATING, N.O.S.",,CARRIAGE_PROHIBITED,CARRIAGE_PROHIBITED,3100
adr_goods_3101,adr_class_5_2,P1,"adr_label_5_2,adr_label_1",25,uom.product_uom_milliliter,"ORGANIC PEROXIDE TYPE B, LIQUID",adr_packing_instruction_P520,1,B,3101
adr_goods_3102,adr_class_5_2,P1,"adr_label_5_2,adr_label_1",100,uom.product_uom_gram,"ORGANIC PEROXIDE TYPE B, SOLID",adr_packing_instruction_P520,1,B,3102
adr_goods_3103,adr_class_5_2,P1,adr_label_5_2,25,uom.product_uom_milliliter,"ORGANIC PEROXIDE TYPE C, LIQUID",adr_packing_instruction_P520,1,D,3103
adr_goods_3104,adr_class_5_2,P1,adr_label_5_2,100,uom.product_uom_gram,"ORGANIC PEROXIDE TYPE C, SOLID",adr_packing_instruction_P520,1,D,3104
adr_goods_3105,adr_class_5_2,P1,adr_label_5_2,125,uom.product_uom_milliliter,"ORGANIC PEROXIDE TYPE C, SOLID",adr_packing_instruction_P520,2,D,3105
adr_goods_3106,adr_class_5_2,P1,adr_label_5_2,500,uom.product_uom_gram,"ORGANIC PEROXIDE TYPE D, SOLID",adr_packing_instruction_P520,2,D,3106
adr_goods_3107,adr_class_5_2,P1,adr_label_5_2,125,uom.product_uom_milliliter,"ORGANIC PEROXIDE TYPE E, LIQUID",adr_packing_instruction_P520,2,D,3107
adr_goods_3108,adr_class_5_2,P1,adr_label_5_2,500,uom.product_uom_gram,"ORGANIC PEROXIDE TYPE E, SOLID",adr_packing_instruction_P520,2,D,3108
adr_goods_3109,adr_class_5_2,P1,adr_label_5_2,125,uom.product_uom_milliliter,"ORGANIC PEROXIDE TYPE F, LIQUID","adr_packing_instruction_P520,adr_packing_instruction_IBC520",2,D,3109
adr_goods_3110,adr_class_5_2,P1,adr_label_5_2,500,uom.product_uom_gram,"ORGANIC PEROXIDE TYPE F, SOLID","adr_packing_instruction_P520,adr_packing_instruction_IBC520",2,D,3110
adr_goods_3111,adr_class_5_2,P2,"adr_label_5_2,adr_label_1",,,"ORGANIC PEROXIDE TYPE B, LIQUID, TEMPERATURE CONTROLLED",adr_packing_instruction_P520,1,B,3111
adr_goods_3112,adr_class_5_2,P2,"adr_label_5_2,adr_label_1",,,"ORGANIC PEROXIDE TYPE B, SOLID, TEMPERATURE CONTROLLED",adr_packing_instruction_P520,1,B,3112
adr_goods_3113,adr_class_5_2,P2,adr_label_5_2,,,"ORGANIC PEROXIDE TYPE C, LIQUID, TEMPERATURE CONTROLLED",adr_packing_instruction_P520,1,D,3113
adr_goods_3114,adr_class_5_2,P2,adr_label_5_2,,,"ORGANIC PEROXIDE TYPE C, SOLID, TEMPERATURE CONTROLLED",adr_packing_instruction_P520,1,D,3114
adr_goods_3115,adr_class_5_2,P2,adr_label_5_2,,,"ORGANIC PEROXIDE TYPE D, LIQUID, TEMPERATURE CONTROLLED",adr_packing_instruction_P520,1,D,3115
adr_goods_3116,adr_class_5_2,P2,adr_label_5_2,,,"ORGANIC PEROXIDETYPE D, SOLID, TEMPERATURE CONTROLLED",adr_packing_instruction_P520,1,D,3116
adr_goods_3117,adr_class_5_2,P2,adr_label_5_2,,,"ORGANIC PEROXIDE TYPE E, LIQUID, TEMPERATURE CONTROLLED",adr_packing_instruction_P520,1,D,3117
adr_goods_3118,adr_class_5_2,P2,adr_label_5_2,,,"ORGANIC PEROXIDE TYPE E, SOLID, TEMPERATURE CONTROLLED",adr_packing_instruction_P520,1,D,3118
adr_goods_3119,adr_class_5_2,P2,adr_label_5_2,,,"ORGANIC PEROXIDE TYPE F, LIQUID, TEMPERATURE CONTROLLED","adr_packing_instruction_P520,adr_packing_instruction_IBC520",1,D,3119
adr_goods_3120,adr_class_5_2,P2,adr_label_5_2,,,"ORGANIC PEROXIDE TYPE F, SOLID, TEMPERATURE CONTROLLED","adr_packing_instruction_P520,adr_packing_instruction_IBC520",1,D,3120
adr_goods_3121,adr_class_5_1,OW,,,,"OXIDIZING SOLID, WATER-REACTIVE, N.O.S.",,CARRIAGE_PROHIBITED,CARRIAGE_PROHIBITED,3121
adr_goods_3122,adr_class_6_1,TO1,"adr_label_6_1,adr_label_5_1",,,"TOXIC LIQUID, OXIDIZING, N.O.S.",adr_packing_instruction_P001,1,C/E,3122
adr_goods_3122_100ml,adr_class_6_1,TO1,"adr_label_6_1,adr_label_5_1",100,uom.product_uom_milliliter,"TOXIC LIQUID, OXIDIZING, N.O.S.","adr_packing_instruction_P001,adr_packing_instruction_IBC02",2,D/E,3122
adr_goods_3123,adr_class_6_1,TW1,"adr_label_6_1,adr_label_4_3",,,"TOXIC LIQUID, WATER-REACTIVE, N.O.S.",adr_packing_instruction_P099,1,C/E,3123
adr_goods_3123_100ml,adr_class_6_1,TW1,"adr_label_6_1,adr_label_4_3",100,uom.product_uom_milliliter,"TOXIC LIQUID, WATER-REACTIVE, N.O.S.","adr_packing_instruction_P001,adr_packing_instruction_IBC02",2,D/E,3123
adr_goods_3124_TS_6dot1/4dot2_274_P002_1,adr_class_6_1,TS,"adr_label_6_1,adr_label_4_2",,,"TOXIC SOLID, SELF-HEATING, N.O.S.",adr_packing_instruction_P002,1,C/E,3124
adr_goods_3124_TS_6dot1/4dot2_274_P002/IBC06_2,adr_class_6_1,TS,"adr_label_6_1,adr_label_4_2",,,"TOXIC SOLID, SELF-HEATING, N.O.S.","adr_packing_instruction_P002,adr_packing_instruction_IBC06",2,D/E,3124
adr_goods_3125,adr_class_6_1,TW2,"adr_label_6_1,adr_label_4_3",,,"TOXIC SOLID, WATER-REACTIVE, N.O.S.",adr_packing_instruction_P099,1,C/E,3125
adr_goods_3125_500g,adr_class_6_1,TW2,"adr_label_6_1,adr_label_4_3",500,uom.product_uom_gram,"TOXIC SOLID, WATER-REACTIVE, N.O.S.","adr_packing_instruction_P002,adr_packing_instruction_IBC06",2,D/E,3125
adr_goods_3126_SC2_4dot2/8_274_P410/IBC05_2,adr_class_4_2,SC2,"adr_label_4_2,adr_label_8",,,"SELF-HEATING SOLID, CORROSIVE, ORGANIC, N.O.S.","adr_packing_instruction_P410,adr_packing_instruction_IBC05",2,D/E,3126
adr_goods_3126_SC2_4dot2/8_274_P002/IBC08/R001_3,adr_class_4_2,SC2,"adr_label_4_2,adr_label_8",,,"SELF-HEATING SOLID, CORROSIVE, ORGANIC, N.O.S.","adr_packing_instruction_P002,adr_packing_instruction_IBC08,adr_packing_instruction_R001",3,E,3126
adr_goods_3127,adr_class_4_2,SO,,,,"SELF-HEATING SOLID, OXIDIZING, N.O.S",,CARRIAGE_PROHIBITED,CARRIAGE_PROHIBITED,3127
adr_goods_3128_ST2_4dot2/6dot1_274_P410/IBC05_2,adr_class_4_2,ST2,"adr_label_4_2,adr_label_6_1",,,"SELF-HEATING SOLID, TOXIC, ORGANIC, N.O.S.","adr_packing_instruction_P410,adr_packing_instruction_IBC05",2,D/E,3128
adr_goods_3128_ST2_4dot2/6dot1_274_P002/IBC08/R001_3,adr_class_4_2,ST2,"adr_label_4_2,adr_label_6_1",,,"SELF-HEATING SOLID, TOXIC, ORGANIC, N.O.S.","adr_packing_instruction_P002,adr_packing_instruction_IBC08,adr_packing_instruction_R001",3,E,3128
adr_goods_3129,adr_class_4_3,WC1,"adr_label_4_3,adr_label_8",,,"WATER-REACTIVE LIQUID, CORROSIVE, N.O.S.",adr_packing_instruction_P402,0,B/E,3129
adr_goods_3129_500ml,adr_class_4_3,WC1,"adr_label_4_3,adr_label_8",500,uom.product_uom_milliliter,"WATER-REACTIVE LIQUID, CORROSIVE, N.O.S.","adr_packing_instruction_P402,adr_packing_instruction_IBC01",0,D/E,3129
adr_goods_3129_1L,adr_class_4_3,WC1,"adr_label_4_3,adr_label_8",1,uom.product_uom_litre,"WATER-REACTIVE LIQUID, CORROSIVE, N.O.S.","adr_packing_instruction_P001,adr_packing_instruction_IBC02,adr_packing_instruction_R001",0,E,3129
adr_goods_3130,adr_class_4_3,WT1,"adr_label_4_3,adr_label_6_1",,,"WATER-REACTIVE LIQUID, TOXIC, N.O.S.",adr_packing_instruction_P402,0,B/E,3130
adr_goods_3130_500ml,adr_class_4_3,WT1,"adr_label_4_3,adr_label_6_1",500,uom.product_uom_milliliter,"WATER-REACTIVE LIQUID, TOXIC, N.O.S.","adr_packing_instruction_P402,adr_packing_instruction_IBC01",0,D/E,3130
adr_goods_3130_1L,adr_class_4_3,WT1,"adr_label_4_3,adr_label_6_1",1,uom.product_uom_litre,"WATER-REACTIVE LIQUID, TOXIC, N.O.S.","adr_packing_instruction_P001,adr_packing_instruction_IBC02,adr_packing_instruction_R001",0,E,3130
adr_goods_3131,adr_class_4_3,WC2,"adr_label_4_3,adr_label_8",,,"WATER-REACTIVE SOLID, CORROSIVE, N.O.S.",adr_packing_instruction_P403,0,B/E,3131
adr_goods_3131_500g,adr_class_4_3,WC2,"adr_label_4_3,adr_label_8",500,uom.product_uom_gram,"WATER-REACTIVE SOLID, CORROSIVE, N.O.S.","adr_packing_instruction_P410,adr_packing_instruction_IBC06",0,D/E,3131
adr_goods_3131_1kg,adr_class_4_3,WC2,"adr_label_4_3,adr_label_8",1,uom.product_uom_kgm,"WATER-REACTIVE SOLID, CORROSIVE, N.O.S.","adr_packing_instruction_P410,adr_packing_instruction_IBC08,adr_packing_instruction_R001",0,E,3131
adr_goods_3132,adr_class_4_3,WF2,"adr_label_4_3,adr_label_4_1",,,"WATER-REACTIVE SOLID, FLAMMABLE, N.O.S.","adr_packing_instruction_P403,adr_packing_instruction_IBC99",0,B/E,3132
adr_goods_3132_500g,adr_class_4_3,WF2,"adr_label_4_3,adr_label_4_1",500,uom.product_uom_gram,"WATER-REACTIVE SOLID, FLAMMABLE, N.O.S.","adr_packing_instruction_P410,adr_packing_instruction_IBC04",0,E,3132
adr_goods_3132_1kg,adr_class_4_3,WF2,"adr_label_4_3,adr_label_4_1",1,uom.product_uom_kgm,"WATER-REACTIVE SOLID, FLAMMABLE, N.O.S.","adr_packing_instruction_P410,adr_packing_instruction_IBC06",0,E,3132
adr_goods_3133,adr_class_4_3,WO,,,,"WATER-REACTIVE SOLID, OXIDIZING, N.O.S.",,CARRIAGE_PROHIBITED,CARRIAGE_PROHIBITED,3133
adr_goods_3134,adr_class_4_3,WT2,"adr_label_4_3,adr_label_6_1",,,"WATER-REACTIVE SOLID, TOXIC, N.O.S.",adr_packing_instruction_P403,0,E,3134
adr_goods_3134_500g,adr_class_4_3,WT2,"adr_label_4_3,adr_label_6_1",500,uom.product_uom_gram,"WATER-REACTIVE SOLID, TOXIC, N.O.S.","adr_packing_instruction_P410,adr_packing_instruction_IBC05",0,D/E,3134
adr_goods_3134_1kg,adr_class_4_3,WT2,"adr_label_4_3,adr_label_6_1",1,uom.product_uom_kgm,"WATER-REACTIVE SOLID, TOXIC, N.O.S.","adr_packing_instruction_P410,adr_packing_instruction_IBC08,adr_packing_instruction_R001",0,E,3134
adr_goods_3135_WS_4dot3/4dot2_274_P403_1,adr_class_4_3,WS,"adr_label_4_3,adr_label_4_2",,,"WATER-REACTIVE SOLID, SELF-HEATING, N.O.S.",adr_packing_instruction_P403,1,E,3135
adr_goods_3135_WS_4dot3/4dot2_274_P410/IBC05_2,adr_class_4_3,WS,"adr_label_4_3,adr_label_4_2",,,"WATER-REACTIVE SOLID, SELF-HEATING, N.O.S.","adr_packing_instruction_P410,adr_packing_instruction_IBC05",2,D/E,3135
adr_goods_3135_WS_4dot3/4dot2_274_P410/IBC08_3,adr_class_4_3,WS,"adr_label_4_3,adr_label_4_2",,,"WATER-REACTIVE SOLID, SELF-HEATING, N.O.S.","adr_packing_instruction_P410,adr_packing_instruction_IBC08",3,E,3135
adr_goods_3136,adr_class_2,3A,adr_label_2_2,120,uom.product_uom_milliliter,"TRIFLUOROMETHANE, REFRIGERATED LIQUID",adr_packing_instruction_P203,3,C/E,3136
adr_goods_3137,adr_class_5_1,OF,,,,"OXIDIZING SOLID, FLAMMABLE, N.O.S.",,CARRIAGE_PROHIBITED,CARRIAGE_PROHIBITED,3137
adr_goods_3138,adr_class_2,3F,adr_label_2_1,,,"ETHYLENE, ACETYLENE AND PROPYLENE MIXTURE, REFRIGERATED LIQUID containing at least 71.5% ethylene with not more than 22.5% acetylene and not more than 6% propylene",adr_packing_instruction_P203,2,B/D,3138
adr_goods_3139,adr_class_5_1,O1,adr_label_5_1,,,"OXIDIZING LIQUID, N.O.S.",adr_packing_instruction_P502,1,E,3139
adr_goods_3139_1L,adr_class_5_1,O1,adr_label_5_1,1,uom.product_uom_litre,"OXIDIZING LIQUID, N.O.S.","adr_packing_instruction_P504,adr_packing_instruction_IBC02",2,E,3139
adr_goods_3139_5L,adr_class_5_1,O1,adr_label_5_1,5,uom.product_uom_litre,"OXIDIZING LIQUID, N.O.S.","adr_packing_instruction_P504,adr_packing_instruction_IBC02,adr_packing_instruction_R001",3,E,3139
adr_goods_3140,adr_class_6_1,T1,adr_label_6_1,,,"ALKALOIDS, LIQUID, N.O.S. or ALKALOID SALTS, LIQUID, N.O.S.",adr_packing_instruction_P001,1,C/E,3140
adr_goods_3140_100ml,adr_class_6_1,T1,adr_label_6_1,100,uom.product_uom_milliliter,"ALKALOIDS, LIQUID, N.O.S. or ALKALOID SALTS, LIQUID, N.O.S.","adr_packing_instruction_P001,adr_packing_instruction_IBC02",2,D/E,3140
adr_goods_3140_5L,adr_class_6_1,T1,adr_label_6_1,5,uom.product_uom_litre,"ALKALOIDS, LIQUID, N.O.S. or ALKALOID SALTS, LIQUID, N.O.S.","adr_packing_instruction_P001,adr_packing_instruction_IBC03,adr_packing_instruction_LP01,adr_packing_instruction_R001",2,E,3140
adr_goods_3141,adr_class_6_1,T4,adr_label_6_1,5,uom.product_uom_litre,"ANTIMONY COMPOUND, INORGANIC, LIQUID, N.O.S.","adr_packing_instruction_P001,adr_packing_instruction_IBC03,adr_packing_instruction_LP01,adr_packing_instruction_R001",2,E,3141
adr_goods_3142,adr_class_6_1,T1,adr_label_6_1,,,"DISINFECTANT, LIQUID, TOXIC, N.O.S.",adr_packing_instruction_P001,1,C/E,3142
adr_goods_3142_100ml,adr_class_6_1,T1,adr_label_6_1,100,uom.product_uom_milliliter,"DISINFECTANT, LIQUID, TOXIC, N.O.S.","adr_packing_instruction_P001,adr_packing_instruction_IBC02",2,D/E,3142
adr_goods_3142_5L,adr_class_6_1,T1,adr_label_6_1,5,uom.product_uom_litre,"DISINFECTANT, LIQUID, TOXIC, N.O.S.","adr_packing_instruction_P001,adr_packing_instruction_IBC03,adr_packing_instruction_LP01,adr_packing_instruction_R001",2,E,3142
adr_goods_3143,adr_class_6_1,T2,adr_label_6_1,,,"DYE, SOLID, TOXIC, N.O.S. or DYE INTERMEDIATE, SOLID, TOXIC, N.O.S.","adr_packing_instruction_P002,adr_packing_instruction_IBC07",1,C/E,3143
adr_goods_3143_500g,adr_class_6_1,T2,adr_label_6_1,500,uom.product_uom_gram,"DYE, SOLID, TOXIC, N.O.S. or DYE INTERMEDIATE, SOLID, TOXIC, N.O.S.","adr_packing_instruction_P002,adr_packing_instruction_IBC08",2,D/E,3143
adr_goods_3143_5kg,adr_class_6_1,T2,adr_label_6_1,5,uom.product_uom_kgm,"DYE, SOLID, TOXIC, N.O.S. or DYE INTERMEDIATE, SOLID, TOXIC, N.O.S.","adr_packing_instruction_P002,adr_packing_instruction_IBC08,adr_packing_instruction_LP02,adr_packing_instruction_R001",2,E,3143
adr_goods_3144,adr_class_6_1,T1,adr_label_6_1,,,"NICOTINE COMPOUND, LIQUID, N.O.S. or NICOTINE PREPARATION, LIQUID, N.O.S.",adr_packing_instruction_P001,1,C/E,3144
adr_goods_3144_100ml,adr_class_6_1,T1,adr_label_6_1,100,uom.product_uom_milliliter,"NICOTINE COMPOUND, LIQUID, N.O.S. or NICOTINE PREPARATION, LIQUID, N.O.S.","adr_packing_instruction_P001,adr_packing_instruction_IBC02",2,D/E,3144
adr_goods_3144_5L,adr_class_6_1,T1,adr_label_6_1,5,uom.product_uom_litre,"NICOTINE COMPOUND, LIQUID, N.O.S. or NICOTINE PREPARATION, LIQUID, N.O.S.","adr_packing_instruction_P001,adr_packing_instruction_IBC03,adr_packing_instruction_LP01,adr_packing_instruction_R001",2,E,3144
adr_goods_3145,adr_class_8,C3,adr_label_8,,,"ALKYLPHENOLS, LIQUID, N.O.S. (including C2-C12 homologues)",adr_packing_instruction_P001,1,E,3145
adr_goods_3145_1L,adr_class_8,C3,adr_label_8,1,uom.product_uom_litre,"ALKYLPHENOLS, LIQUID, N.O.S. (including C2-C12 homologues)","adr_packing_instruction_P001,adr_packing_instruction_IBC02",2,E,3145
adr_goods_3145_5L,adr_class_8,C3,adr_label_8,5,uom.product_uom_litre,"ALKYLPHENOLS, LIQUID, N.O.S. (including C2-C12 homologues)","adr_packing_instruction_P001,adr_packing_instruction_IBC03,adr_packing_instruction_LP01,adr_packing_instruction_R001",3,E,3145
adr_goods_3146,adr_class_6_1,T3,adr_label_6_1,,,"ORGANOTIN COMPOUND, SOLID, N.O.S.","adr_packing_instruction_P002,adr_packing_instruction_IBC07",1,C/E,3146
adr_goods_3146_500g,adr_class_6_1,T3,adr_label_6_1,500,uom.product_uom_gram,"ORGANOTIN COMPOUND, SOLID, N.O.S.","adr_packing_instruction_P002,adr_packing_instruction_IBC08",2,D/E,3146
adr_goods_3146_5kg,adr_class_6_1,T3,adr_label_6_1,5,uom.product_uom_kgm,"ORGANOTIN COMPOUND, SOLID, N.O.S.","adr_packing_instruction_P002,adr_packing_instruction_IBC08,adr_packing_instruction_LP02,adr_packing_instruction_R001",2,E,3146
adr_goods_3147,adr_class_8,C10,adr_label_8,,,"DYE, SOLID, CORROSIVE, N.O.S. or DYE INTERMEDIATE, SOLID, CORROSIVE, N.O.S.","adr_packing_instruction_P002,adr_packing_instruction_IBC07",1,E,3147
adr_goods_3147_1kg,adr_class_8,C10,adr_label_8,1,uom.product_uom_kgm,"DYE, SOLID, CORROSIVE, N.O.S. or DYE INTERMEDIATE, SOLID, CORROSIVE, N.O.S.","adr_packing_instruction_P002,adr_packing_instruction_IBC08",2,E,3147
adr_goods_3147_5kg,adr_class_8,C10,adr_label_8,5,uom.product_uom_kgm,"DYE, SOLID, CORROSIVE, N.O.S. or DYE INTERMEDIATE, SOLID, CORROSIVE, N.O.S.","adr_packing_instruction_P002,adr_packing_instruction_IBC08,adr_packing_instruction_LP02,adr_packing_instruction_R001",3,E,3147
adr_goods_3148,adr_class_4_3,W1,adr_label_4_3,,,"WATER-REACTIVE LIQUID, N.O.S.",adr_packing_instruction_P402,0,B/E,3148
adr_goods_3148_500ml,adr_class_4_3,W1,adr_label_4_3,500,uom.product_uom_milliliter,"WATER-REACTIVE LIQUID, N.O.S.","adr_packing_instruction_P402,adr_packing_instruction_IBC01",0,D/E,3148
adr_goods_3148_1L,adr_class_4_3,W1,adr_label_4_3,1,uom.product_uom_litre,"WATER-REACTIVE LIQUID, N.O.S.","adr_packing_instruction_P001,adr_packing_instruction_IBC02,adr_packing_instruction_R001",0,E,3148
adr_goods_3149,adr_class_5_1,OC1,"adr_label_5_1,adr_label_8",1,uom.product_uom_litre,"HYDROGEN PEROXIDE AND PEROXYACETIC ACID MIXTURE with acid(s), water and not more than 5% peroxyacetic acid, STABILIZED","adr_packing_instruction_P504,adr_packing_instruction_IBC02",2,E,3149
adr_goods_3150,adr_class_2,6F,adr_label_2_1,,,"DEVICES, SMALL, HYDROCARBON GAS POWERED or HYDROCARBON GAS REFILLS FOR SMALL DEVICES with release device",adr_packing_instruction_P209,2,D,3150
adr_goods_3151,adr_class_9,M2,adr_label_9,1,uom.product_uom_litre,"POLYHALOGENATED BIPHENYLS, LIQUID or HALOGENATED MONOMETHYLDIPHENYLMETHANES, LIQUID or POLYHALOGENATED TERPHENYLS, LIQUID","adr_packing_instruction_P906,adr_packing_instruction_IBC02",0,D/E,3151
adr_goods_3152,adr_class_9,M2,adr_label_9,1,uom.product_uom_kgm,"POLYHALOGENATED BIPHENYLS, SOLID or HALOGENATED MONOMETHYLDIPHENYLMETHANES, SOLID or POLYHALOGENATED TERPHENYLS, SOLID","adr_packing_instruction_P906,adr_packing_instruction_IBC08",0,D/E,3152
adr_goods_3153,adr_class_2,2F,adr_label_2_1,,,PERFLUORO(METHYL VINYL ETHER),adr_packing_instruction_P200,2,B/D,3153
adr_goods_3154,adr_class_2,2F,adr_label_2_1,,,PERFLUORO(ETHYL VINYL ETHER),adr_packing_instruction_P200,2,B/D,3154
adr_goods_3155,adr_class_6_1,T2,adr_label_6_1,500,uom.product_uom_gram,PENTACHLOROPHENOL,"adr_packing_instruction_P002,adr_packing_instruction_IBC08",2,D/E,3155
adr_goods_3156,adr_class_2,1O,"adr_label_2_2,adr_label_5_1",,,"COMPRESSED GAS, OXIDIZING, N.O.S.",adr_packing_instruction_P200,3,E,3156
adr_goods_3157,adr_class_2,2O,"adr_label_2_2,adr_label_5_1",,,"LIQUEFIED GAS, OXIDIZING, N.O.S.",adr_packing_instruction_P200,3,C/E,3157
adr_goods_3158,adr_class_2,3A,adr_label_2_2,120,uom.product_uom_milliliter,"GAS, REFRIGERATED LIQUID, N.O.S.",adr_packing_instruction_P203,3,C/E,3158
adr_goods_3159,adr_class_2,2A,adr_label_2_2,120,uom.product_uom_milliliter,"1,1,1,2-TETRAFLUOROETHANE (REFRIGERANT GAS R 134a)",adr_packing_instruction_P200,3,C/E,3159
adr_goods_3160,adr_class_2,2TF,"adr_label_2_3,adr_label_2_1",,,"LIQUEFIED GAS, TOXIC, FLAMMABLE, N.O.S.",adr_packing_instruction_P200,1,B/D,3160
adr_goods_3161,adr_class_2,2F,adr_label_2_1,,,"LIQUEFIED GAS, FLAMMABLE, N.O.S.",adr_packing_instruction_P200,2,B/D,3161
adr_goods_3162,adr_class_2,2T,adr_label_2_3,,,"LIQUEFIED GAS, TOXIC, N.O.S.",adr_packing_instruction_P200,1,C/D,3162
adr_goods_3163,adr_class_2,2A,adr_label_2_2,120,uom.product_uom_milliliter,"LIQUEFIED GAS, N.O.S.",adr_packing_instruction_P200,3,C/E,3163
adr_goods_3164,adr_class_2,6A,adr_label_2_2,120,uom.product_uom_milliliter,"ARTICLES, PRESSURIZED, PNEUMATIC or HYDRAULIC (containing non-flammable gas)",adr_packing_instruction_P003,3,E,3164
adr_goods_3165,adr_class_3,FTC,"adr_label_3,adr_label_6_1,adr_label_8",,,AIRCRAFT HYDRAULIC POWER UNIT FUEL TANK (containing a mixture of anhydrous hydrazine and methylhydrazine) (M86 fuel),adr_packing_instruction_P301,1,E,3165
adr_goods_3166,adr_class_9,M11,,,,"VEHICLE, FLAMMABLE GAS POWERED, of VEHICLE, FLAMMABLE LIQUID POWEREDE, or VEHICLE, FUEL CELL, FLAMMABLE GAS POWERED, or VEHICLE, FUEL CELL, FLAMMABLE LIQUID POWERED",,-,-,3166
adr_goods_3167,adr_class_2,7F,adr_label_2_1,,,"GAS SAMPLE, NON-PRESSURIZED, FLAMMABLE, N.O.S., not refrigerated liquid",adr_packing_instruction_P201,2,D,3167
adr_goods_3168,adr_class_2,7TF,"adr_label_2_3,adr_label_2_1",,,"GAS SAMPLE, NON-PRESSURIZED, TOXIC, FLAMMABLE, N.O.S., not refrigerated liquid",adr_packing_instruction_P201,1,D,3168
adr_goods_3169,adr_class_2,7T,adr_label_2_3,,,"GAS SAMPLE, NON-PRESSURIZED, TOXIC, N.O.S., not refrigerated liquid",adr_packing_instruction_P201,1,D,3169
adr_goods_3170_500g,adr_class_4_3,W2,adr_label_4_3,500,uom.product_uom_gram,ALUMINIUM SMELTING BY-PRODUCTS or ALUMINIUM REMELTING BY-PRODUCTS,"adr_packing_instruction_P410,adr_packing_instruction_IBC07",2,D/E,3170
adr_goods_3170_1kg,adr_class_4_3,W2,adr_label_4_3,1,uom.product_uom_kgm,ALUMINIUM SMELTING BY-PRODUCTS or ALUMINIUM REMELTING BY-PRODUCTS,"adr_packing_instruction_P002,adr_packing_instruction_IBC08,adr_packing_instruction_R001",3,E,3170
adr_goods_3171,adr_class_9,M11,,,,BATTERY-POWERED VEHICLE or BATTERY-POWERED EQUIPMENT,,-,-,3171
adr_goods_3172,adr_class_6_1,T1,adr_label_6_1,,,"TOXINS, EXTRACTED FROM LIVING SOURCES, LIQUID, N.O.S.",adr_packing_instruction_P001,1,C/E,3172
adr_goods_3172_100ml,adr_class_6_1,T1,adr_label_6_1,100,uom.product_uom_milliliter,"TOXINS, EXTRACTED FROM LIVING SOURCES, LIQUID, N.O.S.","adr_packing_instruction_P001,adr_packing_instruction_IBC02",2,D/E,3172
adr_goods_3172_5L,adr_class_6_1,T1,adr_label_6_1,5,uom.product_uom_litre,"TOXINS, EXTRACTED FROM LIVING SOURCES, LIQUID, N.O.S.","adr_packing_instruction_P001,adr_packing_instruction_IBC03,adr_packing_instruction_LP01,adr_packing_instruction_R001",2,E,3172
adr_goods_3174,adr_class_4_2,S4,adr_label_4_2,,,TITANIUM DISULPHIDE,"adr_packing_instruction_P002,adr_packing_instruction_IBC08,adr_packing_instruction_LP02,adr_packing_instruction_R001",3,E,3174
adr_goods_3175,adr_class_4_1,F1,adr_label_4_1,1,uom.product_uom_kgm,"SOLIDS or mixtures of solids (such as preparations and wastes) CONTAINING FLAMMABLE LIQUID, N.O.S. having a flash-point up to 60 °C","adr_packing_instruction_P002,adr_packing_instruction_IBC06,adr_packing_instruction_R001",2,E,3175
adr_goods_3176_F2_4dot1_274_2,adr_class_4_1,F2,adr_label_4_1,,,"FLAMMABLE SOLID, ORGANIC, MOLTEN, N.O.S.",,2,E,3176
adr_goods_3176_F2_4dot1_274_3,adr_class_4_1,F2,adr_label_4_1,,,"FLAMMABLE SOLID, ORGANIC, MOLTEN, N.O.S.",,3,E,3176
adr_goods_3178_1kg,adr_class_4_1,F3,adr_label_4_1,1,uom.product_uom_kgm,"FLAMMABLE SOLID, INORGANIC, N.O.S.","adr_packing_instruction_P002,adr_packing_instruction_IBC08",2,E,3178
adr_goods_3178_5kg,adr_class_4_1,F3,adr_label_4_1,5,uom.product_uom_kgm,"FLAMMABLE SOLID, INORGANIC, N.O.S.","adr_packing_instruction_P002,adr_packing_instruction_IBC08,adr_packing_instruction_LP02,adr_packing_instruction_R001",3,E,3178
adr_goods_3179_1kg,adr_class_4_1,FT2,"adr_label_4_1,adr_label_6_1",1,uom.product_uom_kgm,"FLAMMABLE SOLID, TOXIC, INORGANIC, N.O.S.","adr_packing_instruction_P002,adr_packing_instruction_IBC06",2,E,3179
adr_goods_3179_5kg,adr_class_4_1,FT2,"adr_label_4_1,adr_label_6_1",5,uom.product_uom_kgm,"FLAMMABLE SOLID, TOXIC, INORGANIC, N.O.S.","adr_packing_instruction_P002,adr_packing_instruction_IBC06,adr_packing_instruction_R001",3,E,3179
adr_goods_3180_1kg,adr_class_4_1,FC2,"adr_label_4_1,adr_label_8",1,uom.product_uom_kgm,"FLAMMABLE SOLID, CORROSIVE, INORGANIC, N.O.S.","adr_packing_instruction_P002,adr_packing_instruction_IBC06",2,E,3180
adr_goods_3180_5kg,adr_class_4_1,FC2,"adr_label_4_1,adr_label_8",5,uom.product_uom_kgm,"FLAMMABLE SOLID, CORROSIVE, INORGANIC, N.O.S.","adr_packing_instruction_P002,adr_packing_instruction_IBC06,adr_packing_instruction_R001",3,E,3180
adr_goods_3181_1kg,adr_class_4_1,F3,adr_label_4_1,1,uom.product_uom_kgm,"METAL SALTS OF ORGANIC COMPOUNDS, FLAMMABLE, N.O.S.","adr_packing_instruction_P002,adr_packing_instruction_IBC08",2,E,3181
adr_goods_3181_5kg,adr_class_4_1,F3,adr_label_4_1,5,uom.product_uom_kgm,"METAL SALTS OF ORGANIC COMPOUNDS, FLAMMABLE, N.O.S.","adr_packing_instruction_P002,adr_packing_instruction_IBC08,adr_packing_instruction_LP02,adr_packing_instruction_R001",3,E,3181
adr_goods_3182_1kg,adr_class_4_1,F3,adr_label_4_1,1,uom.product_uom_kgm,"METAL HYDRIDES, FLAMMABLE, N.O.S.","adr_packing_instruction_P410,adr_packing_instruction_IBC04",2,E,3182
adr_goods_3182_5kg,adr_class_4_1,F3,adr_label_4_1,5,uom.product_uom_kgm,"METAL HYDRIDES, FLAMMABLE, N.O.S.","adr_packing_instruction_P002,adr_packing_instruction_IBC04,adr_packing_instruction_R001",3,E,3182
adr_goods_3183_S1_4dot2_274_P001/IBC02_2,adr_class_4_2,S1,adr_label_4_2,,,"SELF-HEATING LIQUID, ORGANIC, N.O.S.","adr_packing_instruction_P001,adr_packing_instruction_IBC02",2,D/E,3183
adr_goods_3183_S1_4dot2_274_P001/IBC02/R001_3,adr_class_4_2,S1,adr_label_4_2,,,"SELF-HEATING LIQUID, ORGANIC, N.O.S.","adr_packing_instruction_P001,adr_packing_instruction_IBC02,adr_packing_instruction_R001",3,E,3183
adr_goods_3184_ST1_4dot2/6dot1_274_P402/IBC02_2,adr_class_4_2,ST1,"adr_label_4_2,adr_label_6_1",,,"SELF-HEATING LIQUID, TOXIC, ORGANIC, N.O.S.","adr_packing_instruction_P402,adr_packing_instruction_IBC02",2,D/E,3184
adr_goods_3184_ST1_4dot2/6dot1_274_P001/IBC02/R001_3,adr_class_4_2,ST1,"adr_label_4_2,adr_label_6_1",,,"SELF-HEATING LIQUID, TOXIC, ORGANIC, N.O.S.","adr_packing_instruction_P001,adr_packing_instruction_IBC02,adr_packing_instruction_R001",3,E,3184
adr_goods_3185_SC1_4dot2/8_274_P402/IBC02_2,adr_class_4_2,SC1,"adr_label_4_2,adr_label_8",,,"SELF-HEATING LIQUID, CORROSIVE, ORGANIC, N.O.S.","adr_packing_instruction_P402,adr_packing_instruction_IBC02",2,D/E,3185
adr_goods_3185_SC1_4dot2/8_274_P001/IBC02/R001_3,adr_class_4_2,SC1,"adr_label_4_2,adr_label_8",,,"SELF-HEATING LIQUID, CORROSIVE, ORGANIC, N.O.S.","adr_packing_instruction_P001,adr_packing_instruction_IBC02,adr_packing_instruction_R001",3,E,3185
adr_goods_3186_S3_4dot2_274_P001/IBC02_2,adr_class_4_2,S3,adr_label_4_2,,,"SELF-HEATING LIQUID, INORGANIC, N.O.S.","adr_packing_instruction_P001,adr_packing_instruction_IBC02",2,D/E,3186
adr_goods_3186_S3_4dot2_274_P001/IBC02/R001_3,adr_class_4_2,S3,adr_label_4_2,,,"SELF-HEATING LIQUID, INORGANIC, N.O.S.","adr_packing_instruction_P001,adr_packing_instruction_IBC02,adr_packing_instruction_R001",3,E,3186
adr_goods_3187_ST3_4dot2/6dot1_274_P402/IBC02_2,adr_class_4_2,ST3,"adr_label_4_2,adr_label_6_1",,,"SELF-HEATING LIQUID, TOXIC, INORGANIC, N.O.S.","adr_packing_instruction_P402,adr_packing_instruction_IBC02",2,D/E,3187
adr_goods_3187_ST3_4dot2/6dot1_274_P001/IBC02/R001_3,adr_class_4_2,ST3,"adr_label_4_2,adr_label_6_1",,,"SELF-HEATING LIQUID, TOXIC, INORGANIC, N.O.S.","adr_packing_instruction_P001,adr_packing_instruction_IBC02,adr_packing_instruction_R001",3,E,3187
adr_goods_3188_SC3_4dot2/8_274_P402/IBC02_2,adr_class_4_2,SC3,"adr_label_4_2,adr_label_8",,,"SELF-HEATING LIQUID, CORROSIVE, INORGANIC, N.O.S.","adr_packing_instruction_P402,adr_packing_instruction_IBC02",2,D/E,3188
adr_goods_3188_SC3_4dot2/8_274_P001/IBC02/R001_3,adr_class_4_2,SC3,"adr_label_4_2,adr_label_8",,,"SELF-HEATING LIQUID, CORROSIVE, INORGANIC, N.O.S.","adr_packing_instruction_P001,adr_packing_instruction_IBC02,adr_packing_instruction_R001",3,E,3188
adr_goods_3189_S4_4dot2_274/555_P410/IBC06_2,adr_class_4_2,S4,adr_label_4_2,,,"METAL POWDER, SELF-HEATING, N.O.S.","adr_packing_instruction_P410,adr_packing_instruction_IBC06",2,D/E,3189
adr_goods_3189_S4_4dot2_274/555_P002/IBC08/LP02/R001_3,adr_class_4_2,S4,adr_label_4_2,,,"METAL POWDER, SELF-HEATING, N.O.S.","adr_packing_instruction_P002,adr_packing_instruction_IBC08,adr_packing_instruction_LP02,adr_packing_instruction_R001",3,E,3189
adr_goods_3190_S4_4dot2_274_P410/IBC06_2,adr_class_4_2,S4,adr_label_4_2,,,"SELF-HEATING SOLID, INORGANIC, N.O.S.","adr_packing_instruction_P410,adr_packing_instruction_IBC06",2,D/E,3190
adr_goods_3190_S4_4dot2_274_P002/IBC08/LP02/R001_3,adr_class_4_2,S4,adr_label_4_2,,,"SELF-HEATING SOLID, INORGANIC, N.O.S.","adr_packing_instruction_P002,adr_packing_instruction_IBC08,adr_packing_instruction_LP02,adr_packing_instruction_R001",3,E,3190
adr_goods_3191_ST4_4dot2/6dot1_274_P410/IBC05_2,adr_class_4_2,ST4,"adr_label_4_2,adr_label_6_1",,,"SELF-HEATING SOLID, TOXIC, INORGANIC, N.O.S.","adr_packing_instruction_P410,adr_packing_instruction_IBC05",2,D/E,3191
adr_goods_3191_ST4_4dot2/6dot1_274_P002/IBC08/R001_3,adr_class_4_2,ST4,"adr_label_4_2,adr_label_6_1",,,"SELF-HEATING SOLID, TOXIC, INORGANIC, N.O.S.","adr_packing_instruction_P002,adr_packing_instruction_IBC08,adr_packing_instruction_R001",3,E,3191
adr_goods_3192_SC4_4dot2/8_274_P410/IBC05_2,adr_class_4_2,SC4,"adr_label_4_2,adr_label_8",,,"SELF-HEATING SOLID, CORROSIVE, INORGANIC, N.O.S.","adr_packing_instruction_P410,adr_packing_instruction_IBC05",2,D/E,3192
adr_goods_3192_SC4_4dot2/8_274_P002/IBC08/R001_3,adr_class_4_2,SC4,"adr_label_4_2,adr_label_8",,,"SELF-HEATING SOLID, CORROSIVE, INORGANIC, N.O.S.","adr_packing_instruction_P002,adr_packing_instruction_IBC08,adr_packing_instruction_R001",3,E,3192
adr_goods_3194,adr_class_4_2,S3,adr_label_4_2,,,"PYROPHORIC LIQUID, INORGANIC, N.O.S.",adr_packing_instruction_P400,0,B/E,3194
adr_goods_3200,adr_class_4_2,S4,adr_label_4_2,,,"PYROPHORIC SOLID, INORGANIC, N.O.S.",adr_packing_instruction_P404,0,B/E,3200
adr_goods_3205_S4_4dot2_183/274_P410/IBC06_2,adr_class_4_2,S4,adr_label_4_2,,,"ALKALINE EARTH METAL ALCOHOLATES, N.O.S.","adr_packing_instruction_P410,adr_packing_instruction_IBC06",2,D/E,3205
adr_goods_3205_S4_4dot2_183/274_P002/IBC08/LP02/R001_3,adr_class_4_2,S4,adr_label_4_2,,,"ALKALINE EARTH METAL ALCOHOLATES, N.O.S.","adr_packing_instruction_P002,adr_packing_instruction_IBC08,adr_packing_instruction_LP02,adr_packing_instruction_R001",3,E,3205
adr_goods_3206_SC4_4dot2/8_182/274_P410/IBC05_2,adr_class_4_2,SC4,"adr_label_4_2,adr_label_8",,,"ALKALI METAL ALCOHOLATES, SELF-HEATING, CORROSIVE, N.O.S.","adr_packing_instruction_P410,adr_packing_instruction_IBC05",2,D/E,3206
adr_goods_3206_SC4_4dot2/8_182/274_P002/IBC08/R001_3,adr_class_4_2,SC4,"adr_label_4_2,adr_label_8",,,"ALKALI METAL ALCOHOLATES, SELF-HEATING, CORROSIVE, N.O.S.","adr_packing_instruction_P002,adr_packing_instruction_IBC08,adr_packing_instruction_R001",3,E,3206
adr_goods_3208,adr_class_4_3,W2,adr_label_4_3,,,"METALLIC SUBSTANCE, WATER-REACTIVE, N.O.S.","adr_packing_instruction_P403,adr_packing_instruction_IBC99",1,E,3208
adr_goods_3208_500g,adr_class_4_3,W2,adr_label_4_3,500,uom.product_uom_gram,"METALLIC SUBSTANCE, WATER-REACTIVE, N.O.S.","adr_packing_instruction_P410,adr_packing_instruction_IBC07",2,D/E,3208
adr_goods_3208_1kg,adr_class_4_3,W2,adr_label_4_3,1,uom.product_uom_kgm,"METALLIC SUBSTANCE, WATER-REACTIVE, N.O.S.","adr_packing_instruction_P410,adr_packing_instruction_IBC08,adr_packing_instruction_R001",3,E,3208
adr_goods_3209_WS_4dot3/4dot2_274/558_P403_1,adr_class_4_3,WS,"adr_label_4_3,adr_label_4_2",,,"METALLIC SUBSTANCE, WATER-REACTIVE, SELF-HEATING, N.O.S.",adr_packing_instruction_P403,1,E,3209
adr_goods_3209_WS_4dot3/4dot2_274/558_P410/IBC05_2,adr_class_4_3,WS,"adr_label_4_3,adr_label_4_2",,,"METALLIC SUBSTANCE, WATER-REACTIVE, SELF-HEATING, N.O.S.","adr_packing_instruction_P410,adr_packing_instruction_IBC05",2,D/E,3209
adr_goods_3209_WS_4dot3/4dot2_274/558_P410/IBC08/R001_3,adr_class_4_3,WS,"adr_label_4_3,adr_label_4_2",,,"METALLIC SUBSTANCE, WATER-REACTIVE, SELF-HEATING, N.O.S.","adr_packing_instruction_P410,adr_packing_instruction_IBC08,adr_packing_instruction_R001",3,E,3209
adr_goods_3210_1L,adr_class_5_1,O1,adr_label_5_1,1,uom.product_uom_litre,"CHLORATES, INORGANIC, AQUEOUS SOLUTION, N.O.S.","adr_packing_instruction_P504,adr_packing_instruction_IBC02",2,E,3210
adr_goods_3210_5L,adr_class_5_1,O1,adr_label_5_1,5,uom.product_uom_litre,"CHLORATES, INORGANIC, AQUEOUS SOLUTION, N.O.S.","adr_packing_instruction_P504,adr_packing_instruction_IBC02,adr_packing_instruction_R001",3,E,3210
adr_goods_3211_1L,adr_class_5_1,O1,adr_label_5_1,1,uom.product_uom_litre,"PERCHLORATES, INORGANIC, AQUEOUS SOLUTION, N.O.S.","adr_packing_instruction_P504,adr_packing_instruction_IBC02",2,E,3211
adr_goods_3211_5L,adr_class_5_1,O1,adr_label_5_1,5,uom.product_uom_litre,"PERCHLORATES, INORGANIC, AQUEOUS SOLUTION, N.O.S.","adr_packing_instruction_P504,adr_packing_instruction_IBC02,adr_packing_instruction_R001",3,E,3211
adr_goods_3212,adr_class_5_1,O2,adr_label_5_1,1,uom.product_uom_kgm,"HYPOCHLORITES, INORGANIC, N.O.S.","adr_packing_instruction_P002,adr_packing_instruction_IBC08",2,E,3212
adr_goods_3213_1L,adr_class_5_1,O1,adr_label_5_1,1,uom.product_uom_litre,"BROMATES, INORGANIC, AQUEOUS SOLUTION, N.O.S.","adr_packing_instruction_P504,adr_packing_instruction_IBC02",2,E,3213
adr_goods_3213_5L,adr_class_5_1,O1,adr_label_5_1,5,uom.product_uom_litre,"BROMATES, INORGANIC, AQUEOUS SOLUTION, N.O.S.","adr_packing_instruction_P504,adr_packing_instruction_IBC02,adr_packing_instruction_R001",3,E,3213
adr_goods_3214,adr_class_5_1,O1,adr_label_5_1,1,uom.product_uom_litre,"PERMANGANATES, INORGANIC, AQUEOUS SOLUTION, N.O.S.","adr_packing_instruction_P504,adr_packing_instruction_IBC02",2,E,3214
adr_goods_3215,adr_class_5_1,O2,adr_label_5_1,5,uom.product_uom_kgm,"PERSULPHATES, INORGANIC, N.O.S.","adr_packing_instruction_P002,adr_packing_instruction_IBC08,adr_packing_instruction_LP02,adr_packing_instruction_R001",3,E,3215
adr_goods_3216,adr_class_5_1,O1,adr_label_5_1,5,uom.product_uom_litre,"PERSULPHATES, INORGANIC, AQUEOUS SOLUTION, N.O.S.","adr_packing_instruction_P504,adr_packing_instruction_IBC02,adr_packing_instruction_R001",3,E,3216
adr_goods_3218_1L,adr_class_5_1,O1,adr_label_5_1,1,uom.product_uom_litre,"NITRATES, INORGANIC, AQUEOUS SOLUTION, N.O.S.","adr_packing_instruction_P504,adr_packing_instruction_IBC02",2,E,3218
adr_goods_3218_5L,adr_class_5_1,O1,adr_label_5_1,5,uom.product_uom_litre,"NITRATES, INORGANIC, AQUEOUS SOLUTION, N.O.S.","adr_packing_instruction_P504,adr_packing_instruction_IBC02,adr_packing_instruction_R001",3,E,3218
adr_goods_3219_1L,adr_class_5_1,O1,adr_label_5_1,1,uom.product_uom_litre,"NITRITES, INORGANIC, AQUEOUS SOLUTION, N.O.S.","adr_packing_instruction_P504,adr_packing_instruction_IBC01",2,E,3219
adr_goods_3219_5L,adr_class_5_1,O1,adr_label_5_1,5,uom.product_uom_litre,"NITRITES, INORGANIC, AQUEOUS SOLUTION, N.O.S.","adr_packing_instruction_P504,adr_packing_instruction_IBC02,adr_packing_instruction_R001",3,E,3219
adr_goods_3220,adr_class_2,2A,adr_label_2_2,120,uom.product_uom_milliliter,PENTAFLUOROETHANE (REFRIGERANT GAS R 125),adr_packing_instruction_P200,3,C/E,3220
adr_goods_3221,adr_class_4_1,SR1,"adr_label_4_1,adr_label_1",25,uom.product_uom_milliliter,SELF-REACTIVE LIQUID TYPE B,adr_packing_instruction_P520,1,B,3221
adr_goods_3222,adr_class_4_1,SR1,"adr_label_4_1,adr_label_1",100,uom.product_uom_gram,SELF-REACTIVE SOLID TYPE B,adr_packing_instruction_P520,1,B,3222
adr_goods_3223,adr_class_4_1,SR1,adr_label_4_1,25,uom.product_uom_milliliter,SELF-REACTIVE LIQUID TYPE C,adr_packing_instruction_P520,1,D,3223
adr_goods_3224,adr_class_4_1,SR1,adr_label_4_1,100,uom.product_uom_gram,SELF-REACTIVE SOLID TYPE C,adr_packing_instruction_P520,1,D,3224
adr_goods_3225,adr_class_4_1,SR1,adr_label_4_1,125,uom.product_uom_milliliter,SELF-REACTIVE LIQUID TYPE D,adr_packing_instruction_P520,2,D,3225
adr_goods_3226,adr_class_4_1,SR1,adr_label_4_1,500,uom.product_uom_gram,SELF-REACTIVE SOLID TYPE D,adr_packing_instruction_P520,2,D,3226
adr_goods_3227,adr_class_4_1,SR1,adr_label_4_1,125,uom.product_uom_milliliter,SELF-REACTIVE LIQUID TYPE E,adr_packing_instruction_P520,2,D,3227
adr_goods_3228,adr_class_4_1,SR1,adr_label_4_1,500,uom.product_uom_gram,SELF-REACTIVE SOLID TYPE E,adr_packing_instruction_P520,2,D,3228
adr_goods_3229,adr_class_4_1,SR1,adr_label_4_1,125,uom.product_uom_milliliter,SELF-REACTIVE LIQUID TYPE F,"adr_packing_instruction_P520,adr_packing_instruction_IBC99",2,D,3229
adr_goods_3230,adr_class_4_1,SR1,adr_label_4_1,500,uom.product_uom_gram,SELF-REACTIVE SOLID TYPE F,"adr_packing_instruction_P520,adr_packing_instruction_IBC99",2,D,3230
adr_goods_3231,adr_class_4_1,SR2,"adr_label_4_1,adr_label_1",,,"SELF-REACTIVE LIQUID TYPE B, TEMPERATURE CONTROLLED",adr_packing_instruction_P520,1,B,3231
adr_goods_3232,adr_class_4_1,SR2,"adr_label_4_1,adr_label_1",,,"SELF-REACTIVE SOLID TYPE B, TEMPERATURE CONTROLLED",adr_packing_instruction_P520,1,B,3232
adr_goods_3233,adr_class_4_1,SR2,adr_label_4_1,,,"SELF-REACTIVE LIQUID TYPE C, TEMPERATURE CONTROLLED",adr_packing_instruction_P520,1,D,3233
adr_goods_3234,adr_class_4_1,SR2,adr_label_4_1,,,"SELF-REACTIVE SOLID TYPE C, TEMPERATURE CONTROLLED",adr_packing_instruction_P520,1,D,3234
adr_goods_3235,adr_class_4_1,SR2,adr_label_4_1,,,"SELF-REACTIVE LIQUID TYPE D, TEMPERATURE CONTROLLED",adr_packing_instruction_P520,1,D,3235
adr_goods_3236,adr_class_4_1,SR2,adr_label_4_1,,,"SELF-REACTIVE SOLID TYPE D, TEMPERATURE CONTROLLED",adr_packing_instruction_P520,1,D,3236
adr_goods_3237,adr_class_4_1,SR2,adr_label_4_1,,,"SELF-REACTIVE LIQUID TYPE E, TEMPERATURE CONTROLLED",adr_packing_instruction_P520,1,D,3237
adr_goods_3238,adr_class_4_1,SR2,adr_label_4_1,,,"SELF-REACTIVE SOLID TYPE E, TEMPERATURE CONTROLLED",adr_packing_instruction_P520,1,D,3238
adr_goods_3239,adr_class_4_1,SR2,adr_label_4_1,,,"SELF-REACTIVE LIQUID TYPE F, TEMPERATURE CONTROLLED",adr_packing_instruction_P520,1,D,3239
adr_goods_3240,adr_class_4_1,SR2,adr_label_4_1,,,"SELF-REACTIVE SOLID TYPE F, TEMPERATURE CONTROLLED",adr_packing_instruction_P520,1,D,3240
adr_goods_3241,adr_class_4_1,SR1,adr_label_4_1,5,uom.product_uom_kgm,"2-BROMO-2-NITROPROPANE-1,3-DIOL","adr_packing_instruction_P520,adr_packing_instruction_IBC08",3,D,3241
adr_goods_3242,adr_class_4_1,SR1,adr_label_4_1,1,uom.product_uom_kgm,AZODICARBONAMIDE,adr_packing_instruction_P409,2,D,3242
adr_goods_3243,adr_class_6_1,T9,adr_label_6_1,500,uom.product_uom_gram,"SOLIDS CONTAINING TOXIC LIQUID, N.O.S.","adr_packing_instruction_P002,adr_packing_instruction_IBC02",2,D/E,3243
adr_goods_3244,adr_class_8,C10,adr_label_8,1,uom.product_uom_kgm,"SOLIDS CONTAINING CORROSIVE LIQUID, N.O.S.","adr_packing_instruction_P002,adr_packing_instruction_IBC05",2,E,3244
adr_goods_3245_M8_9_219/637_P904/IBC08_2,adr_class_9,M8,adr_label_9,,,GENETICALLY MODIFIED MICROORGANISMS or GENETICALLY MODIFIED ORGANISMS,"adr_packing_instruction_P904,adr_packing_instruction_IBC08",2,E,3245
adr_goods_3245_M8_9/2dot2_219/637_P904/IBC08_2,adr_class_9,M8,"adr_label_9,adr_label_2_2",,,"GENETICALLY MODIFIED MICROORGANISMS or GENETICALLY MODIFIED ORGANISMS, in refrigerated liquid nitrogen","adr_packing_instruction_P904,adr_packing_instruction_IBC08",2,E,3245
adr_goods_3246,adr_class_6_1,TC1,"adr_label_6_1,adr_label_8",,,METHANESULPHONYL CHLORIDE,adr_packing_instruction_P602,1,C/D,3246
adr_goods_3247,adr_class_5_1,O2,adr_label_5_1,1,uom.product_uom_kgm,"SODIUM PEROXOBORATE, ANHYDROUS","adr_packing_instruction_P002,adr_packing_instruction_IBC08",2,E,3247
adr_goods_3248_1L,adr_class_3,FT1,"adr_label_3,adr_label_6_1",1,uom.product_uom_litre,"MEDICINE, LIQUID, FLAMMABLE, TOXIC, N.O.S.",adr_packing_instruction_P001,2,D/E,3248
adr_goods_3248_5L,adr_class_3,FT1,"adr_label_3,adr_label_6_1",5,uom.product_uom_litre,"MEDICINE, LIQUID, FLAMMABLE, TOXIC, N.O.S.","adr_packing_instruction_P001,adr_packing_instruction_R001",3,D/E,3248
adr_goods_3249_500g,adr_class_6_1,T2,adr_label_6_1,500,uom.product_uom_gram,"MEDICINE, SOLID, TOXIC, N.O.S.",adr_packing_instruction_P002,2,D/E,3249
adr_goods_3249_5kg,adr_class_6_1,T2,adr_label_6_1,5,uom.product_uom_kgm,"MEDICINE, SOLID, TOXIC, N.O.S.","adr_packing_instruction_P002,adr_packing_instruction_LP02,adr_packing_instruction_R001",2,E,3249
adr_goods_3250,adr_class_6_1,TC1,"adr_label_6_1,adr_label_8",,,"CHLOROACETIC ACID, MOLTEN",,0,D/E,3250
adr_goods_3251,adr_class_4_1,SR1,adr_label_4_1,5,uom.product_uom_kgm,ISOSORBIDE-5-MONONITRATE,adr_packing_instruction_P409,3,D,3251
adr_goods_3252,adr_class_2,2F,adr_label_2_1,,,DIFLUOROMETHANE (REFRIGERANT GAS R 32),adr_packing_instruction_P200,2,B/D,3252
adr_goods_3253,adr_class_8,C6,adr_label_8,5,uom.product_uom_kgm,DISODIUM TRIOXOSILICATE,"adr_packing_instruction_P002,adr_packing_instruction_IBC08,adr_packing_instruction_LP02,adr_packing_instruction_R001",3,E,3253
adr_goods_3254,adr_class_4_2,S1,adr_label_4_2,,,TRIBUTYLPHOSPHANE,adr_packing_instruction_P400,0,B/E,3254
adr_goods_3255,adr_class_4_2,SC1,,,,tert-BUTYL HYPOCHLORITE,,CARRIAGE_PROHIBITED,CARRIAGE_PROHIBITED,3255
adr_goods_3256_F2_3_274/560_P099/IBC99_3_lower_flashpoint,adr_class_3,F2,adr_label_3,,,"ELEVATED TEMPERATURE LIQUID, FLAMMABLE, N.O.S. with flashpoint above 60° C, at or above its flashpoint and below 100° C","adr_packing_instruction_P099,adr_packing_instruction_IBC99",3,D/E,3256
adr_goods_3256_F2_3_274/560_P099/IBC99_3,adr_class_3,F2,adr_label_3,,,"ELEVATED TEMPERATURE LIQUID, FLAMMABLE, N.O.S. with flashpoint above 60° C, at or above its flashpoint and at or above 100° C","adr_packing_instruction_P099,adr_packing_instruction_IBC99",3,D/E,3256
adr_goods_3257_M9_9_274/643/668_P099/IBC99_3,adr_class_9,M9,adr_label_9,,,"ELEVATED TEMPERATURE LIQUID, N.O.S., at or above 100 °C and below its flash-point (including molten metals, molten salts, etc.), filled at a temperature higher than 190 °C","adr_packing_instruction_P099,adr_packing_instruction_IBC99",3,D,3257
adr_goods_3257_M9_9_274/643/668_P099/IBC99_3_lower_fill_temperature,adr_class_9,M9,adr_label_9,,,"ELEVATED TEMPERATURE LIQUID, N.O.S., at or above 100 °C and below its flash-point (including molten metals, molten salts, etc.), filled at or below 190 °C","adr_packing_instruction_P099,adr_packing_instruction_IBC99",3,D,3257
adr_goods_3258,adr_class_9,M10,adr_label_9,,,"ELEVATED TEMPERATURE SOLID, N.O.S., at or above 240 °C","adr_packing_instruction_P099,adr_packing_instruction_IBC99",3,D,3258
adr_goods_3259,adr_class_8,C8,adr_label_8,,,"AMINES, SOLID, CORROSIVE, N.O.S. or POLYAMINES, SOLID, CORROSIVE, N.O.S.","adr_packing_instruction_P002,adr_packing_instruction_IBC07",1,E,3259
adr_goods_3259_1kg,adr_class_8,C8,adr_label_8,1,uom.product_uom_kgm,"AMINES, SOLID, CORROSIVE, N.O.S. or POLYAMINES, SOLID, CORROSIVE, N.O.S.","adr_packing_instruction_P002,adr_packing_instruction_IBC08",2,E,3259
adr_goods_3259_5kg,adr_class_8,C8,adr_label_8,5,uom.product_uom_kgm,"AMINES, SOLID, CORROSIVE, N.O.S. or POLYAMINES, SOLID, CORROSIVE, N.O.S.","adr_packing_instruction_P002,adr_packing_instruction_IBC08,adr_packing_instruction_LP02,adr_packing_instruction_R001",3,E,3259
adr_goods_3260,adr_class_8,C2,adr_label_8,,,"CORROSIVE SOLID, ACIDIC, INORGANIC, N.O.S.","adr_packing_instruction_P002,adr_packing_instruction_IBC07",1,E,3260
adr_goods_3260_1kg,adr_class_8,C2,adr_label_8,1,uom.product_uom_kgm,"CORROSIVE SOLID, ACIDIC, INORGANIC, N.O.S.","adr_packing_instruction_P002,adr_packing_instruction_IBC08",2,E,3260
adr_goods_3260_5kg,adr_class_8,C2,adr_label_8,5,uom.product_uom_kgm,"CORROSIVE SOLID, ACIDIC, INORGANIC, N.O.S.","adr_packing_instruction_P002,adr_packing_instruction_IBC08,adr_packing_instruction_LP02,adr_packing_instruction_R001",3,E,3260
adr_goods_3261,adr_class_8,C4,adr_label_8,,,"CORROSIVE SOLID, ACIDIC, ORGANIC, N.O.S.","adr_packing_instruction_P002,adr_packing_instruction_IBC07",1,E,3261
adr_goods_3261_1kg,adr_class_8,C4,adr_label_8,1,uom.product_uom_kgm,"CORROSIVE SOLID, ACIDIC, ORGANIC, N.O.S.","adr_packing_instruction_P002,adr_packing_instruction_IBC08",2,E,3261
adr_goods_3261_5kg,adr_class_8,C4,adr_label_8,5,uom.product_uom_kgm,"CORROSIVE SOLID, ACIDIC, ORGANIC, N.O.S.","adr_packing_instruction_P002,adr_packing_instruction_IBC08,adr_packing_instruction_LP02,adr_packing_instruction_R001",3,E,3261
adr_goods_3262,adr_class_8,C6,adr_label_8,,,"CORROSIVE SOLID, BASIC, INORGANIC, N.O.S.","adr_packing_instruction_P002,adr_packing_instruction_IBC07",1,E,3262
adr_goods_3262_1kg,adr_class_8,C6,adr_label_8,1,uom.product_uom_kgm,"CORROSIVE SOLID, BASIC, INORGANIC, N.O.S.","adr_packing_instruction_P002,adr_packing_instruction_IBC08",2,E,3262
adr_goods_3262_5kg,adr_class_8,C6,adr_label_8,5,uom.product_uom_kgm,"CORROSIVE SOLID, BASIC, INORGANIC, N.O.S.","adr_packing_instruction_P002,adr_packing_instruction_IBC08,adr_packing_instruction_LP02,adr_packing_instruction_R001",3,E,3262
adr_goods_3263,adr_class_8,C8,adr_label_8,,,"CORROSIVE SOLID, BASIC, ORGANIC, N.O.S.","adr_packing_instruction_P002,adr_packing_instruction_IBC07",1,E,3263
adr_goods_3263_1kg,adr_class_8,C8,adr_label_8,1,uom.product_uom_kgm,"CORROSIVE SOLID, BASIC, ORGANIC, N.O.S.","adr_packing_instruction_P002,adr_packing_instruction_IBC08",2,E,3263
adr_goods_3263_5kg,adr_class_8,C8,adr_label_8,5,uom.product_uom_kgm,"CORROSIVE SOLID, BASIC, ORGANIC, N.O.S.","adr_packing_instruction_P002,adr_packing_instruction_IBC08,adr_packing_instruction_LP02,adr_packing_instruction_R001",3,E,3263
adr_goods_3264,adr_class_8,C1,adr_label_8,,,"CORROSIVE LIQUID, ACIDIC, INORGANIC, N.O.S.",adr_packing_instruction_P001,1,E,3264
adr_goods_3264_1L,adr_class_8,C1,adr_label_8,1,uom.product_uom_litre,"CORROSIVE LIQUID, ACIDIC, INORGANIC, N.O.S.","adr_packing_instruction_P001,adr_packing_instruction_IBC02",2,E,3264
adr_goods_3264_5L,adr_class_8,C1,adr_label_8,5,uom.product_uom_litre,"CORROSIVE LIQUID, ACIDIC, INORGANIC, N.O.S.","adr_packing_instruction_P001,adr_packing_instruction_IBC03,adr_packing_instruction_LP01,adr_packing_instruction_R001",3,E,3264
adr_goods_3265,adr_class_8,C3,adr_label_8,,,"CORROSIVE LIQUID, ACIDIC, ORGANIC, N.O.S.",adr_packing_instruction_P001,1,E,3265
adr_goods_3265_1L,adr_class_8,C3,adr_label_8,1,uom.product_uom_litre,"CORROSIVE LIQUID, ACIDIC, ORGANIC, N.O.S.","adr_packing_instruction_P001,adr_packing_instruction_IBC02",2,E,3265
adr_goods_3265_5L,adr_class_8,C3,adr_label_8,5,uom.product_uom_litre,"CORROSIVE LIQUID, ACIDIC, ORGANIC, N.O.S.","adr_packing_instruction_P001,adr_packing_instruction_IBC03,adr_packing_instruction_LP01,adr_packing_instruction_R001",3,E,3265
adr_goods_3266,adr_class_8,C5,adr_label_8,,,"CORROSIVE LIQUID, BASIC, INORGANIC, N.O.S.",adr_packing_instruction_P001,1,E,3266
adr_goods_3266_1L,adr_class_8,C5,adr_label_8,1,uom.product_uom_litre,"CORROSIVE LIQUID, BASIC, INORGANIC, N.O.S.","adr_packing_instruction_P001,adr_packing_instruction_IBC02",2,E,3266
adr_goods_3266_5L,adr_class_8,C5,adr_label_8,5,uom.product_uom_litre,"CORROSIVE LIQUID, BASIC, INORGANIC, N.O.S.","adr_packing_instruction_P001,adr_packing_instruction_IBC03,adr_packing_instruction_LP01,adr_packing_instruction_R001",3,E,3266
adr_goods_3267,adr_class_8,C7,adr_label_8,,,"CORROSIVE LIQUID, BASIC, ORGANIC, N.O.S.",adr_packing_instruction_P001,1,E,3267
adr_goods_3267_1L,adr_class_8,C7,adr_label_8,1,uom.product_uom_litre,"CORROSIVE LIQUID, BASIC, ORGANIC, N.O.S.","adr_packing_instruction_P001,adr_packing_instruction_IBC02",2,E,3267
adr_goods_3267_5L,adr_class_8,C7,adr_label_8,5,uom.product_uom_litre,"CORROSIVE LIQUID, BASIC, ORGANIC, N.O.S.","adr_packing_instruction_P001,adr_packing_instruction_IBC03,adr_packing_instruction_LP01,adr_packing_instruction_R001",3,E,3267
adr_goods_3268,adr_class_9,M5,adr_label_9,,,"SAFETY DEVICES, electrically initiated","adr_packing_instruction_P902,adr_packing_instruction_LP902",4,E,3268
adr_goods_3269_F3_3_236/340_5L_P302/R001_2,adr_class_3,F3,adr_label_3,5,uom.product_uom_litre,POLYESTER RESIN KIT,"adr_packing_instruction_P302,adr_packing_instruction_R001",2,E,3269
adr_goods_3269_F3_3_236/340_5L_P302/R001_3,adr_class_3,F3,adr_label_3,5,uom.product_uom_litre,POLYESTER RESIN KIT,"adr_packing_instruction_P302,adr_packing_instruction_R001",3,E,3269
adr_goods_3270,adr_class_4_1,F1,adr_label_4_1,1,uom.product_uom_kgm,"NITROCELLULOSE MEMBRANE FILTERS, with not more than 12.6% nitrogen, by dry mass",adr_packing_instruction_P411,2,E,3270
adr_goods_3271_1L,adr_class_3,F1,adr_label_3,1,uom.product_uom_litre,"ETHERS, N.O.S.","adr_packing_instruction_P001,adr_packing_instruction_IBC02,adr_packing_instruction_R001",2,D/E,3271
adr_goods_3271_5L,adr_class_3,F1,adr_label_3,5,uom.product_uom_litre,"ETHERS, N.O.S.","adr_packing_instruction_P001,adr_packing_instruction_IBC03,adr_packing_instruction_LP01,adr_packing_instruction_R001",3,D/E,3271
adr_goods_3272_1L,adr_class_3,F1,adr_label_3,1,uom.product_uom_litre,"ESTERS, N.O.S.","adr_packing_instruction_P001,adr_packing_instruction_IBC02,adr_packing_instruction_R001",2,D/E,3272
adr_goods_3272_5L,adr_class_3,F1,adr_label_3,5,uom.product_uom_litre,"ESTERS, N.O.S.","adr_packing_instruction_P001,adr_packing_instruction_IBC03,adr_packing_instruction_LP01,adr_packing_instruction_R001",3,D/E,3272
adr_goods_3273,adr_class_3,FT1,"adr_label_3,adr_label_6_1",,,"NITRILES, FLAMMABLE, TOXIC, N.O.S.",adr_packing_instruction_P001,1,C/E,3273
adr_goods_3273_1L,adr_class_3,FT1,"adr_label_3,adr_label_6_1",1,uom.product_uom_litre,"NITRILES, FLAMMABLE, TOXIC, N.O.S.","adr_packing_instruction_P001,adr_packing_instruction_IBC02",2,D/E,3273
adr_goods_3274,adr_class_3,FC,"adr_label_3,adr_label_8",1,uom.product_uom_litre,"ALCOHOLATES SOLUTION, N.O.S., in alcohol","adr_packing_instruction_P001,adr_packing_instruction_IBC02",2,D/E,3274
adr_goods_3275,adr_class_6_1,TF1,"adr_label_6_1,adr_label_3",,,"NITRILES, TOXIC, FLAMMABLE, N.O.S.",adr_packing_instruction_P001,1,C/D,3275
adr_goods_3275_100ml,adr_class_6_1,TF1,"adr_label_6_1,adr_label_3",100,uom.product_uom_milliliter,"NITRILES, TOXIC, FLAMMABLE, N.O.S.","adr_packing_instruction_P001,adr_packing_instruction_IBC02",2,D/E,3275
adr_goods_3276,adr_class_6_1,T1,adr_label_6_1,,,"NITRILES, LIQUID, TOXIC, N.O.S.",adr_packing_instruction_P001,1,C/E,3276
adr_goods_3276_100ml,adr_class_6_1,T1,adr_label_6_1,100,uom.product_uom_milliliter,"NITRILES, LIQUID, TOXIC, N.O.S.","adr_packing_instruction_P001,adr_packing_instruction_IBC02",2,D/E,3276
adr_goods_3276_5L,adr_class_6_1,T1,adr_label_6_1,5,uom.product_uom_litre,"NITRILES, LIQUID, TOXIC, N.O.S.","adr_packing_instruction_P001,adr_packing_instruction_IBC03,adr_packing_instruction_LP01,adr_packing_instruction_R001",2,E,3276
adr_goods_3277,adr_class_6_1,TC1,"adr_label_6_1,adr_label_8",100,uom.product_uom_milliliter,"CHLOROFORMATES, TOXIC, CORROSIVE, N.O.S.","adr_packing_instruction_P001,adr_packing_instruction_IBC02",2,D/E,3277
adr_goods_3278,adr_class_6_1,T1,adr_label_6_1,,,"ORGANOPHOSPHORUS COMPOUND, LIQUID, TOXIC, N.O.S.",adr_packing_instruction_P001,1,C/E,3278
adr_goods_3278_100ml,adr_class_6_1,T1,adr_label_6_1,100,uom.product_uom_milliliter,"ORGANOPHOSPHORUS COMPOUND, LIQUID, TOXIC, N.O.S.","adr_packing_instruction_P001,adr_packing_instruction_IBC02",2,D/E,3278
adr_goods_3278_5L,adr_class_6_1,T1,adr_label_6_1,5,uom.product_uom_litre,"ORGANOPHOSPHORUS COMPOUND, LIQUID, TOXIC, N.O.S.","adr_packing_instruction_P001,adr_packing_instruction_IBC03,adr_packing_instruction_LP01,adr_packing_instruction_R001",2,E,3278
adr_goods_3279,adr_class_6_1,TF1,"adr_label_6_1,adr_label_3",,,"ORGANOPHOSPHORUS COMPOUND, TOXIC, FLAMMABLE, N.O.S.",adr_packing_instruction_P001,1,C/D,3279
adr_goods_3279_100ml,adr_class_6_1,TF1,"adr_label_6_1,adr_label_3",100,uom.product_uom_milliliter,"ORGANOPHOSPHORUS COMPOUND, TOXIC, FLAMMABLE, N.O.S.",adr_packing_instruction_P001,2,D/E,3279
adr_goods_3280,adr_class_6_1,T3,adr_label_6_1,,,"ORGANOARSENIC COMPOUND, LIQUID, N.O.S.",adr_packing_instruction_P001,1,C/E,3280
adr_goods_3280_100ml,adr_class_6_1,T3,adr_label_6_1,100,uom.product_uom_milliliter,"ORGANOARSENIC COMPOUND, LIQUID, N.O.S.","adr_packing_instruction_P001,adr_packing_instruction_IBC02",2,D/E,3280
adr_goods_3280_5L,adr_class_6_1,T3,adr_label_6_1,5,uom.product_uom_litre,"ORGANOARSENIC COMPOUND, LIQUID, N.O.S.","adr_packing_instruction_P001,adr_packing_instruction_IBC03,adr_packing_instruction_LP01,adr_packing_instruction_R001",2,E,3280
adr_goods_3281,adr_class_6_1,T3,adr_label_6_1,,,"METAL CARBONYLS, LIQUID, N.O.S.",adr_packing_instruction_P601,1,C/E,3281
adr_goods_3281_100ml,adr_class_6_1,T3,adr_label_6_1,100,uom.product_uom_milliliter,"METAL CARBONYLS, LIQUID, N.O.S.","adr_packing_instruction_P001,adr_packing_instruction_IBC02",2,D/E,3281
adr_goods_3281_5L,adr_class_6_1,T3,adr_label_6_1,5,uom.product_uom_litre,"METAL CARBONYLS, LIQUID, N.O.S.","adr_packing_instruction_P001,adr_packing_instruction_IBC03,adr_packing_instruction_LP01,adr_packing_instruction_R001",2,E,3281
adr_goods_3282,adr_class_6_1,T3,adr_label_6_1,,,"ORGANOMETALLIC COMPOUND, LIQUID, TOXIC, N.O.S.",adr_packing_instruction_P001,1,C/E,3282
adr_goods_3282_100ml,adr_class_6_1,T3,adr_label_6_1,100,uom.product_uom_milliliter,"ORGANOMETALLIC COMPOUND, LIQUID, TOXIC, N.O.S.","adr_packing_instruction_P001,adr_packing_instruction_IBC02",2,D/E,3282
adr_goods_3282_5L,adr_class_6_1,T3,adr_label_6_1,5,uom.product_uom_litre,"ORGANOMETALLIC COMPOUND, LIQUID, TOXIC, N.O.S.","adr_packing_instruction_P001,adr_packing_instruction_IBC03,adr_packing_instruction_LP01,adr_packing_instruction_R001",2,E,3282
adr_goods_3283,adr_class_6_1,T5,adr_label_6_1,,,"SELENIUM COMPOUND, SOLID, N.O.S.","adr_packing_instruction_P002,adr_packing_instruction_IBC07",1,C/E,3283
adr_goods_3283_500g,adr_class_6_1,T5,adr_label_6_1,500,uom.product_uom_gram,"SELENIUM COMPOUND, SOLID, N.O.S.","adr_packing_instruction_P002,adr_packing_instruction_IBC08",2,D/E,3283
adr_goods_3283_5kg,adr_class_6_1,T5,adr_label_6_1,5,uom.product_uom_kgm,"SELENIUM COMPOUND, SOLID, N.O.S.","adr_packing_instruction_P002,adr_packing_instruction_IBC08,adr_packing_instruction_R001,adr_packing_instruction_LP02",2,E,3283
adr_goods_3284,adr_class_6_1,T5,adr_label_6_1,,,"TELLURIUM COMPOUND, N.O.S.","adr_packing_instruction_P002,adr_packing_instruction_IBC07",1,C/E,3284
adr_goods_3284_500g,adr_class_6_1,T5,adr_label_6_1,500,uom.product_uom_gram,"TELLURIUM COMPOUND, N.O.S.","adr_packing_instruction_P002,adr_packing_instruction_IBC08",2,D/E,3284
adr_goods_3284_5kg,adr_class_6_1,T5,adr_label_6_1,5,uom.product_uom_kgm,"TELLURIUM COMPOUND, N.O.S.","adr_packing_instruction_P002,adr_packing_instruction_IBC08,adr_packing_instruction_R001,adr_packing_instruction_LP02",2,E,3284
adr_goods_3285,adr_class_6_1,T5,adr_label_6_1,,,"VANADIUM COMPOUND, N.O.S.","adr_packing_instruction_P002,adr_packing_instruction_IBC07",1,C/E,3285
adr_goods_3285_500g,adr_class_6_1,T5,adr_label_6_1,500,uom.product_uom_gram,"VANADIUM COMPOUND, N.O.S.","adr_packing_instruction_P002,adr_packing_instruction_IBC08",2,D/E,3285
adr_goods_3285_5kg,adr_class_6_1,T5,adr_label_6_1,5,uom.product_uom_kgm,"VANADIUM COMPOUND, N.O.S.","adr_packing_instruction_P002,adr_packing_instruction_IBC08,adr_packing_instruction_R001,adr_packing_instruction_LP02",2,E,3285
adr_goods_3286,adr_class_3,FTC,"adr_label_3,adr_label_6_1,adr_label_8",,,"FLAMMABLE LIQUID, TOXIC, CORROSIVE, N.O.S.",adr_packing_instruction_P001,1,C/E,3286
adr_goods_3286_1L,adr_class_3,FTC,"adr_label_3,adr_label_6_1,adr_label_8",1,uom.product_uom_litre,"FLAMMABLE LIQUID, TOXIC, CORROSIVE, N.O.S.","adr_packing_instruction_P001,adr_packing_instruction_IBC02",2,D/E,3286
adr_goods_3287,adr_class_6_1,T4,adr_label_6_1,,,"TOXIC LIQUID, INORGANIC, N.O.S.",adr_packing_instruction_P001,1,C/E,3287
adr_goods_3287_100ml,adr_class_6_1,T4,adr_label_6_1,100,uom.product_uom_milliliter,"TOXIC LIQUID, INORGANIC, N.O.S.","adr_packing_instruction_P001,adr_packing_instruction_IBC02",2,D/E,3287
adr_goods_3287_5L,adr_class_6_1,T4,adr_label_6_1,5,uom.product_uom_litre,"TOXIC LIQUID, INORGANIC, N.O.S.","adr_packing_instruction_P001,adr_packing_instruction_IBC03,adr_packing_instruction_LP01,adr_packing_instruction_R001",2,E,3287
adr_goods_3288,adr_class_6_1,T5,adr_label_6_1,,,"TOXIC SOLID, INORGANIC, N.O.S.","adr_packing_instruction_P002,adr_packing_instruction_IBC07",1,C/E,3288
adr_goods_3288_500g,adr_class_6_1,T5,adr_label_6_1,500,uom.product_uom_gram,"TOXIC SOLID, INORGANIC, N.O.S.","adr_packing_instruction_P002,adr_packing_instruction_IBC08",2,D/E,3288
adr_goods_3288_5kg,adr_class_6_1,T5,adr_label_6_1,5,uom.product_uom_kgm,"TOXIC SOLID, INORGANIC, N.O.S.","adr_packing_instruction_P002,adr_packing_instruction_IBC08,adr_packing_instruction_LP02,adr_packing_instruction_R001",2,E,3288
adr_goods_3289,adr_class_6_1,TC3,"adr_label_6_1,adr_label_8",,,"TOXIC LIQUID, CORROSIVE, INORGANIC, N.O.S.",adr_packing_instruction_P001,1,C/E,3289
adr_goods_3289_100ml,adr_class_6_1,TC3,"adr_label_6_1,adr_label_8",100,uom.product_uom_milliliter,"TOXIC LIQUID, CORROSIVE, INORGANIC, N.O.S.","adr_packing_instruction_P001,adr_packing_instruction_IBC02",2,D/E,3289
adr_goods_3290,adr_class_6_1,TC4,"adr_label_6_1,adr_label_8",,,"TOXIC SOLID, CORROSIVE, INORGANIC, N.O.S.","adr_packing_instruction_P002,adr_packing_instruction_IBC05",1,C/E,3290
adr_goods_3290_500g,adr_class_6_1,TC4,"adr_label_6_1,adr_label_8",500,uom.product_uom_gram,"TOXIC SOLID, CORROSIVE, INORGANIC, N.O.S.","adr_packing_instruction_P002,adr_packing_instruction_IBC06",2,D/E,3290
adr_goods_3291_I3_6dot2_565_P621/IBC620/LP621_2,adr_class_6_2,I3,adr_label_6_2,,,"CLINICAL WASTE, UNSPECIFIED, N.O.S. or (BIO) MEDICAL WASTE, N.O.S. or REGULATED MEDICAL WASTE, N.O.S.","adr_packing_instruction_P621,adr_packing_instruction_IBC620,adr_packing_instruction_LP621",2,-,3291
adr_goods_3291_I3_6dot2/2dot2_565_P621/IBC620/LP621_2,adr_class_6_2,I3,"adr_label_6_2,adr_label_2_2",,,"CLINICAL WASTE, UNSPECIFIED, N.O.S. or (BIO) MEDICAL WASTE, N.O.S. or REGULATED MEDICAL WASTE, N.O.S., in refrigerated liquid nitrogen","adr_packing_instruction_P621,adr_packing_instruction_IBC620,adr_packing_instruction_LP621",2,-,3291
adr_goods_3292,adr_class_4_3,W3,adr_label_4_3,,,"BATTERIES, CONTAINING SODIUM, or CELLS, CONTAINING SODIUM",adr_packing_instruction_P408,2,E,3292
adr_goods_3293,adr_class_6_1,T4,adr_label_6_1,5,uom.product_uom_litre,"HYDRAZINE, AQUEOUS SOLUTION with not more than 37% hydrazine, by mass","adr_packing_instruction_P001,adr_packing_instruction_IBC03,adr_packing_instruction_LP01,adr_packing_instruction_R001",2,E,3293
adr_goods_3294,adr_class_6_1,TF1,"adr_label_6_1,adr_label_3",,,"HYDROGEN CYANIDE, SOLUTION IN ALCOHOL with not more than 45% hydrogen cyanide",adr_packing_instruction_P601,0,C/D,3294
adr_goods_3295_F1_3_500ml_P001_1,adr_class_3,F1,adr_label_3,500,uom.product_uom_milliliter,"HYDROCARBONS, LIQUID, N.O.S.",adr_packing_instruction_P001,1,D/E,3295
adr_goods_3295_F1_3_640C_1L_P001_2,adr_class_3,F1,adr_label_3,1,uom.product_uom_litre,"HYDROCARBONS, LIQUID, N.O.S. (vapour pressure at 50 °C more than 110 kPa)",adr_packing_instruction_P001,2,D/E,3295
adr_goods_3295_F1_3_640D_1L_P001/IBC02/R001_2,adr_class_3,F1,adr_label_3,1,uom.product_uom_litre,"HYDROCARBONS, LIQUID, N.O.S. (vapour pressure at 50 °C not more than 110 kPa)","adr_packing_instruction_P001,adr_packing_instruction_IBC02,adr_packing_instruction_R001",2,D/E,3295
adr_goods_3295_F1_3_5L_P001/IBC03/LP01/R001_3,adr_class_3,F1,adr_label_3,5,uom.product_uom_litre,"HYDROCARBONS, LIQUID, N.O.S.","adr_packing_instruction_P001,adr_packing_instruction_IBC03,adr_packing_instruction_LP01,adr_packing_instruction_R001",3,D/E,3295
adr_goods_3296,adr_class_2,2A,adr_label_2_2,120,uom.product_uom_milliliter,HEPTAFLUOROPROPANE (REFRIGERANT GAS R 227),adr_packing_instruction_P200,3,C/E,3296
adr_goods_3297,adr_class_2,2A,adr_label_2_2,120,uom.product_uom_milliliter,ETHYLENE OXIDE AND CHLOROTETRAFLUORO-ETHANE MIXTURE with not more than 8.8% ethylene oxide,adr_packing_instruction_P200,3,C/E,3297
adr_goods_3298,adr_class_2,2A,adr_label_2_2,120,uom.product_uom_milliliter,ETHYLENE OXIDE AND PENTAFLUOROETHANE MIXTURE with not more than 7.9% ethylene oxide,adr_packing_instruction_P200,3,C/E,3298
adr_goods_3299,adr_class_2,2A,adr_label_2_2,120,uom.product_uom_milliliter,ETHYLENE OXIDE AND TETRAFLUOROETHANE MIXTURE with not more than 5.6% ethylene oxide,adr_packing_instruction_P200,3,C/E,3299
adr_goods_3300,adr_class_2,2TF,"adr_label_2_3,adr_label_2_1",,,ETHYLENE OXIDE AND CARBON DIOXIDE MIXTURE with more than 87% ethylene oxide,adr_packing_instruction_P200,1,B/D,3300
adr_goods_3301_CS1_8/4dot2_274_P001_1,adr_class_8,CS1,"adr_label_8,adr_label_4_2",,,"CORROSIVE LIQUID, SELF-HEATING, N.O.S.",adr_packing_instruction_P001,1,E,3301
adr_goods_3301_CS1_8/4dot2_274_P001_2,adr_class_8,CS1,"adr_label_8,adr_label_4_2",,,"CORROSIVE LIQUID, SELF-HEATING, N.O.S.",adr_packing_instruction_P001,2,E,3301
adr_goods_3302,adr_class_6_1,T1,adr_label_6_1,100,uom.product_uom_milliliter,2-DIMETHYLAMINOETHYL ACRYLATE,"adr_packing_instruction_P001,adr_packing_instruction_IBC02",2,D/E,3302
adr_goods_3303,adr_class_2,1TO,"adr_label_2_3,adr_label_5_1",,,"COMPRESSED GAS, TOXIC, OXIDIZING, N.O.S.",adr_packing_instruction_P200,1,C/D,3303
adr_goods_3304,adr_class_2,1TC,"adr_label_2_3,adr_label_8",,,"COMPRESSED GAS, TOXIC, CORROSIVE, N.O.S.",adr_packing_instruction_P200,1,C/D,3304
adr_goods_3305,adr_class_2,1TFC,"adr_label_2_3,adr_label_2_1,adr_label_8",,,"COMPRESSED GAS, TOXIC, FLAMMABLE, CORROSIVE, N.O.S.",adr_packing_instruction_P200,1,B/D,3305
adr_goods_3306,adr_class_2,1TOC,"adr_label_2_3,adr_label_5_1,adr_label_8",,,"COMPRESSED GAS, TOXIC, OXIDIZING, CORROSIVE, N.O.S.",adr_packing_instruction_P200,1,C/D,3306
adr_goods_3307,adr_class_2,2TO,"adr_label_2_3,adr_label_5_1",,,"LIQUEFIED GAS, TOXIC, OXIDIZING, N.O.S.",adr_packing_instruction_P200,1,C/D,3307
adr_goods_3308,adr_class_2,2TC,"adr_label_2_3,adr_label_8",,,"LIQUEFIED GAS, TOXIC, CORROSIVE, N.O.S.",adr_packing_instruction_P200,1,C/D,3308
adr_goods_3309,adr_class_2,2TFC,"adr_label_2_3,adr_label_2_1,adr_label_8",,,"LIQUEFIED GAS, TOXIC, FLAMMABLE, CORROSIVE, N.O.S.",adr_packing_instruction_P200,1,B/D,3309
adr_goods_3310,adr_class_2,2TOC,"adr_label_2_3,adr_label_5_1,adr_label_8",,,"LIQUEFIED GAS, TOXIC, OXIDIZING, CORROSIVE, N.O.S.",adr_packing_instruction_P200,1,C/D,3310
adr_goods_3311,adr_class_2,3O,"adr_label_2_2,adr_label_5_1",,,"GAS, REFRIGERATED LIQUID, OXIDIZING, N.O.S.",adr_packing_instruction_P203,3,C/E,3311
adr_goods_3312,adr_class_2,3F,adr_label_2_1,,,"GAS, REFRIGERATED LIQUID, FLAMMABLE, N.O.S.",adr_packing_instruction_P203,2,B/D,3312
adr_goods_3313_S2_4dot2_P002/IBC08_2,adr_class_4_2,S2,adr_label_4_2,,,"ORGANIC PIGMENTS, SELF-HEATING","adr_packing_instruction_P002,adr_packing_instruction_IBC08",2,D/E,3313
adr_goods_3313_S2_4dot2_P002/IBC08/LP02/R001_3,adr_class_4_2,S2,adr_label_4_2,,,"ORGANIC PIGMENTS, SELF-HEATING","adr_packing_instruction_P002,adr_packing_instruction_IBC08,adr_packing_instruction_LP02,adr_packing_instruction_R001",3,E,3313
adr_goods_3314,adr_class_9,M3,,5,uom.product_uom_kgm,"PLASTICS MOULDING COMPOUND in dough, sheet or extruded rope form evolving flammable vapour","adr_packing_instruction_P002,adr_packing_instruction_IBC08,adr_packing_instruction_R001",3,D/E,3314
adr_goods_3315,adr_class_6_1,T8,adr_label_6_1,,,"CHEMICAL SAMPLE, TOXIC",adr_packing_instruction_P099,1,E,3315
adr_goods_3316,adr_class_9,M11,adr_label_9,,,CHEMICAL KIT or FIRST AID KIT,adr_packing_instruction_P901,2,E,3316
adr_goods_3317,adr_class_4_1,D,adr_label_4_1,,,"2-AMINO-4,6-DINITROPHENOL, WETTED with not less than 20% water, by mass",adr_packing_instruction_P406,1,B,3317
adr_goods_3318,adr_class_2,4TC,"adr_label_2_3,adr_label_8",,,"AMMONIA SOLUTION, relative density less than 0.880 at 15 °C in water, with more than 50% ammonia",adr_packing_instruction_P200,1,C/D,3318
adr_goods_3319,adr_class_4_1,D,adr_label_4_1,,,"NITROGLYCERIN MIXTURE, DESENSITIZED, SOLID, N.O.S. with more than 2% but not more than 10% nitroglycerin, by mass","adr_packing_instruction_P099,adr_packing_instruction_IBC99",2,B,3319
adr_goods_3320_1L,adr_class_8,C5,adr_label_8,1,uom.product_uom_litre,"SODIUM BOROHYDRIDE AND SODIUM HYDROXIDE SOLUTION, with not more than 12% sodium borohydride and not more than 40% sodium hydroxide by mass","adr_packing_instruction_P001,adr_packing_instruction_IBC02",2,E,3320
adr_goods_3320_5L,adr_class_8,C5,adr_label_8,5,uom.product_uom_litre,"SODIUM BOROHYDRIDE AND SODIUM HYDROXIDE SOLUTION, with not more than 12% sodium borohydride and not more than 40% sodium hydroxide by mass","adr_packing_instruction_P001,adr_packing_instruction_IBC03,adr_packing_instruction_LP01,adr_packing_instruction_R001",3,E,3320
adr_goods_3321,adr_class_7,,"adr_label_7A,adr_label_7B,adr_label_7C,adr_label_7E",,,"RADIOACTIVE MATERIAL, LOW SPECIFIC ACTIVITY (LSA-II), non fissile or fissile-excepted",,0,E,3321
adr_goods_3322,adr_class_7,,"adr_label_7A,adr_label_7B,adr_label_7C,adr_label_7E",,,"RADIOACTIVE MATERIAL, LOW SPECIFIC ACTIVITY (LSA-III), non fissile or fissile-excepted",,0,E,3322
adr_goods_3323,adr_class_7,,"adr_label_7A,adr_label_7B,adr_label_7C,adr_label_7E",,,"RADIOACTIVE MATERIAL, TYPE C PACKAGE, non fissile or fissile-excepted",,0,E,3323
adr_goods_3324,adr_class_7,,"adr_label_7E,adr_label_7A,adr_label_7B,adr_label_7C,adr_label_7E",,,"RADIOACTIVE MATERIAL, LOW SPECIFIC ACTIVITY (LSA-II), FISSILE",,0,E,3324
adr_goods_3325,adr_class_7,,"adr_label_7E,adr_label_7A,adr_label_7B,adr_label_7C,adr_label_7E",,,"RADIOACTIVE MATERIAL, LOW SPECIFIC ACTIVITY, (LSA-III), FISSILE",,0,E,3325
adr_goods_3326,adr_class_7,,"adr_label_7E,adr_label_7A,adr_label_7B,adr_label_7C,adr_label_7E",,,"RADIOACTIVE MATERIAL, SURFACE CONTAMINATED OBJECTS (SCO-I or SCO-II), FISSILE",,0,E,3326
adr_goods_3327,adr_class_7,,"adr_label_7E,adr_label_7A,adr_label_7B,adr_label_7C,adr_label_7E",,,"RADIOACTIVE MATERIAL, TYPE A PACKAGE, FISSILE, non-special form",,0,E,3327
adr_goods_3328,adr_class_7,,"adr_label_7E,adr_label_7A,adr_label_7B,adr_label_7C,adr_label_7E",,,"RADIOACTIVE MATERIAL, TYPE B(U) PACKAGE, FISSILE",,0,E,3328
adr_goods_3329,adr_class_7,,"adr_label_7E,adr_label_7A,adr_label_7B,adr_label_7C,adr_label_7E",,,"RADIOACTIVE MATERIAL, TYPE B(M) PACKAGE, FISSILE",,0,E,3329
adr_goods_3330,adr_class_7,,"adr_label_7E,adr_label_7A,adr_label_7B,adr_label_7C,adr_label_7E",,,"RADIOACTIVE MATERIAL, TYPE C PACKAGE, FISSILE",,0,E,3330
adr_goods_3331,adr_class_7,,"adr_label_7E,adr_label_7A,adr_label_7B,adr_label_7C,adr_label_7E",,,"RADIOACTIVE MATERIAL, TRANSPORTED UNDER SPECIAL ARRANGEMENT, FISSILE",,0,-,3331
adr_goods_3332,adr_class_7,,"adr_label_7A,adr_label_7B,adr_label_7C,adr_label_7E",,,"RADIOACTIVE MATERIAL, TYPE A PACKAGE, SPECIAL FORM, non fissile or fissile-excepted",,0,E,3332
adr_goods_3333,adr_class_7,,"adr_label_7E,adr_label_7A,adr_label_7B,adr_label_7C,adr_label_7E",,,"RADIOACTIVE MATERIAL, TYPE A PACKAGE, SPECIAL FORM, FISSILE",,0,E,3333
adr_goods_3334,adr_class_9,M11,,,,"Aviation regulated liquid, n.o.s.",,NOT_SUBJECT_TO_ADR,NOT_SUBJECT_TO_ADR,3334
adr_goods_3335,adr_class_9,M11,,,,"Aviation regulated solid, n.o.s.",,NOT_SUBJECT_TO_ADR,NOT_SUBJECT_TO_ADR,3335
adr_goods_3336_F1_3_274_P001_1,adr_class_3,F1,adr_label_3,,,"MERCAPTANS, LIQUID, FLAMMABLE, N.O.S. or MERCAPTAN MIXTURE, LIQUID, FLAMMABLE, N.O.S.",adr_packing_instruction_P001,1,D/E,3336
adr_goods_3336_F1_3_274/640C_1L_P001_2,adr_class_3,F1,adr_label_3,1,uom.product_uom_litre,"MERCAPTANS, LIQUID, FLAMMABLE, N.O.S. or MERCAPTAN MIXTURE, LIQUID, FLAMMABLE, N.O.S. (vapour pressure at 50 °C more than 110 kPa)",adr_packing_instruction_P001,2,D/E,3336
adr_goods_3336_F1_3_274/640D_1L_P001/IBC02/R001_2,adr_class_3,F1,adr_label_3,1,uom.product_uom_litre,"MERCAPTANS, LIQUID, FLAMMABLE, N.O.S. or MERCAPTAN MIXTURE, LIQUID, FLAMMABLE, N.O.S. (vapour pressure at 50 °C not more than 110 kPa)","adr_packing_instruction_P001,adr_packing_instruction_IBC02,adr_packing_instruction_R001",2,D/E,3336
adr_goods_3336_F1_3_274_5L_P001/IBC03/LP01/R001_3,adr_class_3,F1,adr_label_3,5,uom.product_uom_litre,"MERCAPTANS, LIQUID, FLAMMABLE, N.O.S. or MERCAPTAN MIXTURE, LIQUID, FLAMMABLE, N.O.S.","adr_packing_instruction_P001,adr_packing_instruction_IBC03,adr_packing_instruction_LP01,adr_packing_instruction_R001",3,D/E,3336
adr_goods_3337,adr_class_2,2A,adr_label_2_2,120,uom.product_uom_milliliter,"REFRIGERANT GAS R 404A (Pentafluoroethane, 1,1,1-trifluoroethane, and 1,1,1,2-tetrafluoroethane zeotropic mixture with approximately 44% pentafluoroethane and 52% 1,1,1-trifluoroethane)",adr_packing_instruction_P200,3,C/E,3337
adr_goods_3338,adr_class_2,2A,adr_label_2_2,120,uom.product_uom_milliliter,"REFRIGERANT GAS R 407A (Difluoromethane, pentafluoroethane, and 1,1,1,2-tetrafluoroethane zeotropic mixture with approximately 20% difluoromethane and 40% pentafluoroethane)",adr_packing_instruction_P200,3,C/E,3338
adr_goods_3339,adr_class_2,2A,adr_label_2_2,120,uom.product_uom_milliliter,"REFRIGERANT GAS R 407B (Difluoromethane, pentafluoroethane, and 1,1,1,2-tetrafluoroethane zeotropic mixture with approximately 10% difluoromethane and 70% pentafluoroethane)",adr_packing_instruction_P200,3,C/E,3339
adr_goods_3340,adr_class_2,2A,adr_label_2_2,120,uom.product_uom_milliliter,"REFRIGERANT GAS R 407C (Difluoromethane, pentafluoroethane, and 1,1,1,2-tetrafluoroethane zeotropic mixture with approximately 23%difluoromethane and 25% pentafluoroethane)",adr_packing_instruction_P200,3,C/E,3340
adr_goods_3341_S2_4dot2_P002/IBC06_2,adr_class_4_2,S2,adr_label_4_2,,,THIOUREA DIOXIDE,"adr_packing_instruction_P002,adr_packing_instruction_IBC06",2,D/E,3341
adr_goods_3341_S2_4dot2_P002/IBC08/LP02/R001_3,adr_class_4_2,S2,adr_label_4_2,,,THIOUREA DIOXIDE,"adr_packing_instruction_P002,adr_packing_instruction_IBC08,adr_packing_instruction_LP02,adr_packing_instruction_R001",3,E,3341
adr_goods_3342_S2_4dot2_P002/IBC06_2,adr_class_4_2,S2,adr_label_4_2,,,XANTHATES,"adr_packing_instruction_P002,adr_packing_instruction_IBC06",2,D/E,3342
adr_goods_3342_S2_4dot2_P002/IBC08/LP02/R001_3,adr_class_4_2,S2,adr_label_4_2,,,XANTHATES,"adr_packing_instruction_P002,adr_packing_instruction_IBC08,adr_packing_instruction_LP02,adr_packing_instruction_R001",3,E,3342
adr_goods_3343,adr_class_3,D,adr_label_3,,,"NITROGLYCERIN MIXTURE, DESENSITIZED, LIQUID, FLAMMABLE, N.O.S. with not more than 30% nitroglycerin, by mass",adr_packing_instruction_P099,0,B,3343
adr_goods_3344,adr_class_4_1,D,adr_label_4_1,,,"PENTAERYTHRITE TETRANITRATE (PENTAERYTHRITOL TETRANITRATE; PETN) MIXTURE, DESENSITIZED, SOLID, N.O.S. with more than 10% but not more than 20% PETN, by mass",adr_packing_instruction_P099,2,B,3344
adr_goods_3345,adr_class_6_1,T7,adr_label_6_1,,,"PHENOXYACETIC ACID DERIVATIVE PESTICIDE, SOLID, TOXIC","adr_packing_instruction_P002,adr_packing_instruction_IBC07",1,C/E,3345
adr_goods_3345_500g,adr_class_6_1,T7,adr_label_6_1,500,uom.product_uom_gram,"PHENOXYACETIC ACID DERIVATIVE PESTICIDE, SOLID, TOXIC","adr_packing_instruction_P002,adr_packing_instruction_IBC08",2,D/E,3345
adr_goods_3345_5kg,adr_class_6_1,T7,adr_label_6_1,5,uom.product_uom_kgm,"PHENOXYACETIC ACID DERIVATIVE PESTICIDE, SOLID, TOXIC","adr_packing_instruction_P002,adr_packing_instruction_IBC08,adr_packing_instruction_LP02,adr_packing_instruction_R001",2,E,3345
adr_goods_3346,adr_class_3,FT2,"adr_label_3,adr_label_6_1",,,"PHENOXYACETIC ACID DERIVATIVE PESTICIDE, LIQUID, FLAMMABLE, TOXIC, flash-point less than 23  °C",adr_packing_instruction_P001,1,C/E,3346
adr_goods_3346_1L,adr_class_3,FT2,"adr_label_3,adr_label_6_1",1,uom.product_uom_litre,"PHENOXYACETIC ACID DERIVATIVE PESTICIDE, LIQUID, FLAMMABLE, TOXIC, flash-point less than 23  °C","adr_packing_instruction_P001,adr_packing_instruction_IBC02,adr_packing_instruction_R001",2,D/E,3346
adr_goods_3347,adr_class_6_1,TF2,"adr_label_6_1,adr_label_3",,,"PHENOXYACETIC ACID DERIVATIVE PESTICIDE, LIQUID, TOXIC, FLAMMABLE, flash-point not less than 23  °C",adr_packing_instruction_P001,1,C/E,3347
adr_goods_3347_100ml,adr_class_6_1,TF2,"adr_label_6_1,adr_label_3",100,uom.product_uom_milliliter,"PHENOXYACETIC ACID DERIVATIVE PESTICIDE, LIQUID, TOXIC, FLAMMABLE, flash-point not less than 23 °C","adr_packing_instruction_P001,adr_packing_instruction_IBC02",2,D/E,3347
adr_goods_3347_5L,adr_class_6_1,TF2,"adr_label_6_1,adr_label_3",5,uom.product_uom_litre,"PHENOXYACETIC ACID DERIVATIVE PESTICIDE, LIQUID, TOXIC, FLAMMABLE, flash-point not less than 23 °C","adr_packing_instruction_P001,adr_packing_instruction_IBC03,adr_packing_instruction_R001",2,D/E,3347
adr_goods_3348,adr_class_6_1,T6,adr_label_6_1,,,"PHENOXYACETIC ACID DERIVATIVE PESTICIDE, LIQUID, TOXIC",adr_packing_instruction_P001,1,C/E,3348
adr_goods_3348_100ml,adr_class_6_1,T6,adr_label_6_1,100,uom.product_uom_milliliter,"PHENOXYACETIC ACID DERIVATIVE PESTICIDE, LIQUID, TOXIC","adr_packing_instruction_P001,adr_packing_instruction_IBC02",2,D/E,3348
adr_goods_3348_5L,adr_class_6_1,T6,adr_label_6_1,5,uom.product_uom_litre,"PHENOXYACETIC ACID DERIVATIVE PESTICIDE, LIQUID, TOXIC","adr_packing_instruction_P001,adr_packing_instruction_IBC03,adr_packing_instruction_LP01,adr_packing_instruction_R001",2,E,3348
adr_goods_3349,adr_class_6_1,T7,adr_label_6_1,,,"PYRETHROID PESTICIDE, SOLID, TOXIC","adr_packing_instruction_P002,adr_packing_instruction_IBC07",1,C/E,3349
adr_goods_3349_500g,adr_class_6_1,T7,adr_label_6_1,500,uom.product_uom_gram,"PYRETHROID PESTICIDE, SOLID, TOXIC","adr_packing_instruction_P002,adr_packing_instruction_IBC08",2,D/E,3349
adr_goods_3349_5kg,adr_class_6_1,T7,adr_label_6_1,5,uom.product_uom_kgm,"PYRETHROID PESTICIDE, SOLID, TOXIC","adr_packing_instruction_P002,adr_packing_instruction_IBC08,adr_packing_instruction_LP02,adr_packing_instruction_R001",2,E,3349
adr_goods_3350,adr_class_3,FT2,"adr_label_3,adr_label_6_1",,,"PYRETHROID PESTICIDE, LIQUID, FLAMMABLE, TOXIC, flash-point less than 23 °C",adr_packing_instruction_P001,1,C/E,3350
adr_goods_3350_1L,adr_class_3,FT2,"adr_label_3,adr_label_6_1",1,uom.product_uom_litre,"PYRETHROID PESTICIDE, LIQUID, FLAMMABLE, TOXIC, flash-point less than 23 °C","adr_packing_instruction_P001,adr_packing_instruction_IBC02,adr_packing_instruction_R001",2,D/E,3350
adr_goods_3351,adr_class_6_1,TF2,"adr_label_6_1,adr_label_3",,,"PYRETHROID PESTICIDE, LIQUID, TOXIC, FLAMMABLE, flash-point not less than 23 °C",adr_packing_instruction_P001,1,C/E,3351
adr_goods_3351_100ml,adr_class_6_1,TF2,"adr_label_6_1,adr_label_3",100,uom.product_uom_milliliter,"PYRETHROID PESTICIDE, LIQUID, TOXIC, FLAMMABLE, flash-point not less than 23 °C","adr_packing_instruction_P001,adr_packing_instruction_IBC02",2,D/E,3351
adr_goods_3351_5L,adr_class_6_1,TF2,"adr_label_6_1,adr_label_3",5,uom.product_uom_litre,"PYRETHROID PESTICIDE, LIQUID, TOXIC, FLAMMABLE, flash-point not less than 23 °C","adr_packing_instruction_P001,adr_packing_instruction_IBC03,adr_packing_instruction_R001",2,D/E,3351
adr_goods_3352,adr_class_6_1,T6,adr_label_6_1,,,"PYRETHROID PESTICIDE, LIQUID, TOXIC",adr_packing_instruction_P001,1,C/E,3352
adr_goods_3352_100ml,adr_class_6_1,T6,adr_label_6_1,100,uom.product_uom_milliliter,"PYRETHROID PESTICIDE, LIQUID, TOXIC","adr_packing_instruction_P001,adr_packing_instruction_IBC02",2,D/E,3352
adr_goods_3352_5L,adr_class_6_1,T6,adr_label_6_1,5,uom.product_uom_litre,"PYRETHROID PESTICIDE, LIQUID, TOXIC","adr_packing_instruction_P001,adr_packing_instruction_IBC03,adr_packing_instruction_LP01,adr_packing_instruction_R001",2,E,3352
adr_goods_3354,adr_class_2,2F,adr_label_2_1,,,"INSECTICIDE GAS, FLAMMABLE, N.O.S.",adr_packing_instruction_P200,2,B/D,3354
adr_goods_3355,adr_class_2,2TF,"adr_label_2_3,adr_label_2_1",,,"INSECTICIDE GAS, TOXIC, FLAMMABLE, N.O.S.",adr_packing_instruction_P200,1,B/D,3355
adr_goods_3356,adr_class_5_1,O3,adr_label_5_1,,,"OXYGEN GENERATOR, CHEMICAL",adr_packing_instruction_P500,2,E,3356
adr_goods_3357,adr_class_3,D,adr_label_3,,,"NITROGLYCERIN MIXTURE, DESENSITIZED, LIQUID, N.O.S. with not more than 30% nitroglycerin, by mass",adr_packing_instruction_P099,2,B,3357
adr_goods_3358,adr_class_2,6F,adr_label_2_1,,,"REFRIGERATING MACHINES containing flammable, non-toxic, liquefied gas",adr_packing_instruction_P003,2,D,3358
adr_goods_3359,adr_class_9,M11,,,,FUMIGATED CARGO TRANSPORT UNIT,,-,-,3359
adr_goods_3360,adr_class_4_1,F1,,,,"Fibres, vegetable, dry",,NOT_SUBJECT_TO_ADR,NOT_SUBJECT_TO_ADR,3360
adr_goods_3361,adr_class_6_1,TC1,"adr_label_6_1,adr_label_8",,,"CHLOROSILANES, TOXIC, CORROSIVE, N.O.S.",adr_packing_instruction_P010,2,D/E,3361
adr_goods_3362,adr_class_6_1,TFC,"adr_label_6_1,adr_label_3,adr_label_8",,,"CHLOROSILANES, TOXIC, CORROSIVE, FLAMMABLE, N.O.S.",adr_packing_instruction_P010,2,D/E,3362
adr_goods_3363,adr_class_9,M11,adr_label_9,,,DANGEROUS GOODS IN MACHINERY or DANGEROUS GOODS IN APPARATUS,adr_packing_instruction_P907,-,-,3363
adr_goods_3364,adr_class_4_1,D,adr_label_4_1,,,"TRINITROPHENOL (PICRIC ACID), WETTED with not less than 10% water, by mass",adr_packing_instruction_P406,1,B,3364
adr_goods_3365,adr_class_4_1,D,adr_label_4_1,,,"TRINITROCHLOROBENZENE (PICRYL CHLORIDE), WETTED with not less than 10% water, by mass",adr_packing_instruction_P406,1,B,3365
adr_goods_3366,adr_class_4_1,D,adr_label_4_1,,,"TRINITROTOLUENE (TNT), WETTED with not less than 10% water, by mass",adr_packing_instruction_P406,1,B,3366
adr_goods_3367,adr_class_4_1,D,adr_label_4_1,,,"TRINITROBENZENE, WETTED with not less than 10% water, by mass",adr_packing_instruction_P406,1,B,3367
adr_goods_3368,adr_class_4_1,D,adr_label_4_1,,,"TRINITROBENZOIC ACID, WETTED with not less than 10% water, by mass",adr_packing_instruction_P406,1,B,3368
adr_goods_3369,adr_class_4_1,DT,"adr_label_4_1,adr_label_6_1",,,"SODIUM DINITRO-o-CRESOLATE, WETTED with not less than 10% water, by mass",adr_packing_instruction_P406,1,B,3369
adr_goods_3370,adr_class_4_1,D,adr_label_4_1,,,"UREA NITRATE, WETTED with not less than 10% water, by mass",adr_packing_instruction_P406,1,B,3370
adr_goods_3371,adr_class_3,F1,adr_label_3,1,uom.product_uom_litre,2 –METHYLBUTANAL,"adr_packing_instruction_P001,adr_packing_instruction_IBC02,adr_packing_instruction_R001",2,D/E,3371
adr_goods_3373_I4_6dot2_319_P650_-,adr_class_6_2,I4,adr_label_6_2,,,"BIOLOGICAL SUBSTANCE, CATEGORY B",adr_packing_instruction_P650,-,-,3373
adr_goods_3373_I4_6dot2_319_P650_-_animal_material,adr_class_6_2,I4,adr_label_6_2,,,"BIOLOGICAL SUBSTANCE, CATEGORY B (animal material only)",adr_packing_instruction_P650,-,-,3373
adr_goods_3374,adr_class_2,2F,adr_label_2_1,,,"ACETYLENE, SOLVENT FREE",adr_packing_instruction_P200,2,D,3374
adr_goods_3375_O1_5dot1_309_P505/IBC02_2,adr_class_5_1,O1,adr_label_5_1,,,"AMMONIUM NITRATE EMULSION or SUSPENSION or GEL, intermediate for blasting explosives, liquid","adr_packing_instruction_P505,adr_packing_instruction_IBC02",2,E,3375
adr_goods_3375_O2_5dot1_309_P505/IBC02_2,adr_class_5_1,O2,adr_label_5_1,,,"AMMONIUM NITRATE EMULSION or SUSPENSION or GEL, intermediate for blasting explosives, solid","adr_packing_instruction_P505,adr_packing_instruction_IBC02",2,E,3375
adr_goods_3376,adr_class_4_1,D,adr_label_4_1,,,"4-NITROPHENYL-HYDRAZINE, with not less than 30% water, by mass",adr_packing_instruction_P406,1,B,3376
adr_goods_3377,adr_class_5_1,O2,adr_label_5_1,5,uom.product_uom_kgm,SODIUM PERBORATE MONOHYDRATE,"adr_packing_instruction_P002,adr_packing_instruction_IBC08,adr_packing_instruction_LP02,adr_packing_instruction_R001",3,E,3377
adr_goods_3378_1kg,adr_class_5_1,O2,adr_label_5_1,1,uom.product_uom_kgm,SODIUM CARBONATE PEROXYHYDRATE,"adr_packing_instruction_P002,adr_packing_instruction_IBC08",2,E,3378
adr_goods_3378_5kg,adr_class_5_1,O2,adr_label_5_1,5,uom.product_uom_kgm,SODIUM CARBONATE PEROXYHYDRATE,"adr_packing_instruction_P002,adr_packing_instruction_IBC08,adr_packing_instruction_LP02,adr_packing_instruction_R001",3,E,3378
adr_goods_3379,adr_class_3,D,adr_label_3,,,"DESENSITIZED EXPLOSIVE, LIQUID, N.O.S.",adr_packing_instruction_P099,1,B,3379
adr_goods_3380,adr_class_4_1,D,adr_label_4_1,,,"DESENSITIZED EXPLOSIVE, SOLID, N.O.S.",adr_packing_instruction_P099,1,B,3380
adr_goods_3381,adr_class_6_1,T1,adr_label_6_1,,,"TOXIC BY INHALATION LIQUID, N.O.S. with an LC50 lower than or equal to 200 ml/m3 and saturated vapour concentration greater than or equal to 500 LC50",adr_packing_instruction_P601,1,C/D,3381
adr_goods_3382,adr_class_6_1,T1,adr_label_6_1,,,"TOXIC BY INHALATION LIQUID, N.O.S. with an LC50 lower than or equal to 1000 ml/m3 and saturated vapour concentration greater than or equal to 10 LC50",adr_packing_instruction_P602,1,C/D,3382
adr_goods_3383,adr_class_6_1,TF1,"adr_label_6_1,adr_label_3",,,"TOXIC BY INHALATION LIQUID, FLAMMABLE, N.O.S.  with an LC50 lower than or equal to  200 ml/m3 and saturated vapour concentration greater than or equal to 500 LC50",adr_packing_instruction_P601,1,C/D,3383
adr_goods_3384,adr_class_6_1,TF1,"adr_label_6_1,adr_label_3",,,"TOXIC BY INHALATION LIQUID, FLAMMABLE, N.O.S. with with an LC50 lower than or equal to 1000 ml/m3 and saturated vapour concentration greater than or equal to 10 LC50",adr_packing_instruction_P602,1,C/D,3384
adr_goods_3385,adr_class_6_1,TW1,"adr_label_6_1,adr_label_4_3",,,"TOXIC BY INHALATION LIQUID, WATER-REACTIVE, N.O.S. with an LC50 lower than or equal to 200 ml/m3 and saturated vapour concentration greater than or equal to 500 LC50",adr_packing_instruction_P601,1,C/D,3385
adr_goods_3386,adr_class_6_1,TW1,"adr_label_6_1,adr_label_4_3",,,"TOXIC BY INHALATION LIQUID, WATER-REACTIVE, N.O.S. with an LC50 lower than or equal to 1000 ml/m3 and saturated vapour concentration greater than or equal to 10 LC50",adr_packing_instruction_P602,1,C/D,3386
adr_goods_3387,adr_class_6_1,TO1,"adr_label_6_1,adr_label_5_1",,,"TOXIC BY INHALATION LIQUID, OXIDIZING, N.O.S.with an LC50 lower than or equal to 200 ml/m3 and saturated vapour concentration greater than or equal to 500 LC50",adr_packing_instruction_P601,1,C/D,3387
adr_goods_3388,adr_class_6_1,TO1,"adr_label_6_1,adr_label_5_1",,,"TOXIC BY INHALATION LIQUID, OXIDIZING, N.O.S. with an LC50  lower than or equal to 1000 ml/m3 and saturated vapour concentration greater than or equal to 10 LC50",adr_packing_instruction_P602,1,C/D,3388
adr_goods_3389,adr_class_6_1,TC1,"adr_label_6_1,adr_label_8",,,"TOXIC BY INHALATION LIQUID, CORROSIVE, N.O.S. with an LC50  lower than or equal to 200 ml/m3 and saturated vapour concentration greater than or equal to 500 LC50",adr_packing_instruction_P601,1,C/D,3389
adr_goods_3390,adr_class_6_1,TC1,"adr_label_6_1,adr_label_8",,,"TOXIC BY INHALATION LIQUID, CORROSIVE, N.O.S. with an LC50 lower than or equal to 1000 ml/m3 and saturated vapour concentration greater than or equal to 10 LC50",adr_packing_instruction_P602,1,C/D,3390
adr_goods_3391,adr_class_4_2,S5,adr_label_4_2,,,"ORGANOMETALLIC SUBSTANCE, SOLID, PYROPHORIC",adr_packing_instruction_P404,0,B/E,3391
adr_goods_3392,adr_class_4_2,S5,adr_label_4_2,,,"ORGANOMETALLIC SUBSTANCE, LIQUID, PYROPHORIC",adr_packing_instruction_P400,0,B/E,3392
adr_goods_3393,adr_class_4_2,SW,"adr_label_4_2,adr_label_4_3",,,"ORGANOMETALLIC SUBSTANCE, SOLID, PYROPHORIC, WATER-REACTIVE",adr_packing_instruction_P404,0,B/E,3393
adr_goods_3394,adr_class_4_2,SW,"adr_label_4_2,adr_label_4_3",,,"ORGANOMETALLIC SUBSTANCE, LIQUID, PYROPHORIC, WATER-REACTIVE",adr_packing_instruction_P400,0,B/E,3394
adr_goods_3395,adr_class_4_3,W2,adr_label_4_3,,,"ORGANOMETALLIC SUBSTANCE, SOLID, WATER-REACTIVE",adr_packing_instruction_P403,1,B/E,3395
adr_goods_3395_500g,adr_class_4_3,W2,adr_label_4_3,500,uom.product_uom_gram,"ORGANOMETALLIC SUBSTANCE, SOLID, WATER-REACTIVE","adr_packing_instruction_P410,adr_packing_instruction_IBC04",2,D/E,3395
adr_goods_3395_1kg,adr_class_4_3,W2,adr_label_4_3,1,uom.product_uom_kgm,"ORGANOMETALLIC SUBSTANCE, SOLID, WATER-REACTIVE","adr_packing_instruction_P410,adr_packing_instruction_IBC06",3,E,3395
adr_goods_3396,adr_class_4_3,WF2,"adr_label_4_3,adr_label_4_1",,,"ORGANOMETALLIC SUBSTANCE, SOLID, WATER-REACTIVE, FLAMMABLE",adr_packing_instruction_P403,0,B/E,3396
adr_goods_3396_500g,adr_class_4_3,WF2,"adr_label_4_3,adr_label_4_1",500,uom.product_uom_gram,"ORGANOMETALLIC SUBSTANCE, SOLID, WATER-REACTIVE, FLAMMABLE","adr_packing_instruction_P410,adr_packing_instruction_IBC04",0,D/E,3396
adr_goods_3396_1kg,adr_class_4_3,WF2,"adr_label_4_3,adr_label_4_1",1,uom.product_uom_kgm,"ORGANOMETALLIC SUBSTANCE, SOLID, WATER-REACTIVE, FLAMMABLE","adr_packing_instruction_P410,adr_packing_instruction_IBC06",0,E,3396
adr_goods_3397,adr_class_4_3,WS,"adr_label_4_3,adr_label_4_2",,,"ORGANOMETALLIC SUBSTANCE, SOLID, WATER-REACTIVE, SELF-HEATING",adr_packing_instruction_P403,1,B/E,3397
adr_goods_3397_500g,adr_class_4_3,WS,"adr_label_4_3,adr_label_4_2",500,uom.product_uom_gram,"ORGANOMETALLIC SUBSTANCE, SOLID, WATER-REACTIVE, SELF-HEATING","adr_packing_instruction_P410,adr_packing_instruction_IBC04",2,D/E,3397
adr_goods_3397_1kg,adr_class_4_3,WS,"adr_label_4_3,adr_label_4_2",1,uom.product_uom_kgm,"ORGANOMETALLIC SUBSTANCE, SOLID, WATER-REACTIVE, SELF-HEATING","adr_packing_instruction_P410,adr_packing_instruction_IBC06",3,E,3397
adr_goods_3398,adr_class_4_3,W1,adr_label_4_3,,,"ORGANOMETALLIC SUBSTANCE, LIQUID, WATER-REACTIVE",adr_packing_instruction_P402,0,B/E,3398
adr_goods_3398_500ml,adr_class_4_3,W1,adr_label_4_3,500,uom.product_uom_milliliter,"ORGANOMETALLIC SUBSTANCE, LIQUID, WATER-REACTIVE","adr_packing_instruction_P001,adr_packing_instruction_IBC01",0,D/E,3398
adr_goods_3398_1L,adr_class_4_3,W1,adr_label_4_3,1,uom.product_uom_litre,"ORGANOMETALLIC SUBSTANCE, LIQUID, WATER-REACTIVE","adr_packing_instruction_P001,adr_packing_instruction_IBC02",0,E,3398
adr_goods_3399,adr_class_4_3,WF1,"adr_label_4_3,adr_label_3",,,"ORGANOMETALLIC SUBSTANCE, LIQUID, WATER-REACTIVE, FLAMMABLE",adr_packing_instruction_P402,0,B/E,3399
adr_goods_3399_500ml,adr_class_4_3,WF1,"adr_label_4_3,adr_label_3",500,uom.product_uom_milliliter,"ORGANOMETALLIC SUBSTANCE, LIQUID, WATER-REACTIVE, FLAMMABLE","adr_packing_instruction_P001,adr_packing_instruction_IBC01",0,D/E,3399
adr_goods_3399_1L,adr_class_4_3,WF1,"adr_label_4_3,adr_label_3",1,uom.product_uom_litre,"ORGANOMETALLIC SUBSTANCE, LIQUID, WATER-REACTIVE, FLAMMABLE","adr_packing_instruction_P001,adr_packing_instruction_IBC02,adr_packing_instruction_R001",0,E,3399
adr_goods_3400_500g,adr_class_4_2,S5,adr_label_4_2,500,uom.product_uom_gram,"ORGANOMETALLIC SUBSTANCE, SOLID, SELF-HEATING","adr_packing_instruction_P410,adr_packing_instruction_IBC06",2,D/E,3400
adr_goods_3400_1kg,adr_class_4_2,S5,adr_label_4_2,1,uom.product_uom_kgm,"ORGANOMETALLIC SUBSTANCE, SOLID, SELF-HEATING","adr_packing_instruction_P002,adr_packing_instruction_IBC08",3,E,3400
adr_goods_3401,adr_class_4_3,W2,adr_label_4_3,,,"ALKALI METAL AMALGAM, SOLID",adr_packing_instruction_P403,1,B/E,3401
adr_goods_3402,adr_class_4_3,W2,adr_label_4_3,,,"ALKALINE  EARTH METAL AMALGAM, SOLID",adr_packing_instruction_P403,1,B/E,3402
adr_goods_3403,adr_class_4_3,W2,adr_label_4_3,,,"POTASSIUM METAL ALLOYS, SOLID",adr_packing_instruction_P403,1,B/E,3403
adr_goods_3404,adr_class_4_3,W2,adr_label_4_3,,,"POTASSIUM SODIUM ALLOYS, SOLID",adr_packing_instruction_P403,1,B/E,3404
adr_goods_3405_1L,adr_class_5_1,OT1,"adr_label_5_1,adr_label_6_1",1,uom.product_uom_litre,BARIUM CHLORATE SOLUTION,"adr_packing_instruction_P504,adr_packing_instruction_IBC02",2,E,3405
adr_goods_3405_5L,adr_class_5_1,OT1,"adr_label_5_1,adr_label_6_1",5,uom.product_uom_litre,BARIUM CHLORATE SOLUTION,"adr_packing_instruction_P001,adr_packing_instruction_IBC02",3,E,3405
adr_goods_3406_1L,adr_class_5_1,OT1,"adr_label_5_1,adr_label_6_1",1,uom.product_uom_litre,BARIUM PERCHLORATE  SOLUTION,"adr_packing_instruction_P504,adr_packing_instruction_IBC02",2,E,3406
adr_goods_3406_5L,adr_class_5_1,OT1,"adr_label_5_1,adr_label_6_1",5,uom.product_uom_litre,BARIUM PERCHLORATE  SOLUTION,"adr_packing_instruction_P001,adr_packing_instruction_IBC02",3,E,3406
adr_goods_3407_1L,adr_class_5_1,O1,adr_label_5_1,1,uom.product_uom_litre,CHLORATE AND MAGNESIUM CHLORIDE MIXTURE  SOLUTION,"adr_packing_instruction_P504,adr_packing_instruction_IBC02",2,E,3407
adr_goods_3407_5L,adr_class_5_1,O1,adr_label_5_1,5,uom.product_uom_litre,CHLORATE AND MAGNESIUM CHLORIDE MIXTURE  SOLUTION,"adr_packing_instruction_P504,adr_packing_instruction_IBC02",3,E,3407
adr_goods_3408_1L,adr_class_5_1,OT1,"adr_label_5_1,adr_label_6_1",1,uom.product_uom_litre,LEAD PERCHLORATE SOLUTION,"adr_packing_instruction_P504,adr_packing_instruction_IBC02",2,E,3408
adr_goods_3408_5L,adr_class_5_1,OT1,"adr_label_5_1,adr_label_6_1",5,uom.product_uom_litre,LEAD PERCHLORATE SOLUTION,"adr_packing_instruction_P001,adr_packing_instruction_IBC02",3,E,3408
adr_goods_3409,adr_class_6_1,T1,adr_label_6_1,100,uom.product_uom_milliliter,"CHLORONITROBENZENES, LIQUID","adr_packing_instruction_P001,adr_packing_instruction_IBC02",2,D/E,3409
adr_goods_3410,adr_class_6_1,T1,adr_label_6_1,5,uom.product_uom_litre,4-CHLORO-o-TOLUIDINE HYDROCHLORIDE  SOLUTION,"adr_packing_instruction_P001,adr_packing_instruction_IBC03,adr_packing_instruction_R001",2,E,3410
adr_goods_3411_100ml,adr_class_6_1,T1,adr_label_6_1,100,uom.product_uom_milliliter,beta-NAPHTHYLAMINE   SOLUTION,"adr_packing_instruction_P001,adr_packing_instruction_IBC02",2,D/E,3411
adr_goods_3411_5L,adr_class_6_1,T1,adr_label_6_1,5,uom.product_uom_litre,beta-NAPHTHYLAMINE   SOLUTION,"adr_packing_instruction_P001,adr_packing_instruction_IBC02",2,E,3411
adr_goods_3412_1L,adr_class_8,C3,adr_label_8,1,uom.product_uom_litre,FORMIC ACID with not less than 10% but not more than 85% acid by mass,"adr_packing_instruction_P001,adr_packing_instruction_IBC02",2,E,3412
adr_goods_3412_5L,adr_class_8,C3,adr_label_8,5,uom.product_uom_litre,FORMIC ACID with not less than 5% but less than 10% acid by mass,"adr_packing_instruction_P001,adr_packing_instruction_IBC03,adr_packing_instruction_LP01,adr_packing_instruction_R001",3,E,3412
adr_goods_3413,adr_class_6_1,T4,adr_label_6_1,,,POTASSIUM CYANIDE SOLUTION,adr_packing_instruction_P001,1,C/E,3413
adr_goods_3413_100ml,adr_class_6_1,T4,adr_label_6_1,100,uom.product_uom_milliliter,POTASSIUM CYANIDE SOLUTION,"adr_packing_instruction_P001,adr_packing_instruction_IBC02",2,D/E,3413
adr_goods_3413_5L,adr_class_6_1,T4,adr_label_6_1,5,uom.product_uom_litre,POTASSIUM CYANIDE SOLUTION,"adr_packing_instruction_P001,adr_packing_instruction_IBC03,adr_packing_instruction_LP01,adr_packing_instruction_R001",2,E,3413
adr_goods_3414,adr_class_6_1,T4,adr_label_6_1,,,SODIUM CYANIDE SOLUTION,adr_packing_instruction_P001,1,C/E,3414
adr_goods_3414_100ml,adr_class_6_1,T4,adr_label_6_1,100,uom.product_uom_milliliter,SODIUM CYANIDE SOLUTION,"adr_packing_instruction_P001,adr_packing_instruction_IBC02",2,D/E,3414
adr_goods_3414_5L,adr_class_6_1,T4,adr_label_6_1,5,uom.product_uom_litre,SODIUM CYANIDE SOLUTION,"adr_packing_instruction_P001,adr_packing_instruction_IBC03,adr_packing_instruction_LP01,adr_packing_instruction_R001",2,E,3414
adr_goods_3415,adr_class_6_1,T4,adr_label_6_1,5,uom.product_uom_litre,SODIUM FLUORIDE SOLUTION,"adr_packing_instruction_P001,adr_packing_instruction_IBC03,adr_packing_instruction_LP01,adr_packing_instruction_R001",2,E,3415
adr_goods_3416,adr_class_6_1,T1,adr_label_6_1,,,"CHLOROACETO-PHENONE, LIQUID","adr_packing_instruction_P001,adr_packing_instruction_IBC02",2,D/E,3416
adr_goods_3417,adr_class_6_1,T2,adr_label_6_1,,,"XYLYL BROMIDE, SOLID","adr_packing_instruction_P002,adr_packing_instruction_IBC08",2,D/E,3417
adr_goods_3418,adr_class_6_1,T1,adr_label_6_1,5,uom.product_uom_litre,"2,4-TOLUYLENEDIAMINE SOLUTION","adr_packing_instruction_P001,adr_packing_instruction_IBC03,adr_packing_instruction_LP01,adr_packing_instruction_R001",2,E,3418
adr_goods_3419,adr_class_8,C4,adr_label_8,1,uom.product_uom_kgm,"BORON TRIFLUORIDE ACETIC ACID COMPLEX, SOLID","adr_packing_instruction_P002,adr_packing_instruction_IBC08",2,E,3419
adr_goods_3420,adr_class_8,C4,adr_label_8,1,uom.product_uom_kgm,"BORON TRIFLUORIDE PROPIONIC ACID COMPLEX, SOLID","adr_packing_instruction_P002,adr_packing_instruction_IBC08",2,E,3420
adr_goods_3421_1L,adr_class_8,CT1,"adr_label_8,adr_label_6_1",1,uom.product_uom_litre,POTASSIUM HYDROGENDIFLUORIDE SOLUTION,"adr_packing_instruction_P001,adr_packing_instruction_IBC02",2,E,3421
adr_goods_3421_5L,adr_class_8,CT1,"adr_label_8,adr_label_6_1",5,uom.product_uom_litre,POTASSIUM HYDROGENDIFLUORIDE SOLUTION,"adr_packing_instruction_P001,adr_packing_instruction_IBC03,adr_packing_instruction_R001",3,E,3421
adr_goods_3422,adr_class_6_1,T4,adr_label_6_1,5,uom.product_uom_litre,POTASSIUM FLUORIDE SOLUTION,"adr_packing_instruction_P001,adr_packing_instruction_IBC03,adr_packing_instruction_LP01,adr_packing_instruction_R001",2,E,3422
adr_goods_3423,adr_class_8,C8,adr_label_8,1,uom.product_uom_kgm,"TETRAMETHYL-AMMONIUM HYDROXIDE, SOLID","adr_packing_instruction_P002,adr_packing_instruction_IBC08",2,E,3423
adr_goods_3424_100ml,adr_class_6_1,T1,adr_label_6_1,100,uom.product_uom_milliliter,AMMONIUM DINITRO-o-CRESOLATE SOLUTION,"adr_packing_instruction_P001,adr_packing_instruction_IBC02",2,D/E,3424
adr_goods_3424_5L,adr_class_6_1,T1,adr_label_6_1,5,uom.product_uom_litre,AMMONIUM DINITRO-o-CRESOLATE SOLUTION,"adr_packing_instruction_P001,adr_packing_instruction_IBC02",2,E,3424
adr_goods_3425,adr_class_8,C4,adr_label_8,1,uom.product_uom_kgm,"BROMOACETIC ACID, SOLID","adr_packing_instruction_P002,adr_packing_instruction_IBC08",2,E,3425
adr_goods_3426,adr_class_6_1,T1,adr_label_6_1,5,uom.product_uom_litre,ACRYLAMIDE SOLUTION,"adr_packing_instruction_P001,adr_packing_instruction_IBC03,adr_packing_instruction_LP01,adr_packing_instruction_R001",2,E,3426
adr_goods_3427,adr_class_6_1,T2,adr_label_6_1,5,uom.product_uom_kgm,"CHLOROBENZYL CHLORIDES, SOLID","adr_packing_instruction_P002,adr_packing_instruction_IBC08,adr_packing_instruction_LP02,adr_packing_instruction_R001",2,E,3427
adr_goods_3428,adr_class_6_1,T2,adr_label_6_1,500,uom.product_uom_gram,"3-CHLORO-4-METHYLPHENYL ISOCYANATE, SOLID","adr_packing_instruction_P002,adr_packing_instruction_IBC08",2,D/E,3428
adr_goods_3429,adr_class_6_1,T1,adr_label_6_1,5,uom.product_uom_litre,"CHLOROTOLUIDINES, LIQUID","adr_packing_instruction_P001,adr_packing_instruction_IBC03,adr_packing_instruction_LP01,adr_packing_instruction_R001",2,E,3429
adr_goods_3430,adr_class_6_1,T1,adr_label_6_1,100,uom.product_uom_milliliter,"XYLENOLS, LIQUID","adr_packing_instruction_P001,adr_packing_instruction_IBC02",2,D/E,3430
adr_goods_3431,adr_class_6_1,T2,adr_label_6_1,500,uom.product_uom_gram,"NITROBENZO-TRIFLUORIDES, SOLID","adr_packing_instruction_P002,adr_packing_instruction_IBC08",2,D/E,3431
adr_goods_3432,adr_class_9,M2,adr_label_9,1,uom.product_uom_kgm,"POLYCHLORINATED BIPHENYLS, SOLID","adr_packing_instruction_P906,adr_packing_instruction_IBC08",0,D/E,3432
adr_goods_3434,adr_class_6_1,T1,adr_label_6_1,5,uom.product_uom_litre,"NITROCRESOLS, LIQUID","adr_packing_instruction_P001,adr_packing_instruction_IBC03,adr_packing_instruction_LP01,adr_packing_instruction_R001",2,E,3434
adr_goods_3436,adr_class_6_1,T2,adr_label_6_1,500,uom.product_uom_gram,"HEXAFLUOROACETONE HYDRATE, SOLID","adr_packing_instruction_P002,adr_packing_instruction_IBC08",2,D/E,3436
adr_goods_3437,adr_class_6_1,T2,adr_label_6_1,500,uom.product_uom_gram,"CHLOROCRESOLS, SOLID","adr_packing_instruction_P002,adr_packing_instruction_IBC08",2,D/E,3437
adr_goods_3438,adr_class_6_1,T2,adr_label_6_1,5,uom.product_uom_kgm,"alpha-METHYLBENZYL ALCOHOL, SOLID","adr_packing_instruction_P002,adr_packing_instruction_IBC08,adr_packing_instruction_LP02,adr_packing_instruction_R001",2,E,3438
adr_goods_3439,adr_class_6_1,T2,adr_label_6_1,,,"NITRILES, SOLID, TOXIC, N.O.S.","adr_packing_instruction_P002,adr_packing_instruction_IBC07",1,C/E,3439
adr_goods_3439_500g,adr_class_6_1,T2,adr_label_6_1,500,uom.product_uom_gram,"NITRILES, SOLID, TOXIC, N.O.S.","adr_packing_instruction_P002,adr_packing_instruction_IBC08",2,D/E,3439
adr_goods_3439_5kg,adr_class_6_1,T2,adr_label_6_1,5,uom.product_uom_kgm,"NITRILES, SOLID, TOXIC, N.O.S.","adr_packing_instruction_P002,adr_packing_instruction_IBC08,adr_packing_instruction_LP02,adr_packing_instruction_R001",2,E,3439
adr_goods_3440,adr_class_6_1,T4,adr_label_6_1,,,"SELENIUM COMPOUND, LIQUID, N.O.S.",adr_packing_instruction_P001,1,C/E,3440
adr_goods_3440_100ml,adr_class_6_1,T4,adr_label_6_1,100,uom.product_uom_milliliter,"SELENIUM COMPOUND, LIQUID, N.O.S.","adr_packing_instruction_P001,adr_packing_instruction_IBC02",2,D/E,3440
adr_goods_3440_5L,adr_class_6_1,T4,adr_label_6_1,5,uom.product_uom_litre,"SELENIUM COMPOUND, LIQUID, N.O.S.","adr_packing_instruction_P001,adr_packing_instruction_IBC03,adr_packing_instruction_R001",2,E,3440
adr_goods_3441,adr_class_6_1,T2,adr_label_6_1,500,uom.product_uom_gram,"CHLORODINITROBENZENES, SOLID","adr_packing_instruction_P002,adr_packing_instruction_IBC08",2,D/E,3441
adr_goods_3442,adr_class_6_1,T2,adr_label_6_1,500,uom.product_uom_gram,"DICHLOROANILINES, SOLID","adr_packing_instruction_P002,adr_packing_instruction_IBC08",2,D/E,3442
adr_goods_3443,adr_class_6_1,T2,adr_label_6_1,500,uom.product_uom_gram,"DINITROBENZENES, SOLID","adr_packing_instruction_P002,adr_packing_instruction_IBC08",2,D/E,3443
adr_goods_3444,adr_class_6_1,T2,adr_label_6_1,500,uom.product_uom_gram,"NICOTINE HYDROCHLORIDE, SOLID","adr_packing_instruction_P002,adr_packing_instruction_IBC08",2,D/E,3444
adr_goods_3445,adr_class_6_1,T2,adr_label_6_1,500,uom.product_uom_gram,"NICOTINE SULPHATE, SOLID","adr_packing_instruction_P002,adr_packing_instruction_IBC08",2,D/E,3445
adr_goods_3446,adr_class_6_1,T2,adr_label_6_1,500,uom.product_uom_gram,"NITROTOLUENES, SOLID","adr_packing_instruction_P002,adr_packing_instruction_IBC08",2,D/E,3446
adr_goods_3447,adr_class_6_1,T2,adr_label_6_1,500,uom.product_uom_gram,"NITROXYLENES, SOLID","adr_packing_instruction_P002,adr_packing_instruction_IBC08",2,D/E,3447
adr_goods_3448_T2_6dot1_274_P002_1,adr_class_6_1,T2,adr_label_6_1,,,"TEAR GAS SUBSTANCE, SOLID, N.O.S.",adr_packing_instruction_P002,1,C/E,3448
adr_goods_3448_T2_6dot1_274_P002/IBC08_2,adr_class_6_1,T2,adr_label_6_1,,,"TEAR GAS SUBSTANCE, SOLID, N.O.S.","adr_packing_instruction_P002,adr_packing_instruction_IBC08",2,D/E,3448
adr_goods_3449,adr_class_6_1,T2,adr_label_6_1,,,"BROMOBENZYL CYANIDES, SOLID",adr_packing_instruction_P002,1,C/E,3449
adr_goods_3450,adr_class_6_1,T3,adr_label_6_1,,,"DIPHENYLCHLORO-ARSINE, SOLID","adr_packing_instruction_P002,adr_packing_instruction_IBC07",1,C/E,3450
adr_goods_3451,adr_class_6_1,T2,adr_label_6_1,500,uom.product_uom_gram,"TOLUIDINES, SOLID","adr_packing_instruction_P002,adr_packing_instruction_IBC08",2,D/E,3451
adr_goods_3452,adr_class_6_1,T2,adr_label_6_1,500,uom.product_uom_gram,"XYLIDINES, SOLID","adr_packing_instruction_P002,adr_packing_instruction_IBC08",2,D/E,3452
adr_goods_3453,adr_class_8,C2,adr_label_8,5,uom.product_uom_kgm,"PHOSPHORIC ACID, SOLID","adr_packing_instruction_P002,adr_packing_instruction_IBC08,adr_packing_instruction_LP02,adr_packing_instruction_R001",3,E,3453
adr_goods_3454,adr_class_6_1,T2,adr_label_6_1,500,uom.product_uom_gram,"DINITROTOLUENES, SOLID","adr_packing_instruction_P002,adr_packing_instruction_IBC08",2,D/E,3454
adr_goods_3455,adr_class_6_1,TC2,"adr_label_6_1,adr_label_8",500,uom.product_uom_gram,"CRESOLS, SOLID","adr_packing_instruction_P002,adr_packing_instruction_IBC08",2,D/E,3455
adr_goods_3456,adr_class_8,C2,adr_label_8,1,uom.product_uom_kgm,"NITROSYLSULPHURIC ACID, SOLID","adr_packing_instruction_P002,adr_packing_instruction_IBC08",2,E,3456
adr_goods_3457,adr_class_6_1,T2,adr_label_6_1,5,uom.product_uom_kgm,"CHLORONITROTOLUENES, SOLID","adr_packing_instruction_P002,adr_packing_instruction_IBC08,adr_packing_instruction_LP02,adr_packing_instruction_R001",2,E,3457
adr_goods_3458,adr_class_6_1,T2,adr_label_6_1,5,uom.product_uom_kgm,"NITROANISOLES, SOLID","adr_packing_instruction_P002,adr_packing_instruction_IBC08,adr_packing_instruction_LP02,adr_packing_instruction_R001",2,E,3458
adr_goods_3459,adr_class_6_1,T2,adr_label_6_1,5,uom.product_uom_kgm,"NITROBROMOBENZENES, SOLID","adr_packing_instruction_P002,adr_packing_instruction_IBC08,adr_packing_instruction_LP02,adr_packing_instruction_R001",2,E,3459
adr_goods_3460,adr_class_6_1,T2,adr_label_6_1,5,uom.product_uom_kgm,"N-ETHYLBENZYL-TOLUIDINES, SOLID","adr_packing_instruction_P002,adr_packing_instruction_IBC08,adr_packing_instruction_LP02,adr_packing_instruction_R001",2,E,3460
adr_goods_3462,adr_class_6_1,T2,adr_label_6_1,,,"TOXINS, EXTRACTED FROM LIVING SOURCES, SOLID, N.O.S.","adr_packing_instruction_P002,adr_packing_instruction_IBC07",1,C/E,3462
adr_goods_3462_500g,adr_class_6_1,T2,adr_label_6_1,500,uom.product_uom_gram,"TOXINS, EXTRACTED FROM LIVING SOURCES, SOLID, N.O.S.","adr_packing_instruction_P002,adr_packing_instruction_IBC08",2,D/E,3462
adr_goods_3462_5kg,adr_class_6_1,T2,adr_label_6_1,5,uom.product_uom_kgm,"TOXINS, EXTRACTED FROM LIVING SOURCES, SOLID, N.O.S.","adr_packing_instruction_P002,adr_packing_instruction_IBC08,adr_packing_instruction_R001",2,E,3462
adr_goods_3463,adr_class_8,CF1,"adr_label_8,adr_label_3",1,uom.product_uom_litre,PROPIONIC ACID with not less than 90% acid by mass,"adr_packing_instruction_P001,adr_packing_instruction_IBC02",2,D/E,3463
adr_goods_3464,adr_class_6_1,T2,adr_label_6_1,,,"ORGANOPHOSPHORUS COMPOUND, SOLID, TOXIC, N.O.S.","adr_packing_instruction_P002,adr_packing_instruction_IBC07",1,C/E,3464
adr_goods_3464_500g,adr_class_6_1,T2,adr_label_6_1,500,uom.product_uom_gram,"ORGANOPHOSPHORUS COMPOUND, SOLID, TOXIC, N.O.S.","adr_packing_instruction_P002,adr_packing_instruction_IBC08",2,D/E,3464
adr_goods_3464_5kg,adr_class_6_1,T2,adr_label_6_1,5,uom.product_uom_kgm,"ORGANOPHOSPHORUS COMPOUND, SOLID, TOXIC, N.O.S.","adr_packing_instruction_P002,adr_packing_instruction_IBC08,adr_packing_instruction_LP02,adr_packing_instruction_R001",2,E,3464
adr_goods_3465,adr_class_6_1,T3,adr_label_6_1,,,"ORGANOARSENIC COMPOUND, SOLID, N.O.S.","adr_packing_instruction_P002,adr_packing_instruction_IBC07",1,C/E,3465
adr_goods_3465_500g,adr_class_6_1,T3,adr_label_6_1,500,uom.product_uom_gram,"ORGANOARSENIC COMPOUND, SOLID, N.O.S.","adr_packing_instruction_P002,adr_packing_instruction_IBC08",2,D/E,3465
adr_goods_3465_5kg,adr_class_6_1,T3,adr_label_6_1,5,uom.product_uom_kgm,"ORGANOARSENIC COMPOUND, SOLID, N.O.S.","adr_packing_instruction_P002,adr_packing_instruction_IBC08,adr_packing_instruction_LP02,adr_packing_instruction_R001",2,E,3465
adr_goods_3466,adr_class_6_1,T3,adr_label_6_1,,,"METAL CARBONYLS,  SOLID, N.O.S.","adr_packing_instruction_P002,adr_packing_instruction_IBC07",1,C/E,3466
adr_goods_3466_500g,adr_class_6_1,T3,adr_label_6_1,500,uom.product_uom_gram,"METAL CARBONYLS,  SOLID, N.O.S.","adr_packing_instruction_P002,adr_packing_instruction_IBC08",2,D/E,3466
adr_goods_3466_5kg,adr_class_6_1,T3,adr_label_6_1,5,uom.product_uom_kgm,"METAL CARBONYLS,  SOLID, N.O.S.","adr_packing_instruction_P002,adr_packing_instruction_IBC08,adr_packing_instruction_LP02,adr_packing_instruction_R001",2,E,3466
adr_goods_3467,adr_class_6_1,T3,adr_label_6_1,,,"ORGANOMETALLIC COMPOUND, SOLID, TOXIC, N.O.S.","adr_packing_instruction_P002,adr_packing_instruction_IBC07",1,C/E,3467
adr_goods_3467_500g,adr_class_6_1,T3,adr_label_6_1,500,uom.product_uom_gram,"ORGANOMETALLIC COMPOUND, SOLID, TOXIC, N.O.S.","adr_packing_instruction_P002,adr_packing_instruction_IBC08",2,D/E,3467
adr_goods_3467_5kg,adr_class_6_1,T3,adr_label_6_1,5,uom.product_uom_kgm,"ORGANOMETALLIC COMPOUND, SOLID, TOXIC, N.O.S.","adr_packing_instruction_P002,adr_packing_instruction_IBC08,adr_packing_instruction_LP02,adr_packing_instruction_R001",2,E,3467
adr_goods_3468,adr_class_2,1F,adr_label_2_1,,,HYDROGEN IN A METAL HYDRIDE STORAGE SYSTEM or HYDROGEN IN A METAL HYDRIDE STORAGE SYSTEM CONTAINED IN EQUIPMENT or HYDROGEN IN A METAL HYDRIDE STORAGE SYSTEM PACKED WITH EQUIPMENT,adr_packing_instruction_P205,2,D,3468
adr_goods_3469,adr_class_3,FC,"adr_label_3,adr_label_8",,,"PAINT, FLAMMABLE, CORROSIVE (including paint, lacquer, enamel, stain, shellac, varnish, polish, liquid filler and liquid lacquer base) or PAINT RELATED MATERIAL, FLAMMABLE, CORROSIVE (including paint thinning and reducing compound)",adr_packing_instruction_P001,1,C/E,3469
adr_goods_3469_1L,adr_class_3,FC,"adr_label_3,adr_label_8",1,uom.product_uom_litre,"PAINT, FLAMMABLE, CORROSIVE (including paint, lacquer, enamel, stain, shellac, varnish, polish, liquid filler and liquid lacquer base) or PAINT RELATED MATERIAL, FLAMMABLE, CORROSIVE (including paint thinning and reducing compound)","adr_packing_instruction_P001,adr_packing_instruction_IBC02",2,D/E,3469
adr_goods_3469_5L,adr_class_3,FC,"adr_label_3,adr_label_8",5,uom.product_uom_litre,"PAINT, FLAMMABLE, CORROSIVE (including paint, lacquer, enamel, stain, shellac, varnish, polish, liquid filler and liquid lacquer base) or PAINT RELATED MATERIAL, FLAMMABLE, CORROSIVE (including paint thinning and reducing compound)","adr_packing_instruction_P001,adr_packing_instruction_IBC03,adr_packing_instruction_R001",3,D/E,3469
adr_goods_3470,adr_class_8,CF1,"adr_label_8,adr_label_3",1,uom.product_uom_litre,"PAINT, CORROSIVE, FLAMMABLE (including paint, lacquer, enamel, stain, shellac, varnish, polish, liquid filler and liquid lacquer base) or PAINT RELATED MATERIAL, CORROSIVE, FLAMMABLE (including paint thinning and reducing compound)","adr_packing_instruction_P001,adr_packing_instruction_IBC02",2,D/E,3470
adr_goods_3471_1L,adr_class_8,CT1,"adr_label_8,adr_label_6_1",1,uom.product_uom_litre,"HYDROGENDIFLUORIDES SOLUTION, N.O.S.","adr_packing_instruction_P001,adr_packing_instruction_IBC02",2,E,3471
adr_goods_3471_5L,adr_class_8,CT1,"adr_label_8,adr_label_6_1",5,uom.product_uom_litre,"HYDROGENDIFLUORIDES SOLUTION, N.O.S.","adr_packing_instruction_P001,adr_packing_instruction_IBC03,adr_packing_instruction_R001",3,E,3471
adr_goods_3472,adr_class_8,C3,adr_label_8,5,uom.product_uom_litre,"CROTONIC ACID, LIQUID","adr_packing_instruction_P001,adr_packing_instruction_IBC03,adr_packing_instruction_LP01,adr_packing_instruction_R001",3,E,3472
adr_goods_3473,adr_class_3,F3,adr_label_3,1,uom.product_uom_litre,FUEL CELL CARTRIDGES or FUEL CELL CARTRIDGES CONTAINED IN EQUIPMENT or FUEL CELL CARTRIDGES PACKED WITH EQUIPMENT containing flammable liquids,adr_packing_instruction_P004,3,E,3473
adr_goods_3474,adr_class_4_1,D,adr_label_4_1,,,1‑HYDROXYBENZOTRIAZOLE MONOHYDRATE,adr_packing_instruction_P406,1,B,3474
adr_goods_3475,adr_class_3,F1,adr_label_3,1,uom.product_uom_litre,"ETHANOL AND GASOLINE MIXTURE or ETHANOL AND MOTOR SPIRIT MIXTURE or ETHANOL AND PETROL MIXTURE, with more than 10% ethanol","adr_packing_instruction_P001,adr_packing_instruction_IBC02",2,D/E,3475
adr_goods_3476,adr_class_4_3,W3,adr_label_4_3,500,uom.product_uom_milliliter,"FUEL CELL CARTRIDGES or FUEL CELL CARTRIDGES CONTAINED IN EQUIPMENT or FUEL CELL CARTRIDGES PACKED WITH EQUIPMENT, containing water-reactive substances",adr_packing_instruction_P004,3,E,3476
adr_goods_3477,adr_class_8,C11,adr_label_8,1,uom.product_uom_litre,"FUEL CELL CARTRIDGES or FUEL CELL CARTRIDGES CONTAINED IN EQUIPMENT or FUEL CELL CARTRIDGES PACKED WITH EQUIPMENT, containing corrosive substances",adr_packing_instruction_P004,3,E,3477
adr_goods_3478,adr_class_2,6F,adr_label_2_1,120,uom.product_uom_milliliter,"FUEL CELL CARTRIDGES or FUEL CELL CARTRIDGES CONTAINED IN EQUIPMENT or FUEL CELL CARTRIDGES PACKED WITH EQUIPMENT, containing liquefied flammable gas",adr_packing_instruction_P004,2,D,3478
adr_goods_3479,adr_class_2,6F,adr_label_2_1,120,uom.product_uom_milliliter,"FUEL CELL CARTRIDGES or FUEL CELL CARTRIDGES CONTAINED IN EQUIPMENT or FUEL CELL CARTRIDGES PACKED WITH EQUIPMENT, containing hydrogen in metal hydride",adr_packing_instruction_P004,2,D,3479
adr_goods_3480,adr_class_9,M4,adr_label_9A,,,LITHIUM ION BATTERIES (including lithium ion polymer batteries),"adr_packing_instruction_P903,adr_packing_instruction_P908,adr_packing_instruction_P909,adr_packing_instruction_P910,adr_packing_instruction_P911,adr_packing_instruction_LP903,adr_packing_instruction_LP904,adr_packing_instruction_LP905,adr_packing_instruction_LP906",2,E,3480
adr_goods_3481,adr_class_9,M4,adr_label_9A,,,LITHIUM ION BATTERIES CONTAINED IN EQUIPMENT or LITHIUM ION BATTERIES PACKED WITH EQUIPMENT (including lithium ion polymer batteries),"adr_packing_instruction_P903,adr_packing_instruction_P908,adr_packing_instruction_P909,adr_packing_instruction_P910,adr_packing_instruction_P911,adr_packing_instruction_LP903,adr_packing_instruction_LP904,adr_packing_instruction_LP905,adr_packing_instruction_LP906",2,E,3481
adr_goods_3482,adr_class_4_3,WF1,"adr_label_4_3,adr_label_3",,,"ALKALI METAL DISPERSION, FLAMMABLE or ALKALINE EARTH METAL DISPERSION, FLAMMABLE",adr_packing_instruction_P402,1,B/E,3482
adr_goods_3483,adr_class_6_1,TF1,"adr_label_6_1,adr_label_3",,,"MOTOR FUEL ANTI-KNOCK MIXTURE, FLAMMABLE",adr_packing_instruction_P602,1,C/D,3483
adr_goods_3484,adr_class_8,CFT,"adr_label_8,adr_label_3,adr_label_6_1",,,"HYDRAZINE AQUEOUS SOLUTION, FLAMMABLE with more than 37% hydrazine, by mass",adr_packing_instruction_P001,1,C/D,3484
adr_goods_3485,adr_class_5_1,OC2,"adr_label_5_1,adr_label_8",1,uom.product_uom_kgm,"CALCIUM HYPOCHLORITE, DRY, CORROSIVE or CALCIUM HYPOCHLORITE MIXTURE, DRY, CORROSIVE with more than 39% available chlorine (8.8% available oxygen)","adr_packing_instruction_P002,adr_packing_instruction_IBC08",2,E,3485
adr_goods_3486,adr_class_5_1,OC2,"adr_label_5_1,adr_label_8",5,uom.product_uom_kgm,"CALCIUM HYPOCHLORITE MIXTURE, DRY, CORROSIVE with more than 10% but not more than 39% available chlorine","adr_packing_instruction_P002,adr_packing_instruction_IBC08,adr_packing_instruction_LP02,adr_packing_instruction_R001",3,E,3486
adr_goods_3487_1kg,adr_class_5_1,OC2,"adr_label_5_1,adr_label_8",1,uom.product_uom_kgm,"CALCIUM HYPOCHLORITE, HYDRATED, CORROSIVE or CALCIUM HYPOCHLORITE, HYDRATED MIXTURE, CORROSIVE with not less than 5.5% but not more than 16% water","adr_packing_instruction_P002,adr_packing_instruction_IBC08",2,E,3487
adr_goods_3487_5kg,adr_class_5_1,OC2,"adr_label_5_1,adr_label_8",5,uom.product_uom_kgm,"CALCIUM HYPOCHLORITE, HYDRATED, CORROSIVE or CALCIUM HYPOCHLORITE, HYDRATED MIXTURE, CORROSIVE with not less than 5.5% but not more than 16% water","adr_packing_instruction_P002,adr_packing_instruction_IBC08,adr_packing_instruction_R001",3,E,3487
adr_goods_3488,adr_class_6_1,TFC,"adr_label_6_1,adr_label_3,adr_label_8",,,"TOXIC BY INHALATION LIQUID, FLAMMABLE, CORROSIVE, N.O.S. with an LC50 lower than or equal to 200 ml/m³ and saturated vapour concentration greater than or equal to 500 LC50",adr_packing_instruction_P601,1,C/D,3488
adr_goods_3489,adr_class_6_1,TFC,"adr_label_6_1,adr_label_3,adr_label_8",,,"TOXIC BY INHALATION LIQUID, FLAMMABLE, CORROSIVE, N.O.S. with an LC50 lower than or equal to 1000 ml/m³ and saturated vapour concentration greater than or equal to 10 LC50",adr_packing_instruction_P602,1,C/D,3489
adr_goods_3490,adr_class_6_1,TFW,"adr_label_6_1,adr_label_3,adr_label_4_3",,,"TOXIC BY INHALATION LIQUID, WATER-REACTIVE, FLAMMABLE, N.O.S. with an LC50 lower than or equal to 200 ml/m³ and saturated vapour concentration greater than or equal to 500 LC50",adr_packing_instruction_P601,1,C/D,3490
adr_goods_3491,adr_class_6_1,TFW,"adr_label_6_1,adr_label_3,adr_label_4_3",,,"TOXIC BY INHALATION LIQUID, WATER-REACTIVE, FLAMMABLE, N.O.S. with an LC50 lower than or equal to 1000 ml/m³ and saturated vapour concentration greater than or equal to 10 LC50",adr_packing_instruction_P602,1,C/D,3491
adr_goods_3494,adr_class_3,FT1,"adr_label_3,adr_label_6_1",,,"PETROLEUM SOUR CRUDE OIL, FLAMMABLE, TOXIC",adr_packing_instruction_P001,1,C/E,3494
adr_goods_3494_1L,adr_class_3,FT1,"adr_label_3,adr_label_6_1",1,uom.product_uom_litre,"PETROLEUM SOUR CRUDE OIL, FLAMMABLE, TOXIC","adr_packing_instruction_P001,adr_packing_instruction_IBC02",2,D/E,3494
adr_goods_3494_5L,adr_class_3,FT1,"adr_label_3,adr_label_6_1",5,uom.product_uom_litre,"PETROLEUM SOUR CRUDE OIL, FLAMMABLE, TOXIC","adr_packing_instruction_P001,adr_packing_instruction_IBC03,adr_packing_instruction_R001",3,D/E,3494
adr_goods_3495,adr_class_8,CT2,"adr_label_8,adr_label_6_1",5,uom.product_uom_kgm,IODINE,"adr_packing_instruction_P002,adr_packing_instruction_IBC08,adr_packing_instruction_R001",3,E,3495
adr_goods_3496,adr_class_9,M11,,,,"Batteries, nickel-metal hydride",,NOT_SUBJECT_TO_ADR,NOT_SUBJECT_TO_ADR,3496
adr_goods_3497_S2_4dot2_300_P410/IBC06_2,adr_class_4_2,S2,adr_label_4_2,,,KRILL MEAL,"adr_packing_instruction_P410,adr_packing_instruction_IBC06",2,D/E,3497
adr_goods_3497_S2_4dot2_300_P002/IBC08/LP02/R001_3,adr_class_4_2,S2,adr_label_4_2,,,KRILL MEAL,"adr_packing_instruction_P002,adr_packing_instruction_IBC08,adr_packing_instruction_LP02,adr_packing_instruction_R001",3,E,3497
adr_goods_3498,adr_class_8,C1,adr_label_8,1,uom.product_uom_litre,"IODINE MONOCHLORIDE, LIQUID","adr_packing_instruction_P001,adr_packing_instruction_IBC02",2,E,3498
adr_goods_3499,adr_class_9,M11,adr_label_9,,,"CAPACITOR, ELECTRIC DOUBLE LAYER (with an energy storage capacity greater than 0.3Wh)",adr_packing_instruction_P003,4,E,3499
adr_goods_3500,adr_class_2,8A,adr_label_2_2,,,"CHEMICAL UNDER PRESSURE, N.O.S.",adr_packing_instruction_P206,3,C/E,3500
adr_goods_3501,adr_class_2,8F,adr_label_2_1,,,"CHEMICAL UNDER PRESSURE, FLAMMABLE, N.O.S.",adr_packing_instruction_P206,2,B/D,3501
adr_goods_3502,adr_class_2,8T,"adr_label_2_2,adr_label_6_1",,,"CHEMICAL UNDER PRESSURE, TOXIC, N.O.S.",adr_packing_instruction_P206,1,C/D,3502
adr_goods_3503,adr_class_2,8C,"adr_label_2_2,adr_label_8",,,"CHEMICAL UNDER PRESSURE, CORROSIVE, N.O.S.",adr_packing_instruction_P206,1,C/D,3503
adr_goods_3504,adr_class_2,8TF,"adr_label_2_1,adr_label_6_1",,,"CHEMICAL UNDER PRESSURE, FLAMMABLE, TOXIC, N.O.S.",adr_packing_instruction_P206,1,B/D,3504
adr_goods_3505,adr_class_2,8FC,"adr_label_2_1,adr_label_8",,,"CHEMICAL UNDER PRESSURE, FLAMMABLE, CORROSIVE, N.O.S.",adr_packing_instruction_P206,1,B/D,3505
adr_goods_3506,adr_class_8,CT3,"adr_label_8,adr_label_6_1",5,uom.product_uom_kgm,MERCURY CONTAINED IN MANUFACTURED ARTICLES,adr_packing_instruction_P003,3,E,3506
adr_goods_3507,adr_class_6_1,,"adr_label_6_1,adr_label_8",,,"URANIUM HEXAFLUORIDE, RADIOACTIVE MATERIAL, EXCEPTED PACKAGE, less than 0.1 kg per package, non-fissile or fissile-excepted",adr_packing_instruction_P603,1,D,3507
adr_goods_3508,adr_class_9,M11,adr_label_9,,,"CAPACITOR, ASYMMETRIC (with an energy storage capacity greater than 0.3Wh)",adr_packing_instruction_P003,4,E,3508
adr_goods_3509,adr_class_9,M11,adr_label_9,,,"PACKAGINGS, DISCARDED, EMPTY, UNCLEANED","adr_packing_instruction_P003,adr_packing_instruction_IBC08,adr_packing_instruction_LP02",4,E,3509
adr_goods_3510,adr_class_2,9F,adr_label_2_1,,,"ADSORBED GAS, FLAMMABLE, N.O.S.",adr_packing_instruction_P208,2,D,3510
adr_goods_3511,adr_class_2,9A,adr_label_2_2,,,"ADSORBED GAS, N.O.S.",adr_packing_instruction_P208,3,E,3511
adr_goods_3512,adr_class_2,9T,adr_label_2_3,,,"ADSORBED GAS, TOXIC, N.O.S.",adr_packing_instruction_P208,1,D,3512
adr_goods_3513,adr_class_2,9O,"adr_label_2_2,adr_label_5_1",,,"ADSORBED GAS, OXIDIZING, N.O.S.",adr_packing_instruction_P208,3,E,3513
adr_goods_3514,adr_class_2,9TF,"adr_label_2_3,adr_label_2_1",,,"ADSORBED GAS, TOXIC, FLAMMABLE, N.O.S.",adr_packing_instruction_P208,1,D,3514
adr_goods_3515,adr_class_2,9TO,"adr_label_2_3,adr_label_5_1",,,"ADSORBED GAS, TOXIC, OXIDIZING, N.O.S.",adr_packing_instruction_P208,1,D,3515
adr_goods_3516,adr_class_2,9TC,"adr_label_2_3,adr_label_8",,,"ADSORBED GAS, TOXIC, CORROSIVE, N.O.S.",adr_packing_instruction_P208,1,D,3516
adr_goods_3517,adr_class_2,9TFC,"adr_label_2_3,adr_label_2_1,adr_label_8",,,"ADSORBED GAS, TOXIC, FLAMMABLE, CORROSIVE, N.O.S.",adr_packing_instruction_P208,1,D,3517
adr_goods_3518,adr_class_2,9TOC,"adr_label_2_3,adr_label_5_1,adr_label_8",,,"ADSORBED GAS, TOXIC, OXIDIZING, CORROSIVE, N.O.S.",adr_packing_instruction_P208,1,D,3518
adr_goods_3519,adr_class_2,9TC,"adr_label_2_3,adr_label_8",,,"BORON TRIFLUORIDE, ADSORBED",adr_packing_instruction_P208,1,D,3519
adr_goods_3520,adr_class_2,9TOC,"adr_label_2_3,adr_label_5_1,adr_label_8",,,"CHLORINE, ADSORBED",adr_packing_instruction_P208,1,D,3520
adr_goods_3521,adr_class_2,9TC,"adr_label_2_3,adr_label_8",,,"SILICON TETRAFLUORIDE, ADSORBED",adr_packing_instruction_P208,1,D,3521
adr_goods_3522,adr_class_2,9TF,"adr_label_2_3,adr_label_2_1",,,"ARSINE, ADSORBED",adr_packing_instruction_P208,1,D,3522
adr_goods_3523,adr_class_2,9TF,"adr_label_2_3,adr_label_2_1",,,"GERMANE, ADSORBED",adr_packing_instruction_P208,1,D,3523
adr_goods_3524,adr_class_2,9TC,"adr_label_2_3,adr_label_8",,,"PHOSPHORUS PENTAFLUORIDE, ADSORBED",adr_packing_instruction_P208,1,D,3524
adr_goods_3525,adr_class_2,9TF,"adr_label_2_3,adr_label_2_1",,,"PHOSPHINE, ADSORBED",adr_packing_instruction_P208,1,D,3525
adr_goods_3526,adr_class_2,9TF,"adr_label_2_3,adr_label_2_1",,,"HYDROGEN SELENIDE, ADSORBED",adr_packing_instruction_P208,1,D,3526
adr_goods_3527_F4_4dot1_236/340_5kg_P412_2,adr_class_4_1,F4,adr_label_4_1,5,uom.product_uom_kgm,"POLYESTER RESIN KIT, solid base material",adr_packing_instruction_P412,2,E,3527
adr_goods_3527_F4_4dot1_236/340_5kg_P412_3,adr_class_4_1,F4,adr_label_4_1,5,uom.product_uom_kgm,"POLYESTER RESIN KIT, solid base material",adr_packing_instruction_P412,3,E,3527
adr_goods_3528,adr_class_3,F3,adr_label_3,,,"ENGINE, INTERNAL COMBUSTION, FLAMMABLE LIQUID POWERED or ENGINE, FUEL CELL, FLAMMABLE LIQUID POWERED or MACHINERY, INTERNAL COMBUSTION, FLAMMABLE LIQUID POWERED or MACHINERY, FUEL CELL, FLAMMABLE LIQUID POWERED",adr_packing_instruction_P005,-,D,3528
adr_goods_3529,adr_class_2,6F,adr_label_2_1,,,"ENGINE, INTERNAL COMBUSTION, FLAMMABLE GAS POWERED or ENGINE, FUEL CELL, FLAMMABLE GAS POWERED or MACHINERY, INTERNAL COMBUSTION, FLAMMABLE GAS POWERED or MACHINERY, FUEL CELL, FLAMMABLE GAS POWERED",adr_packing_instruction_P005,-,B,3529
adr_goods_3530,adr_class_9,M11,adr_label_9,,,"ENGINE, INTERNAL COMBUSTION or MACHINERY, INTERNAL COMBUSTION",adr_packing_instruction_P005,-,E,3530
adr_goods_3531,adr_class_4_1,PM1,adr_label_4_1,,,"POLYMERIZING SUBSTANCE, SOLID, STABILIZED, N.O.S.","adr_packing_instruction_P002,adr_packing_instruction_IBC07",2,D,3531
adr_goods_3532,adr_class_4_1,PM1,adr_label_4_1,,,"POLYMERIZING SUBSTANCE, LIQUID, STABILIZED, N.O.S","adr_packing_instruction_P001,adr_packing_instruction_IBC03",2,D,3532
adr_goods_3533,adr_class_4_1,PM2,adr_label_4_1,,,"POLYMERIZING SUBSTANCE, SOLID, TEMPERATURE CONTROLLED, N.O.S.","adr_packing_instruction_P002,adr_packing_instruction_IBC07",1,D,3533
adr_goods_3534,adr_class_4_1,PM2,adr_label_4_1,,,"POLYMERIZING SUBSTANCE, LIQUID, TEMPERATURE CONTROLLED, N.O.S.","adr_packing_instruction_P001,adr_packing_instruction_IBC03",1,D,3534
adr_goods_3535,adr_class_6_1,TF3,"adr_label_6_1,adr_label_4_1",,,"TOXIC SOLID, FLAMMABLE, INORGANIC, N.O.S.","adr_packing_instruction_P002,adr_packing_instruction_IBC99",1,C/E,3535
adr_goods_3535_500g,adr_class_6_1,TF3,"adr_label_6_1,adr_label_4_1",500,uom.product_uom_gram,"TOXIC SOLID, FLAMMABLE, INORGANIC, N.O.S.","adr_packing_instruction_P002,adr_packing_instruction_IBC08",2,D/E,3535
adr_goods_3536,adr_class_9,M4,adr_label_9,,,LITHIUM BATTERIES INSTALLED IN CARGO TRANSPORT UNIT lithium ion batteries or lithium metal batteries,,-,E,3536
adr_goods_3537,adr_class_2,6F,adr_label_2_1,,,"ARTICLES CONTAINING FLAMMABLE GAS, N.O.S.","adr_packing_instruction_P006,adr_packing_instruction_LP03",4,E,3537
adr_goods_3538,adr_class_2,6A,adr_label_2_2,,,"ARTICLES CONTAINING NON-FLAMMABLE, NON TOXIC GAS, N.O.S.","adr_packing_instruction_P006,adr_packing_instruction_LP03",4,E,3538
adr_goods_3539,adr_class_2,6T,adr_label_2_3,,,"ARTICLES CONTAINING TOXIC GAS, N.O.S.","adr_packing_instruction_P006,adr_packing_instruction_LP03",4,E,3539
adr_goods_3540,adr_class_3,F3,adr_label_3,,,"ARTICLES CONTAINING FLAMMABLE LIQUID, N.O.S.","adr_packing_instruction_P006,adr_packing_instruction_LP03",4,E,3540
adr_goods_3541,adr_class_4_1,F4,adr_label_4_1,,,"ARTICLES CONTAINING FLAMMABLE SOLID, N.O.S.","adr_packing_instruction_P006,adr_packing_instruction_LP03",4,E,3541
adr_goods_3542,adr_class_4_2,S6,adr_label_4_2,,,"ARTICLES CONTAINING A SUBSTANCE LIABLE TO SPONTANEOUS COMBUSTION, N.O.S.","adr_packing_instruction_P006,adr_packing_instruction_LP03",4,E,3542
adr_goods_3543,adr_class_4_3,W3,adr_label_4_3,,,"ARTICLES CONTAINING A SUBSTANCE WHICH IN CONTACT WITH WATER EMITS FLAMMABLE GASES, N.O.S.","adr_packing_instruction_P006,adr_packing_instruction_LP03",4,E,3543
adr_goods_3544,adr_class_5_1,O3,adr_label_5_1,,,"ARTICLES CONTAINING OXIDIZING SUBSTANCE, N.O.S.","adr_packing_instruction_P006,adr_packing_instruction_LP03",4,E,3544
adr_goods_3545,adr_class_5_2,P1,adr_label_5_2,,,"ARTICLES CONTAINING ORGANIC PEROXIDE, N.O.S.","adr_packing_instruction_P006,adr_packing_instruction_LP03",4,E,3545
adr_goods_3546,adr_class_6_1,T10,adr_label_6_1,,,"ARTICLES CONTAINING TOXIC SUBSTANCE, N.O.S.","adr_packing_instruction_P006,adr_packing_instruction_LP03",4,E,3546
adr_goods_3547,adr_class_8,C11,adr_label_8,,,"ARTICLES CONTAINING CORROSIVE SUBSTANCE, N.O.S.","adr_packing_instruction_P006,adr_packing_instruction_LP03",4,E,3547
adr_goods_3548,adr_class_9,M11,adr_label_9,,,"ARTICLES CONTAINING MISCELLANEOUS DANGEROUS GOODS, N.O.S.","adr_packing_instruction_P006,adr_packing_instruction_LP03",4,E,3548
